{"type": "FeatureCollection", "name": "tars_keepout_corridor_outer", "crs": {"type": "name", "properties": {"name": "urn:ogc:def:crs:EPSG::5186"}}, "features": [{"type": "Feature", "properties": {"rule": "mudflat_perimeter", "coast_clear_m": 30.0, "inset_ratio": 0.1, "site": "incheon", "lat": 37.4308576, "lon": 126.417128}, "geometry": {"type": "Polygon", "coordinates": [[[126369.19949313818, 557108.6046059633], [126642.17018725595, 557053.175382777], [126793.75565226492, 557066.904295609], [126939.09708562041, 556998.2565578044], [126974.79966706525, 556948.2714474888], [126913.54770338001, 556821.7266393087], [126930.61979809027, 556771.3444919798], [126921.53978747728, 556696.6571294096], [126849.06755048531, 556596.6213359629], [126852.76015041293, 556548.7039107404], [126905.00296206615, 556472.5732361684], [126906.59436282214, 556397.8634936673], [126883.64479406452, 556349.3788297744], [126737.21539886002, 556218.2700340946], [126710.59668370757, 555967.2237457826], [126644.18927394775, 555832.5704763926], [126558.22601945573, 555740.247050904], [126572.89360873228, 555676.5650750182], [126720.18167888201, 555517.2152344134], [126724.93848176741, 555418.5749269302], [126704.48364310672, 555378.3926567256], [126597.11210271718, 555290.6133131942], [126481.32497497057, 555221.6530297622], [126396.27130341795, 555086.6028680278], [126381.89741068202, 554886.3135323328], [126405.86406940602, 554761.5847196081], [126348.28240091566, 554587.3733947559], [126369.0995887021, 554361.085720386], [126352.03881686609, 554286.2288018219], [126229.06950137678, 554179.6191682215], [126007.78294934497, 554060.4177048821], [125834.8386986983, 553923.4972913789], [125713.4544635748, 553742.428163569], [125697.87246645357, 553598.1091900904], [125643.59388016332, 553519.710689296], [125546.41528339239, 553453.6473210969], [125298.43407790305, 553336.3779646992], [125102.42267405798, 553156.4712764261], [125053.35727398712, 553083.4329467854], [125013.34582072837, 552960.0926768997], [124914.8000554789, 552832.7562346106], [124835.9800288652, 552655.0948528129], [124719.88340555485, 552476.6397296304], [124501.99162099771, 552322.7658491269], [124295.83110053847, 552243.8850372704], [124050.760098853, 552116.1804359464], [123650.79302131268, 552128.9156980745], [123401.35630160519, 552080.8610288425], [123254.24096572377, 551981.9895476708], [123053.6559869026, 551892.2289409495], [122758.80892963527, 551723.4698379004], [122559.40028311887, 551703.2280592998], [122414.48451122286, 551787.697287332], [122208.47401805967, 551711.7577627907], [122135.57766865366, 551719.7055069162], [122099.84663375907, 551744.6921612534], [122069.28172647199, 551802.9418543088], [122138.3596659025, 551891.6216212491], [122146.65146701361, 551970.9148549703], [122123.94314517191, 552045.4236073266], [122059.03387658384, 552119.2843448083], [122026.95544435648, 552193.5936749858], [121979.84589199668, 552643.043865093], [121921.91347810494, 552884.7229992169], [121933.68515470628, 552937.7804324648], [121981.09330597779, 553025.5305832361], [122079.77888511911, 553128.620685153], [122202.8187447486, 553189.9841554918], [122498.58631224041, 553402.7595985378], [122539.66223164485, 553506.8734363231], [122550.88726510337, 553605.6022781526], [122651.57557217822, 553756.9808440247], [122685.12236806814, 553933.6772639578], [122805.54107383516, 554159.9685398985], [122928.04085276277, 554287.8145905511], [123026.0742760189, 554439.1371465399], [123273.20097382771, 554596.384441041], [123346.34846119677, 554664.6857460854], [123384.53955736752, 554747.990796534], [123394.11424887711, 554924.1775337877], [123421.8247764759, 554999.2601857252], [123487.39138174056, 555048.6515735905], [123813.9020642485, 555106.1004302577], [124135.65579823931, 555262.1884552126], [124206.48942460795, 555314.4422195561], [124293.8566392686, 555465.5390427812], [124362.02497744116, 555517.486348054], [124404.64662621648, 555643.6324098429], [124461.6481968379, 555719.5892802842], [124545.79194502272, 555771.8768721605], [124720.43256556363, 555829.0919049875], [124968.47034781324, 555943.6151227474], [125028.41427414471, 556006.1361763724], [125121.06344499647, 556160.0959084446], [125386.3747612458, 556338.7320549235], [125454.54153552541, 556516.1685757849], [125610.65714926196, 556692.7289800269], [125715.02486657805, 556921.4327137987], [125845.53612271072, 557049.4519541524], [125966.85552913634, 557108.0321709377], [126067.72583472819, 557126.1797728745], [126369.19949313818, 557108.6046059633]]]}}, {"type": "Feature", "properties": {"rule": "mudflat_perimeter", "coast_clear_m": 30.0, "inset_ratio": 0.1, "site": "incheon", "lat": 37.4308576, "lon": 126.417128}, "geometry": {"type": "Polygon", "coordinates": [[[123992.9979206496, 521853.4556225667], [124076.79159395749, 521733.49042667204], [124104.40411951624, 521741.29260779463], [124183.61792865532, 521854.98781755276], [124214.82385978477, 521865.74060794234], [124246.10760110329, 521830.06225087994], [124287.8566638498, 521884.5648214497], [124317.49641248904, 521891.4411425841], [124347.81222059573, 521767.8761640603], [124395.85860983499, 521735.4895331684], [124398.79763086131, 521709.5543023589], [124384.74058687258, 521585.26959628274], [124350.6218935607, 521508.3055731439], [124312.6367884932, 521501.5028674677], [124155.33823969928, 521558.29481276125], [123988.74827187452, 521491.1528899951], [123874.87317089038, 521579.2351819171], [123780.56240000641, 521587.9267451882], [123725.2542794131, 521554.572817756], [123687.07838410791, 521500.8334197786], [123657.64292704663, 521314.9176272745], [123555.02196069804, 521265.00222920254], [123279.38281817547, 521340.1640770387], [123151.0584914286, 521435.18975362374], [123077.3620143447, 521426.381852341], [122861.18289365698, 521337.88124515873], [122627.44897851537, 521346.6238677745], [122555.45998165687, 521510.8333193273], [122474.26390388506, 521547.11172731395], [122342.46353911297, 521539.328652542], [122323.18188625242, 521591.6610763917], [122346.07747822767, 521692.13436943124], [122398.61818988717, 521743.49011770403], [122439.44953233552, 521756.7898513904], [122515.3344544568, 521745.9588503753], [122667.14162544467, 521610.8096827045], [122898.28442395238, 521668.0680003116], [123085.16842682072, 521620.90121339785], [123286.38969229811, 521684.7758900617], [123394.7859150241, 521743.0627183535], [123608.6054597895, 521795.5021460048], [123667.35612555016, 521869.69029990386], [123697.28950206116, 521859.0981144154], [123723.69983332278, 521881.69347493746], [123792.048850933, 521889.70099996834], [123853.10302746367, 521891.94148859265], [123992.9979206496, 521853.4556225667]]]}}, {"type": "Feature", "properties": {"rule": "mudflat_perimeter", "coast_clear_m": 30.0, "inset_ratio": 0.1, "site": "incheon", "lat": 37.4308576, "lon": 126.417128}, "geometry": {"type": "Polygon", "coordinates": [[[123110.25371825964, 517070.3234821293], [123404.20951852077, 517036.19698320236], [123562.9932224793, 516959.1231487349], [123671.58977720697, 516859.1004842819], [123737.60307884144, 516680.12359606975], [123722.15391619196, 516581.0263360899], [123733.73148058222, 516544.02484246064], [123971.86580607295, 516375.2902499457], [124063.65893384443, 516283.93149105937], [124010.30079791574, 516205.500059318], [123658.75704095134, 516475.3735100574], [123624.07051244569, 516555.49811692355], [123623.3714553936, 516719.6879203174], [123575.60262393265, 516812.6899302155], [123504.32535376778, 516876.45046514954], [123367.97132218175, 516940.6311714474], [123165.41825925668, 516974.6390615619], [123123.1343277824, 517014.7934345457], [123110.25371825964, 517070.3234821293]]]}}, {"type": "Feature", "properties": {"rule": "mudflat_perimeter", "coast_clear_m": 30.0, "inset_ratio": 0.1, "site": "incheon", "lat": 37.4308576, "lon": 126.417128}, "geometry": {"type": "Polygon", "coordinates": [[[123632.99992256619, 518816.9074515925], [123382.08514413994, 518849.5994790724], [123193.60191400458, 518789.29321913153], [123154.01690763368, 518801.68935279106], [123148.88451429251, 518832.92138663796], [123155.28148028314, 518868.8026614925], [123200.12487084397, 518917.3704643507], [123330.04837228915, 518943.9894137818], [123552.19702973927, 519031.92666510097], [123646.09281319677, 519043.4105306681], [123767.34457420676, 519000.79096423514], [123780.40611496705, 518946.2603652752], [123731.99773794756, 518868.99499843305], [123632.99992256619, 518816.9074515925]]]}}, {"type": "Feature", "properties": {"rule": "mudflat_perimeter", "coast_clear_m": 30.0, "inset_ratio": 0.1, "site": "incheon", "lat": 37.4308576, "lon": 126.417128}, "geometry": {"type": "Polygon", "coordinates": [[[124149.43185142188, 513099.93604700366], [123917.8748249478, 513107.77479859843], [123786.43243995585, 513083.50186821737], [123720.33203806226, 513031.6116257678], [123588.0972648526, 512861.40814529674], [123543.5055253851, 512862.3720173503], [123514.02533956873, 512895.6013142297], [123529.44082086229, 512954.9097009441], [123641.43545934063, 513093.76816183614], [123751.44102187232, 513177.6491239952], [123984.27109305748, 513205.75141130073], [124100.54477259336, 513176.26664054143], [124149.43185142188, 513099.93604700366]]]}}, {"type": "Feature", "properties": {"rule": "mudflat_perimeter", "coast_clear_m": 30.0, "inset_ratio": 0.1, "site": "incheon", "lat": 37.4308576, "lon": 126.417128}, "geometry": {"type": "Polygon", "coordinates": [[[126834.8751808213, 548751.2241248725], [126808.24082922483, 548625.418167382], [126808.23774583383, 548499.9288893519], [126887.57149373308, 548403.1244687913], [126890.81072462027, 548376.4453028116], [126849.7679631968, 548175.8395309591], [126867.34824939801, 548101.4693882738], [126802.84425448981, 547876.3670237063], [126862.01339659699, 547725.6379260543], [126841.72696861764, 547677.4607403992], [126674.4862835282, 547521.9172607528], [126711.72755463266, 547400.2198294752], [126695.74292209532, 547274.640702357], [126651.08168292852, 547244.1932925794], [126586.53578163644, 547272.3182749884], [126555.15469676604, 547495.3818821658], [126470.60794541698, 547586.8264740456], [126368.60528007834, 547621.904095184], [126315.44851301714, 547615.5243834597], [126170.43700872819, 547543.1968264341], [126023.774991223, 547422.8385491498], [125952.15408183227, 547282.5779769665], [125837.62949014833, 547154.9038048721], [125757.6678644241, 547030.7146269203], [125584.88945320364, 546885.8043042545], [125492.96704407052, 546697.3668689557], [125367.2230939024, 546596.2022023709], [125346.42295182506, 546446.523842725], [125284.66125897689, 546343.7200065149], [125268.67580600688, 546218.1417910523], [125222.3159542631, 546142.6632523531], [125203.67625714598, 546017.0283288755], [125180.49652502223, 545979.2891174826], [125053.96078118363, 545915.3549633289], [125006.98482646729, 545868.860624793], [124919.20336459138, 545611.2688893069], [124906.3827326844, 545461.7602737758], [124653.87997227693, 545307.157348906], [124214.3302784543, 544860.1071753537], [124082.55444840898, 544581.8337116102], [124051.69309607765, 544414.4441264303], [123906.01523288191, 544167.6224018965], [123882.64611911487, 544146.127975825], [123856.06477222132, 544150.8125308973], [123847.55328021252, 544177.1290064063], [123885.69398104081, 544251.9323676961], [123889.41136067316, 544326.2539448784], [123927.70084155753, 544393.3112262345], [123936.48882901669, 544478.239300352], [124000.01162068442, 544604.0773919696], [123972.973636164, 544754.4877917717], [123989.37581059473, 544855.326611683], [123976.7061994276, 544953.0481402816], [124018.48993898557, 545104.9211872108], [124002.95634701976, 545216.7176269664], [124143.87301690906, 545357.5617645839], [124195.27154206554, 545446.6459289147], [124229.84187070135, 545951.0819640114], [124288.5609844796, 546072.0684842451], [124283.73427238603, 546173.456232463], [124360.98204457441, 546300.3366445058], [124376.46247938568, 546449.6514601024], [124423.8885874461, 546599.8952279898], [124425.98422564562, 546751.9251660251], [124532.58716728365, 546876.6799966996], [124607.04749218847, 547009.00106588], [124706.14949586443, 547109.5986422813], [124744.5818782455, 547182.4092352474], [124776.53498059933, 547433.5651720087], [124876.73360364871, 547608.9293965751], [124912.76333660634, 547918.9168991857], [124937.99151739421, 547985.9471730305], [125011.25808735892, 548048.7494999245], [125334.3790854848, 548140.8633351786], [125555.66231520235, 548260.3087324215], [125780.84943118072, 548321.0926920668], [125951.59916016948, 548436.4641910621], [126150.72349753043, 548470.1964871362], [126298.29422188795, 548547.8286394906], [126639.37454713813, 548797.5620558949], [126794.13602103875, 548787.6044366525], [126834.8751808213, 548751.2241248725]]]}}, {"type": "Feature", "properties": {"rule": "mudflat_perimeter", "coast_clear_m": 30.0, "inset_ratio": 0.1, "site": "incheon", "lat": 37.4308576, "lon": 126.417128}, "geometry": {"type": "Polygon", "coordinates": [[[124754.13653005811, 521923.04963559145], [124614.54011042135, 521988.0900693861], [124598.18058951166, 522057.4246933402], [124635.18413319366, 522138.51187980454], [124709.70595944536, 522221.3300823648], [124904.89453919523, 522344.4471370517], [124956.24624836458, 522395.52869249054], [125087.91571709827, 522458.6907722929], [125129.0735661272, 522449.4297504795], [125168.5067707193, 522388.14487824484], [125160.85301298347, 522242.74710788287], [124964.74069682433, 522162.91868636396], [124815.94461668396, 521930.3563726177], [124754.13653005811, 521923.04963559145]]]}}, {"type": "Feature", "properties": {"rule": "mudflat_perimeter", "coast_clear_m": 30.0, "inset_ratio": 0.1, "site": "incheon", "lat": 37.4308576, "lon": 126.417128}, "geometry": {"type": "Polygon", "coordinates": [[[125513.36537663385, 534433.1771959853], [125362.96028710995, 534408.7395906728], [125313.628720265, 534362.6976901751], [125244.1328348494, 534143.9945501778], [125166.96949923034, 534036.3682586399], [124921.6749999624, 533991.6707393766], [124775.14386305552, 533909.0712425956], [124742.92964458466, 533929.6361323609], [124726.04110465659, 533976.7733323819], [124784.79508922219, 534203.2474916456], [124778.94525307823, 534353.8589668891], [124811.71634401419, 534431.5465044968], [124910.90322853619, 534499.6435544502], [124949.41867056371, 534556.2049489775], [125003.37130188271, 534758.5799224696], [125015.54908307487, 534933.5716165744], [125054.18098009044, 534984.6361590268], [125076.94136683752, 535160.102217402], [125179.66289520437, 535310.5168940919], [125215.9520428328, 535472.7714389708], [125314.44480930646, 535572.8513209447], [125359.38272045502, 535700.7926683753], [125471.84430378916, 535766.9222749276], [125557.50202893138, 535848.2318636613], [125675.60179720393, 536022.7211785549], [125756.58526944743, 536199.1730289808], [125947.15341615818, 536327.7045050974], [126032.41886358049, 536427.5044285794], [126118.63773707116, 536606.8177337671], [126131.37621631366, 536755.3245484892], [126210.61599457113, 536889.4939157723], [126202.28951957976, 537032.304366679], [126251.0055858204, 537107.3314671218], [126262.09626908782, 537208.3077547208], [126277.41635045073, 537235.1305149761], [126408.73861046569, 537285.6626782898], [126460.61314787355, 537337.0089238614], [126509.84595699675, 537637.2772087199], [126456.35801948176, 537787.128829023], [126562.9003269456, 537881.8816445487], [126635.77958443508, 538066.1622720463], [126708.82474677941, 538118.2080971668], [126739.5814692685, 538166.3564890283], [126778.21145034571, 538341.9111754348], [126941.19855307654, 538647.3443316609], [126955.50549197156, 538721.891776345], [126940.69299316168, 538795.5707607607], [127007.37809727681, 538897.7275767619], [127011.60604792254, 538948.0631374767], [126918.96621487378, 539070.5860521721], [126854.38522034656, 539243.9500980477], [126915.27221272791, 539369.7318058816], [126906.77446361486, 539520.5385247464], [126950.9809899376, 539558.4737739207], [127027.2273324723, 539584.0904165658], [127196.84915151141, 539576.9420686965], [127229.16005762648, 539551.1302005507], [127249.26707191716, 539477.5633326788], [127227.57577513524, 539251.8719026395], [127240.28251115185, 539027.1606960474], [127212.74827134225, 538952.3325562768], [127264.66400999944, 538752.2014093477], [127248.76986999283, 538502.885209979], [127152.0169352619, 538320.8471714094], [127108.86199835785, 538108.1992903755], [127063.52235771608, 537998.4963088703], [126923.25536142304, 537871.0304822454], [126815.5745145124, 537704.7595035137], [126707.78659367884, 537667.9752544985], [126797.92605133551, 537412.910449723], [126900.06630685697, 537341.08421047], [126969.32497629944, 537196.8162699149], [127073.05550950464, 537050.7800837066], [127093.15134359234, 536976.9628405151], [127087.89658822061, 536725.3728449754], [127103.20178711701, 536627.7058820721], [127153.54641496566, 536501.5349778568], [127147.69099871602, 536403.4191529073], [127195.04146904385, 536293.1831035222], [127290.09113805744, 536181.4593125721], [127318.17314576464, 536105.3115570954], [127317.10811335218, 536031.0452302808], [127257.28456544358, 535855.0411331224], [127182.6065405649, 535755.4653391293], [127113.67314687923, 535510.2742014317], [127064.50576004306, 535456.4858200011], [126928.56180821676, 535374.1092005719], [126861.32902596149, 535298.4396710186], [126812.65486578963, 535220.6638897652], [126796.55010395365, 535106.3323454055], [126599.39355183604, 535038.6564462034], [126343.10183855903, 534887.7337997145], [126171.12774769342, 534756.8480133571], [125982.6361787186, 534654.8594544092], [125735.4752624265, 534448.3864498476], [125661.75132724165, 534428.3246572674], [125513.36537663385, 534433.1771959853]]]}}, {"type": "Feature", "properties": {"rule": "mudflat_perimeter", "coast_clear_m": 30.0, "inset_ratio": 0.1, "site": "incheon", "lat": 37.4308576, "lon": 126.417128}, "geometry": {"type": "Polygon", "coordinates": [[[129760.89320810177, 565231.5542593828], [129792.8687946175, 565161.3753816969], [129915.52635170172, 564519.384036753], [130070.59612688544, 564072.380868532], [130466.7054101042, 563244.3429415865], [130492.7335070215, 563116.32132359], [130484.25894482146, 563029.1268912379], [130394.74637090383, 562633.1271176682], [130221.28426003584, 562060.7706359404], [130138.19989698115, 561974.6539618775], [129986.1676620955, 561900.0378870151], [129830.67997330327, 561855.15415446], [129744.02526094101, 561770.3217068735], [129718.39658776886, 561672.3787488634], [129745.39172958743, 561426.0708143052], [129688.98711158897, 561298.4929304963], [129644.00375742234, 561123.5969857026], [129649.08351957357, 560990.7050538706], [129563.96867113913, 560880.4214273593], [129466.00997197312, 560656.7675163111], [129478.79030715984, 560438.0765364094], [129412.06664959644, 560334.9476299937], [129217.35765676516, 559917.348698518], [129107.81609300246, 559798.728160395], [128874.57755300301, 559481.8094126115], [128809.95768757816, 559286.241830642], [128744.02188701498, 559248.7911263438], [128492.12280096134, 559249.0396584963], [128472.64606003586, 559219.562379915], [128440.09773851211, 559230.4395716815], [128418.82592174315, 559195.1465144233], [128313.85481866502, 559152.1087218407], [128240.46906051121, 559159.1174394528], [128187.80813715294, 559087.7118889637], [128080.33457356707, 558837.1805321865], [127980.7092470482, 558760.5630981682], [127855.92557180417, 558739.1549753743], [127732.12093909993, 558672.5215769283], [127680.66783877778, 558586.1819739478], [127638.67066695665, 558430.7987382407], [127493.79084488648, 558227.72694299], [127443.1774271244, 558226.6487085081], [127241.66222926909, 558305.0979220765], [127092.18257869761, 558317.910871117], [126967.2873279726, 558301.7503637803], [126816.50014251357, 558250.5411524376], [126769.18020564508, 558220.2849961384], [126709.56129759652, 558141.7713435928], [126685.08881230692, 557914.7682947239], [126641.40821165756, 557839.093641951], [126624.8596340025, 557740.2495118458], [126562.02163552844, 557688.1645619669], [126456.39007708097, 557643.4175773798], [126031.3789158023, 557581.1160579018], [125680.73247897225, 557656.1374448328], [125429.9688162699, 557669.5430107226], [125384.30255699487, 557687.0684068638], [125316.06317354964, 557763.1070580957], [125230.320035637, 557910.5171197515], [125229.81717590659, 558059.492569425], [125154.72167491456, 558081.8903921797], [125100.38876327385, 558131.4780009089], [125071.59006697289, 558232.1050758485], [125074.81765936744, 558330.6653038168], [125178.16416668879, 558732.5819687836], [125205.30090289851, 558959.8897603696], [125330.60755200207, 559227.8660584532], [125285.61706038426, 559460.6950167075], [125324.09512242793, 559735.166967948], [125451.28316070656, 560078.1316255757], [125475.40138194732, 560265.93022585], [125570.59043562185, 560423.9329608192], [125672.08599324092, 560887.7928015518], [125715.9343770464, 561192.0468782117], [125757.61365270682, 561289.5579140641], [125785.10378585801, 561777.3355735542], [125744.08977088676, 562040.1952308964], [125770.86664023176, 562290.9055035914], [125764.68431366896, 562459.4262258761], [125829.16093719186, 562588.5391554009], [125843.03256974596, 562662.9775664337], [125799.6587034602, 562964.9544379719], [125890.80521523891, 563153.3897892332], [125911.4415397286, 563260.303045882], [125872.86106384183, 563361.2417984674], [125758.35212623059, 563441.1648581885], [125724.2184231924, 563566.4245290856], [125741.228158193, 563666.7395945304], [125706.98073903311, 563743.2340508563], [125489.03830666078, 563910.611420447], [125440.98688092452, 563977.1910643618], [125369.50482292706, 564201.8378281026], [125343.10321898406, 564383.2915338582], [125367.70949663756, 564583.0737514364], [125449.56621492968, 564650.5890258083], [125688.8066883997, 564624.0528332915], [125795.1873206461, 564641.4725213889], [125894.8067498982, 564695.6999555886], [126113.46657043441, 564910.6599704885], [126413.07359015966, 565010.0099856585], [126610.9338727856, 565128.5224869066], [126713.92058107571, 565229.7724937511], [126791.5773972737, 565375.4362092069], [126812.03166764176, 565559.4997354873], [126762.49984093475, 565738.2597603113], [126827.56467602876, 565902.7035883396], [126955.49131793136, 565977.8178348633], [127126.89596468177, 566015.0015590444], [127560.3141803204, 566163.6877234206], [127790.41084857006, 566199.838720711], [127968.91156215816, 566261.556234164], [128058.3545346481, 566319.0871047287], [128135.44723637133, 566419.785373145], [128143.08350695552, 566597.4811128023], [128169.02189059963, 566667.3716419687], [128213.79063822282, 566711.7579838891], [128379.45860909251, 566767.8684972952], [128520.70406504994, 566861.5549643551], [128611.32729574591, 567185.0303207425], [128669.56142992189, 567241.1332316468], [128809.72525501801, 567278.4134706912], [128892.01057700008, 567278.6460530068], [128980.97391434068, 567251.5913245631], [129025.99211969294, 567212.9315479058], [129062.97931027791, 567086.476003118], [129087.13826933417, 566882.7899963744], [129155.00067966024, 566666.3223654096], [129311.99124935121, 566379.371546345], [129550.86514517227, 566040.0698591693], [129663.74527071144, 565784.9409846278], [129760.89320810177, 565231.5542593828]]]}}, {"type": "Feature", "properties": {"rule": "mudflat_perimeter", "coast_clear_m": 30.0, "inset_ratio": 0.1, "site": "incheon", "lat": 37.4308576, "lon": 126.417128}, "geometry": {"type": "Polygon", "coordinates": [[[125521.20027803208, 512797.802817118], [125517.41116125027, 512735.18331543624], [125549.69728987767, 512717.16153782385], [125611.88984699895, 512547.96811779373], [125719.21161370967, 512435.659829119], [125827.71576130115, 512390.11650722567], [125968.0607415932, 512431.9852632898], [126076.44084405793, 512401.89269452373], [126340.67148943288, 512378.2277826865], [126417.04345489954, 512316.0394912794], [126491.70184360402, 512213.8239972838], [126645.7243077332, 512119.5030652762], [126708.77280995985, 512052.2785591267], [126874.06002899676, 511963.9317215042], [126989.18931887491, 511854.9441244092], [127186.35509809545, 511772.9982649389], [127173.06361338556, 511685.8474265642], [127134.53991494031, 511683.98110007215], [126918.8309556843, 511779.26295696356], [126818.31500886768, 511880.38174938684], [126641.25951145487, 511970.3859376264], [126589.48257682848, 512036.28664373065], [126424.15201851683, 512138.53683183924], [126298.04466670405, 512287.28241945093], [126065.00617168148, 512301.1893654336], [125964.18596083691, 512331.62047273014], [125809.08492299262, 512291.0374343918], [125658.96550784378, 512355.1119767526], [125526.45661684035, 512493.8009282969], [125427.10585500507, 512767.6762798524], [125426.35117726418, 512916.64591075643], [125368.33377199896, 513164.8963332982], [125392.86284936703, 513366.89443886955], [125362.26611226668, 513565.47874943225], [125448.45697704695, 513887.1423182667], [125388.92889264309, 514081.3344557798], [125420.44998951795, 514174.2598843608], [125499.12425639304, 514098.5801032016], [125491.94208383853, 514075.5968818315], [125548.20640074865, 513898.896363578], [125508.39340084647, 513682.81728588935], [125476.65497979069, 513611.0814892197], [125417.84911533407, 513578.95477048284], [125439.85926615185, 513554.7852906239], [125436.35998226608, 513514.145694976], [125471.66148912409, 513483.50330867874], [125491.89416699173, 513399.2207057698], [125468.64562856397, 513172.00539175706], [125526.05596428204, 512928.7727634281], [125524.31851582331, 512817.22284170805], [125503.73013989846, 512814.0524338827], [125521.20027803208, 512797.802817118]]]}}, {"type": "Feature", "properties": {"rule": "mudflat_perimeter", "coast_clear_m": 30.0, "inset_ratio": 0.1, "site": "incheon", "lat": 37.4308576, "lon": 126.417128}, "geometry": {"type": "Polygon", "coordinates": [[[126984.62927016031, 514487.0919085733], [127000.10471320646, 514350.63440681726], [126980.05310321882, 514306.3242244185], [127050.22175893739, 514235.98452343803], [127075.63672337626, 514154.35677388706], [127128.36610470305, 514128.472685509], [127241.33580497261, 514005.86967232457], [127348.59318061736, 513926.64183808205], [127396.43989820781, 513904.84182399133], [127453.24996616415, 513913.2282901372], [127577.0740518706, 513787.47942133324], [127578.41183008751, 513901.7474716893], [127709.60059169798, 514059.42602373916], [127766.58614926349, 514016.9613243429], [127813.6047238191, 513906.38583842776], [128046.80704471355, 513814.27180064056], [128200.64793242683, 513800.6466660975], [128215.42248364534, 513782.9602438907], [128244.48265045897, 513713.95484712906], [128334.37783277359, 513604.2375576087], [128358.13908431795, 513501.4980735674], [128275.24104865015, 513506.99705999345], [128218.08343703748, 513422.6099215609], [128112.58618668823, 513426.19444420433], [128085.73496324239, 513447.7505354863], [127999.6637601558, 513546.9245131655], [127977.26884547719, 513641.1933328293], [127929.2570061169, 513698.92437655956], [127770.48726084712, 513739.73205612565], [127712.42758500323, 513684.1125262537], [127654.37368714587, 513699.07266009605], [127640.4898556702, 513674.5786708504], [127690.41880446434, 513618.2629026332], [127729.19567010281, 513514.7158915777], [127818.17285964744, 513391.85551543994], [127925.7632255183, 513182.8956767848], [128050.4679988066, 513072.78835845215], [128092.59379145228, 513008.9333068215], [128175.36400339667, 512953.0608252963], [128193.26379071423, 512900.56825013657], [128242.37764947109, 512847.60984975606], [128382.91481129327, 512839.59339051956], [128372.04046835395, 512729.10759703314], [128322.91410560333, 512694.59280882083], [128247.13161020438, 512679.2246210377], [128328.80526154333, 512664.19253054855], [128356.00174009641, 512580.03163734503], [128413.4010918845, 512496.7095743397], [128294.10355867153, 512495.85567096446], [128251.92415106953, 512565.7155609497], [128165.27657764041, 512616.34240051074], [128148.0607393871, 512695.74938020407], [128187.74653337803, 512763.471565882], [128115.85825816976, 512836.56443273864], [128089.0901438709, 512891.8007238543], [128023.40971528826, 512936.1207480467], [127976.50356223545, 513004.5061044693], [127840.25922216993, 513130.19681037], [127639.14565438518, 513470.2288172835], [127609.81126678726, 513555.30312159297], [127584.69725237037, 513574.3743398534], [127661.32072239032, 513568.47915639885], [127662.190553986, 513584.2690527095], [127416.15728726094, 513806.17094838544], [127292.9978759011, 513842.9921686057], [126994.00894260943, 514095.83318448], [126961.92637809206, 514185.41318754683], [126903.47175440639, 514236.7703538397], [126880.34841977223, 514294.19652023277], [126884.84846093431, 514428.3301421893], [126926.46380330874, 514427.03084239515], [126960.30302559052, 514450.38111346634], [126934.33237071648, 514508.31026750157], [126835.85248753059, 514556.7984123299], [126859.24055890823, 514456.12431417377], [126837.06724905291, 514461.8289195699], [126802.42219154983, 514400.44241550076], [126736.31828571224, 514365.8811007945], [126770.9814546121, 514292.47022847], [126778.35472361847, 514094.8996684081], [126703.03372284886, 514006.4438108691], [126591.0077249086, 514001.52357025555], [126589.86231107953, 514041.3588814508], [126614.25215608043, 514040.4692479376], [126625.75128377491, 514090.8491408542], [126655.38108714219, 514094.8594849332], [126655.08065439615, 514118.33926786185], [126685.43015880954, 514133.019615484], [126679.99953748345, 514176.59914181323], [126648.67942241221, 514208.2584147153], [126669.61880237234, 514234.81846992054], [126670.37793337838, 514284.5280670567], [126658.31782969554, 514300.56777020823], [126635.18838788266, 514277.1876373518], [126524.36890512255, 514308.19564285973], [126436.19884747422, 514357.46395180473], [126403.96830958402, 514411.332973679], [126421.23671521667, 514504.6725045972], [126398.42624501853, 514541.65172568127], [126406.4256861009, 514574.2016233009], [126578.80180714151, 514553.80289837596], [126661.82557281893, 514519.33341448125], [126715.77756782976, 514464.0406068426], [126757.65808937573, 514526.1069142173], [126842.21081606245, 514591.30086686555], [126956.82315983539, 514525.56364356907], [126984.62927016031, 514487.0919085733]]]}}, {"type": "Feature", "properties": {"rule": "mudflat_perimeter", "coast_clear_m": 30.0, "inset_ratio": 0.1, "site": "incheon", "lat": 37.4308576, "lon": 126.417128}, "geometry": {"type": "Polygon", "coordinates": [[[134414.86228611815, 561866.7925088572], [134532.55337972596, 561592.3155543881], [134549.56182557938, 561419.6869150574], [134477.3141916111, 561123.1606235678], [134434.59872648577, 561065.752251154], [134417.06326415238, 560889.3872329326], [134315.85980609898, 560639.7416714655], [134268.49855424778, 560394.2440046208], [134267.74566790735, 560273.6245351809], [134291.42196955328, 560224.9909921194], [134359.191777864, 559856.3291380365], [134516.73891147933, 559586.5755127025], [134642.8045534637, 559419.0209973799], [134721.30491142784, 559359.446806837], [134793.96656005774, 559198.5034240206], [134884.4655268267, 559075.1878630945], [134912.06280412205, 558943.196512623], [135033.5774987194, 558737.4081744375], [135132.619912765, 558420.7572306055], [135201.17657005266, 558395.9696824356], [135217.93101420542, 558346.5789310584], [135263.0589754891, 558316.2917212993], [135290.48554336626, 558256.6291243588], [135488.24434653856, 558307.841079027], [135587.57392823938, 558312.7074208851], [135701.81722665648, 558231.3955952204], [135723.29929826292, 558082.609752094], [135697.20531311719, 557956.5591888947], [135648.0116972361, 557932.0121137445], [135572.0628336007, 557935.6435625886], [135468.95384606137, 557985.6941101963], [135380.19468836475, 557976.0532763675], [135193.16948118457, 558034.8152361005], [135068.036799286, 558136.6443976144], [134891.97646951154, 558172.1407749233], [134813.55721112125, 558290.9640317637], [134713.18411513334, 558335.8229125086], [134585.14529508978, 558450.8386075855], [134484.92182777007, 558487.9508850705], [134459.0935804007, 558471.9012842549], [134359.39133636456, 558485.2760608038], [134135.75132167432, 558420.512946296], [133736.019645843, 558393.4957981061], [133485.2174532812, 558414.149822446], [132763.5431194296, 558268.0286289636], [132674.01785086747, 558218.1236444764], [132519.754885724, 558079.0940046126], [132419.52070539212, 558031.7111114652], [132310.19942828934, 558034.6311570827], [132194.2048418508, 558101.405369552], [132042.90345957686, 558074.182866849], [131946.3894812091, 557976.1317883052], [131622.97509154098, 557897.4949564051], [131448.61221091705, 557827.0339221464], [131217.07136454876, 557688.858720834], [131081.64689909774, 557541.9824428433], [131008.07744254125, 557492.6679806734], [130883.76008440221, 557450.0217593117], [130533.02884824746, 557402.5516259834], [129992.99476506592, 557111.0654195125], [129916.26457222288, 557085.4320537641], [129865.15492323866, 557108.3413709583], [129870.97731977577, 557335.2000089387], [130018.53478386538, 557538.0798774778], [130049.81167652013, 557821.2268160582], [130080.86913250973, 557864.6357725888], [130201.7967382694, 557941.7076828877], [130250.80317154955, 558017.4965332687], [130240.14293587362, 558267.7528367497], [130179.96420716963, 558466.2069722955], [130207.16350802299, 558565.2799051956], [130253.49955223598, 558641.0122472289], [130350.47080101634, 558717.5737964271], [130348.30869574522, 558819.0210881504], [130370.46694452123, 558868.9759439352], [130454.14853399209, 558924.1142874003], [130583.66328173148, 558937.2755968804], [130630.28193016576, 558967.6525140867], [130524.02013007739, 559030.8821195238], [130497.19436720785, 559139.1919933095], [130568.7303332394, 559403.4244832201], [130571.43111557484, 559654.5270197897], [130657.0270652022, 559807.618392551], [130699.62207485868, 559973.8616083459], [130839.3448202372, 560123.9537088955], [131011.97343196665, 560518.1494682534], [131199.19909533364, 560885.5920315984], [131197.179012917, 561072.220849073], [131111.86200268345, 561300.2601689219], [130997.81418876268, 561338.956407781], [130906.91085532737, 561325.6684107365], [130752.91915245315, 561168.7550141821], [130695.96829439544, 561139.2635913042], [130624.92252247836, 561135.0790194232], [130494.05099899728, 561164.8407784735], [130454.5223906784, 561200.1645174086], [130436.27016303036, 561291.4399602682], [130457.66852720146, 561324.5493312168], [130699.49269495133, 561431.1669180408], [130748.71483619239, 561482.1914483296], [130886.43848520204, 561737.6118328901], [130992.23850186855, 561793.7495861566], [131225.3581699816, 561888.8378186084], [131651.51970646565, 561952.6289405383], [131821.65980748407, 561995.6602933405], [132328.8121625172, 562224.8125180434], [132539.55992980383, 562382.4607595674], [132597.4747308626, 562382.171813631], [132648.0839393444, 562331.438224501], [132653.63341248728, 562178.4031782964], [132633.9324873815, 562101.7871618558], [132646.21936100352, 562025.8536807781], [132848.81319475634, 561922.7378145882], [132918.70474955218, 561896.7977400034], [132988.06006432313, 561895.9912822663], [133269.3026318115, 561963.707462553], [133339.2068875903, 562008.6295703965], [133448.1771829315, 562115.3419806552], [133565.16080699908, 562382.2369895745], [133616.67256659752, 562432.1012645459], [133933.45034213964, 562545.2796751905], [134148.1955653997, 562589.0036573402], [134303.59244755018, 562588.8842746359], [134360.05634027784, 562563.3396478969], [134354.68726701883, 562440.7315158534], [134390.37066526437, 562265.7508260625], [134414.86228611815, 561866.7925088572]]]}}, {"type": "Feature", "properties": {"rule": "mudflat_perimeter", "coast_clear_m": 30.0, "inset_ratio": 0.1, "site": "incheon", "lat": 37.4308576, "lon": 126.417128}, "geometry": {"type": "Polygon", "coordinates": [[[132163.76682083495, 547763.8795115798], [132227.1272360962, 547917.2174913662], [132284.81907882457, 547960.9419771291], [132509.5099126764, 547920.4724744483], [132634.8075395476, 547917.8873515092], [132833.43301078794, 547975.3579260292], [133424.79398884368, 548020.0933337663], [133526.5010580662, 548005.4839052383], [133679.14684906433, 547913.0962024387], [133741.4130202661, 547815.1752251955], [133829.26984604896, 547743.7973941542], [133825.09540114744, 547693.9611539779], [133865.88206745812, 547621.5827104651], [133973.2267920765, 547495.6218560695], [134159.46241670306, 547350.3397994972], [134307.5781859016, 547151.9993910576], [134448.91650915082, 546780.773694089], [134497.59624326543, 546706.0622613915], [134839.92433063063, 546480.3513338024], [134942.63201175624, 546325.5425635881], [135112.3485703628, 546219.4055500146], [135198.70231958115, 545972.5034838654], [135226.51751182912, 545648.8604399954], [135480.3561535262, 545277.2733780207], [135516.41015893244, 545181.2941082657], [135477.73114825363, 545103.6504012755], [135423.86657658566, 545060.0044053898], [135207.4113778973, 545001.6672229619], [135138.78433606122, 544816.7862071436], [135201.81245085222, 544680.0385098425], [135121.3105713337, 544533.4288721585], [135195.0824622812, 544475.5695298339], [135105.0543060385, 544357.8417397063], [135087.5383027342, 544304.2223795257], [135086.40215282107, 544106.9582398722], [135063.00265760664, 543954.4683624533], [135076.60031313868, 543816.0140596188], [135016.60016035638, 543755.1173661265], [134997.40347460323, 543654.8394001583], [135005.52803532162, 543586.2656513535], [135040.67192400375, 543515.4688769041], [135015.53991497174, 543428.4859402416], [134932.43681673784, 543357.5991037649], [134782.9923128168, 543367.1111433773], [134691.27623641785, 543419.5972426633], [134644.21082586097, 543471.3448100567], [134529.3071660439, 543516.9010444222], [134489.2004497199, 543492.050537856], [134460.11747281236, 543355.564596306], [134432.7483820927, 543326.8597107792], [134281.9288252323, 543338.4048943211], [134179.2355228836, 543389.8142311422], [134155.24134483177, 543374.3988059463], [134133.80384830982, 543317.2592758625], [134151.2040327387, 543250.9448638036], [134277.1017395025, 543189.0601955521], [134332.53716010816, 543088.9931881013], [134459.70436225593, 542998.4494928259], [134503.76748841046, 542931.3890898207], [134498.97216684834, 542875.2276271131], [134426.90953392058, 542723.3296880875], [134258.93065244387, 542665.0146127861], [134245.8883037265, 542631.9035194954], [134285.63483526997, 542583.6176759872], [134352.24946124293, 542584.4073158004], [134427.9083679618, 542535.0798063908], [134492.32691930427, 542556.5091609305], [134505.7327605834, 542525.7019192118], [134394.11810183217, 542400.7127897158], [134247.72463838523, 542439.7261710216], [134093.69965304667, 542413.7057221136], [134045.8363969708, 542283.4461504661], [133989.34572392254, 542214.1874977103], [133981.37106056995, 542150.5839240993], [133902.8406008061, 542115.1682410289], [133832.21851677692, 542021.0481817664], [133756.55294844718, 541976.0686842414], [133753.0988804169, 541950.7465973798], [133804.9837452526, 541923.1000529337], [133844.50884394353, 541865.9431064875], [133818.37591542822, 541700.2722970905], [133773.4957624395, 541672.351773667], [133705.12871134648, 541696.0154692451], [133593.4208939603, 541689.5577147676], [133511.94458419422, 541824.3821213379], [133416.58756261927, 542206.3350859577], [133402.7936013653, 542357.0334029716], [133314.89798302934, 542630.4006193625], [133227.39369672572, 542761.0341671162], [133198.44942642696, 542876.9126517766], [133093.08154436026, 542975.4186141646], [133089.93403984513, 543123.5930018316], [132979.79710667924, 543197.9988582731], [132952.31254555006, 543245.1622639697], [132953.3378164983, 543321.9295477901], [132999.39285662636, 543397.1531677282], [132863.45934164504, 543439.2628558154], [132674.3570191717, 543615.2347809604], [132697.11210189963, 543914.9502701695], [132586.46652481984, 544137.585538791], [132572.3314113681, 544304.2753482619], [132532.9836368661, 544411.9327437428], [132412.81601753226, 544584.1183690585], [132384.76813491466, 544657.7678948828], [132401.37914040964, 544899.3108732383], [132681.34426982177, 545352.5293330859], [132756.99213520478, 545554.1251962916], [132729.29230884812, 545604.033148201], [132659.13829482708, 545645.2896040151], [132507.21404479296, 545647.3102950827], [132458.70155439433, 545673.027497106], [132439.54998048645, 545696.3691359608], [132425.7286524708, 545845.3163511592], [132208.91157633587, 546016.6969965555], [132050.18862909137, 546338.5527104327], [132051.26979981223, 546538.3135072514], [131985.7639239599, 546862.1505765753], [131957.93672317947, 546917.3057295394], [131906.59964313937, 546950.9617472544], [131856.09648963244, 546944.6384620167], [131806.5757216884, 546892.8387329149], [131695.95211710222, 546581.5065503238], [131692.2116288449, 546256.197658687], [131732.15049503575, 546131.8048932131], [131663.41164335288, 545855.8614401657], [131700.70091454076, 545606.1699232234], [131672.98627144558, 545531.0853757275], [131571.25844885386, 545427.4299098612], [131601.57570105456, 545255.0855776224], [131671.15143092992, 545115.323171197], [131669.07371598622, 544941.7898506157], [131715.6588581648, 544868.5347854483], [131674.87764779356, 544793.6727217019], [131620.91633936804, 544591.2891040695], [131635.7728845637, 544141.3838084326], [131609.81114513503, 543992.5918599817], [131693.4868028466, 543792.8826188433], [131782.9135727493, 543696.7887044356], [131840.6286761128, 543597.521560275], [131897.83206013276, 543273.0074290574], [131948.12315405929, 543149.5835914178], [131941.2450257602, 542974.698813117], [131969.84309874574, 542750.0702902186], [132005.78101621912, 542679.3385576714], [132067.77578044086, 542627.9087704937], [132091.07581700978, 542527.6599947348], [132202.74569392594, 542381.7912739632], [132281.13615321062, 542182.2186465274], [132348.25183987082, 541889.6624125527], [132365.28807460697, 541585.5429356534], [132593.4625223669, 541190.4129738717], [132600.89517989635, 541089.8268780805], [132517.36919463216, 540908.0639983977], [132506.67240758182, 540788.5944089752], [132539.5038862527, 540739.0446786517], [132674.0336816357, 540638.6573025257], [132704.64819110092, 540443.3192165832], [132656.6109096788, 540336.3058863631], [132457.59665389248, 540231.5867675205], [132282.62350111338, 540241.1212095394], [132056.25537663166, 540302.5609984115], [131910.12967971482, 540450.1987372048], [131874.1500329821, 540523.6800932045], [131874.2586964297, 540642.9245301639], [131973.31446415285, 540716.5234115949], [131987.39824279887, 540801.5669305901], [131955.08366921736, 540951.8713023815], [131829.62479772588, 541123.9461376972], [131797.85714402873, 541247.7635129305], [131706.8179228934, 541420.5690179553], [131693.02095223425, 541695.7581426699], [131649.6136198676, 541869.5747696535], [131650.69409978745, 542068.0848572621], [131599.33728493983, 542241.7329017307], [131522.53336077678, 542367.3428649529], [131525.18452365266, 542491.8915336254], [131483.46387357992, 542586.2489849164], [131483.348474342, 542715.9880972559], [131443.15771165525, 542863.3745832521], [131447.88522587146, 543014.464940748], [131424.06503875487, 543138.4510590445], [131441.9198913218, 543419.5619355877], [131361.6370579569, 543584.5953379112], [131402.2931087391, 543913.9376132416], [131260.95601803064, 544334.6566981613], [131270.9872032827, 544610.3514903479], [131086.0159274315, 544841.9051225258], [130991.64145842184, 545242.122656634], [130813.3233573468, 545483.3159737206], [130710.63975183926, 545550.3792488378], [130538.24366822423, 545512.2170464693], [130236.10182511185, 545561.7915197291], [130211.8482555064, 545574.5250653307], [130143.68506238195, 545772.812398602], [130156.59244744833, 545791.8351502025], [130379.63942966278, 545828.573955865], [130738.18620617871, 546134.6746725398], [130797.52834498386, 546226.4300631261], [130849.54310707652, 546411.5232162639], [130891.1418627481, 546460.4044513071], [130965.65932889208, 546464.4883053154], [131091.46566516854, 546437.9149369248], [131142.7600630803, 546407.0073609903], [131219.3121084771, 546315.3909548656], [131246.0504120875, 546310.7096555269], [131285.28134314128, 546346.0411526166], [131309.7606829587, 546573.2966874324], [131292.1862656429, 546647.4182708771], [131186.61821826376, 546725.1687941507], [130958.68976476316, 546792.3183216697], [130917.21722370788, 546863.1818474127], [130926.27954164865, 546938.1194059212], [130983.80479246334, 547115.3307305452], [131144.79808160127, 547438.4825715191], [131274.69555230334, 547595.7345366096], [131331.13875961944, 547698.1781400073], [131414.9999866931, 547763.9573219246], [131443.0541504267, 547823.0495782943], [131458.8686331851, 547956.6274828225], [131679.0928882705, 548251.7922601154], [131851.63905940752, 548532.6942160145], [131876.69822604442, 548607.7222386077], [131874.5405346476, 548709.1700247712], [131918.34219730925, 548779.3475614472], [131982.71945948075, 548759.2179444873], [131984.30291369755, 548684.7561242305], [132039.66636052975, 548587.4396763346], [131967.75784376668, 548460.6680358512], [132001.8831979821, 548359.9002880654], [131982.65946276777, 548260.9976351933], [131993.87862760556, 548234.4876927246], [132080.30130965443, 548180.5790405294], [132099.85651062275, 548138.247401894], [132072.14246158744, 548063.1626448178], [132074.29988174693, 547961.7148352248], [132105.69048519115, 547863.8885524657], [132037.46503849074, 547814.4409834715], [132037.85834486107, 547795.9502280976], [132062.83482969244, 547748.4844751891], [132113.9596731101, 547725.5729652765], [132163.76682083495, 547763.8795115798]]]}}, {"type": "Feature", "properties": {"rule": "mudflat_perimeter", "coast_clear_m": 30.0, "inset_ratio": 0.1, "site": "incheon", "lat": 37.4308576, "lon": 126.417128}, "geometry": {"type": "Polygon", "coordinates": [[[139501.74503266695, 555737.68832165], [139562.96279848623, 555689.2435049617], [139522.72568601475, 555612.3885623756], [139395.54713987422, 555565.1814128334], [139272.31878438737, 555452.8101802027], [138986.651316055, 555352.47937301], [138804.19009496036, 555196.8483116706], [138499.26663955185, 555017.6103206924], [138262.39482429103, 554837.3222279683], [138239.9026028717, 554787.0948828481], [138267.12060242298, 554737.9262704063], [138265.28938739898, 554701.3883194784], [138089.33268908752, 554608.6447328622], [138043.49094523795, 554549.9205840345], [137976.38139045995, 554506.7431640193], [137931.98151786777, 554380.3022496891], [137796.59108821242, 554225.6747962007], [137778.45154955107, 554094.2931827919], [137625.66153013142, 553897.5472242966], [137617.8152281107, 553774.3846680657], [137552.49302968525, 553647.2486789968], [137512.31794342902, 553444.9007887994], [137467.08252733332, 553357.6909848101], [137448.0489093734, 553268.2892039834], [137489.89650573453, 553146.1845352951], [137480.0534530187, 552994.2306053523], [137542.3127500563, 552896.0595354197], [137526.12081299676, 552796.4685937515], [137574.80833002293, 552721.507678452], [137536.81793113577, 552417.2102996794], [137565.63099322974, 552292.328144104], [137644.9944333128, 552129.0233152931], [137624.72452908105, 551974.3475295231], [137696.51674199794, 551674.8862941052], [137657.07078252998, 551561.5510369396], [137508.60688421215, 551406.6475257655], [137503.71022142112, 551144.8030227199], [137471.31438578505, 550945.371175914], [137330.21360073058, 550691.1284723816], [137289.98276565474, 550491.2802802167], [137235.6170579811, 550341.1294353387], [137251.91540046342, 550189.7319767282], [137221.08998742673, 550039.8321136041], [137273.9523904847, 549891.9624127165], [137321.63279436098, 549618.2372239155], [137363.70646580376, 549116.6515333445], [137417.05768933974, 548945.0428131585], [137422.95117512438, 548667.9287058208], [137457.5146729605, 548519.4195169406], [137419.40076022592, 548343.36571591], [137364.52370565018, 548216.4535472101], [137378.65363619532, 548044.260714752], [137323.79204653428, 547917.3488525493], [137321.2274349478, 547791.7993066555], [137252.22706153107, 547591.339952143], [137258.06593992375, 547316.724907356], [137183.38728958578, 547014.3990538071], [137201.19694755954, 546915.2816072437], [137160.44806700497, 546616.177239626], [137187.22328149088, 546465.0023805355], [137146.42590595505, 546414.3872161639], [137091.61136150936, 546407.9721914051], [137035.532324613, 546461.7779130269], [137037.37510435388, 546621.3107050881], [136807.95556153217, 546705.4299421175], [136692.82880649893, 546828.477191554], [136669.78737892525, 546927.4831464092], [136637.33955463342, 546976.5412682696], [136415.00008721135, 547097.3089648589], [136019.92464393412, 547588.8872367678], [135959.165730752, 547739.338517102], [135937.90914259802, 547754.3858584089], [135789.34204270536, 547727.7279779733], [135663.31133830515, 547748.5469839798], [135541.83339618877, 547677.9670381218], [135462.5915822686, 547713.0305847148], [135339.33388560067, 547726.1589641708], [135158.66290389252, 547978.5549420338], [135076.65778310777, 548144.3030085796], [135001.47868897265, 548234.4497850687], [134722.58352034906, 548430.0087874244], [134501.69048816478, 548482.8083936102], [134455.11359507445, 548581.3127990003], [134341.87213317823, 548738.3961666713], [134137.50235516345, 548875.2921979437], [134073.11491913567, 549072.9124139304], [133827.67454827292, 549418.1731579999], [133810.92160944577, 549467.5641959973], [133832.35678896942, 549567.5147643352], [133771.0818430626, 549741.4518856184], [133781.44320976795, 550115.9021892955], [133761.9611628493, 550416.221514854], [133671.48826051562, 550856.5226894538], [133711.55320694548, 551064.1140958804], [133688.35273295495, 551539.844690431], [133804.86437603767, 551966.3014211681], [133803.74460448197, 552141.5182111888], [133847.59369166533, 552417.1869039491], [133882.583349424, 552493.9275780789], [133959.04404553422, 552589.5500090516], [134160.20326379832, 552604.3310571623], [134235.36981611673, 552637.4293177249], [134284.11688289797, 552682.9645838322], [134344.87693532786, 552778.5031090539], [134413.3188104743, 553004.9485577843], [134523.66623354235, 553106.5424993949], [134533.0712648807, 553156.4901747707], [134571.28052156407, 553204.5511171967], [134646.46821984302, 553237.4001743787], [134696.1619495122, 553238.4580349209], [134846.67466144328, 553173.6653313676], [134922.67636006259, 553167.5335762926], [135145.87161330815, 553253.2807996835], [135243.9775836764, 553315.616459159], [135384.47141136567, 553475.6000238367], [135469.71350521405, 553527.1623221685], [135482.7382900847, 553652.9338805417], [135505.21490391588, 553703.1600640538], [135607.55245229183, 553812.5838900672], [135731.74843009026, 553877.9752628152], [135856.88609308988, 553899.1386925089], [135954.69985482513, 553974.4678782814], [136154.41381460306, 554057.2165631512], [136224.74904910024, 554194.7081930549], [136349.33358871017, 554241.8588734578], [136423.50042082713, 554321.9348060513], [136571.97116793756, 554353.8448461958], [136869.72297125845, 554501.4290024337], [137033.25216512434, 554685.4038557117], [137405.12265112772, 554792.8185656039], [137510.12194301048, 554899.8005183805], [137657.90713724247, 554963.1954885251], [137732.26013340597, 555035.2762049551], [137830.57449198962, 555087.1179508098], [138015.42976933718, 555130.3030751331], [138074.47571677412, 555183.8087542979], [138276.3522973798, 555287.6044979712], [138696.39288787285, 555589.5404501224], [139192.25511036662, 555772.8456916666], [139367.5362693681, 555774.078838654], [139501.74503266695, 555737.68832165]]]}}, {"type": "Feature", "properties": {"rule": "mudflat_perimeter", "coast_clear_m": 30.0, "inset_ratio": 0.1, "site": "incheon", "lat": 37.4308576, "lon": 126.417128}, "geometry": {"type": "Polygon", "coordinates": [[[134362.11522851544, 524864.6190294756], [134417.60293110646, 524841.7947037242], [134464.23629500804, 524785.5347914262], [134502.40998949215, 524789.7800844389], [134562.23512260997, 524760.0478960776], [134568.59880052062, 524713.4976368875], [134539.85734179232, 524715.3892972147], [134515.97103546569, 524742.1947731606], [134477.12988791385, 524741.4352608998], [134290.48227165523, 524633.3662106105], [134246.25314828084, 524462.6898537811], [134188.9370881083, 524382.879886947], [134242.33542166214, 524334.5302659229], [134223.55993292114, 524292.4694739521], [134111.25285346142, 524287.71801088226], [133975.69698945433, 524251.22638718365], [133915.6603225654, 524270.11102336843], [133902.60522043, 524314.8321761126], [133963.8190076754, 524445.4011613093], [133951.4063584762, 524495.3856849832], [133901.2989332867, 524560.133799312], [133914.47259377243, 524686.5302445256], [133959.20500729035, 524719.7250260541], [134039.63164890234, 524733.3013988846], [134142.9637288813, 524787.813360903], [134180.53055582504, 524700.7853162662], [134288.30258196584, 524676.2394194633], [134302.6929792859, 524734.1187580514], [134290.53666521874, 524800.2327840498], [134227.214410691, 524854.0145098105], [134219.73765730183, 524924.9147071146], [134249.5542218186, 524942.4979365554], [134286.5471202585, 524932.2657828375], [134362.11522851544, 524864.6190294756]]]}}, {"type": "Feature", "properties": {"rule": "mudflat_perimeter", "coast_clear_m": 30.0, "inset_ratio": 0.1, "site": "incheon", "lat": 37.4308576, "lon": 126.417128}, "geometry": {"type": "Polygon", "coordinates": [[[133908.70884748638, 560441.2658119006], [133931.493022485, 560826.240634895], [133973.49085539632, 561005.1991572754], [134118.63777643448, 561214.0740843114], [134244.69005510208, 561355.7010673614], [134276.33485827062, 561300.0618946011], [134270.3049231078, 561242.0623738051], [134062.19841812854, 560951.901763549], [134031.50085711057, 560816.3942361377], [134007.4863828508, 560509.7951536643], [133938.69271921527, 560444.7233452506], [133908.70884748638, 560441.2658119006]]]}}, {"type": "Feature", "properties": {"rule": "mudflat_perimeter", "coast_clear_m": 30.0, "inset_ratio": 0.1, "site": "incheon", "lat": 37.4308576, "lon": 126.417128}, "geometry": {"type": "Polygon", "coordinates": [[[135570.08521713666, 525758.389461814], [135639.5201317531, 525698.7372830738], [135977.7311476851, 525594.7767038437], [136051.06393601873, 525519.832714448], [136125.79159246854, 525492.6657887992], [136158.340159229, 525423.8580657454], [136140.98696742015, 525342.9868625504], [135979.68495057072, 525276.583922764], [135879.53038391806, 525262.7147110715], [135754.93150133808, 525274.3268258136], [135452.05118673583, 525346.9120981443], [135351.70120211053, 525342.2883038681], [135234.9878635477, 525291.3830656463], [135166.24218505842, 525290.6155144332], [135011.66053507803, 525249.0957417107], [134960.1612043178, 525253.2555076452], [134930.44514574006, 525301.1864751842], [134902.92607107176, 525301.7914750382], [134888.19855743577, 525263.4817443164], [134825.40746958693, 525270.9804329324], [134847.28822388744, 525219.118263948], [134836.85970003996, 525089.9046062425], [134810.83587922278, 525019.857605507], [134665.396831735, 524970.84457359], [134605.24804970005, 524987.4455575403], [134567.27984976207, 525058.3879858416], [134561.2660953644, 525113.811202801], [134650.9152995189, 525099.7037170407], [134632.40603568777, 525068.0007888586], [134677.01687176357, 524994.3521352641], [134719.68594743914, 525027.3025653637], [134779.81550285692, 525027.3033706199], [134820.54459034707, 525064.1237760731], [134814.7243195093, 525081.5735461592], [134735.2404719784, 525107.6438479015], [134745.4537875472, 525205.5114159374], [134725.26962317008, 525279.4168437029], [134740.17210680697, 525392.3980521343], [134772.91894820833, 525440.6468750099], [134801.11143994125, 525456.5962218323], [134845.17985738808, 525354.9617095669], [134922.17946731413, 525351.1128628398], [134964.51830518435, 525395.3531713256], [134979.9168437668, 525483.8226536011], [135058.83551238067, 525524.2135821992], [135103.26393469155, 525601.7335785637], [135220.67220231562, 525649.8150252254], [135280.34052536133, 525722.905262822], [135316.91022082284, 525738.2857663863], [135311.13933106037, 525786.3752854872], [135353.48734875023, 525901.7750037812], [135445.13501271617, 525889.9451574603], [135496.19714561183, 525859.5701361962], [135570.08521713666, 525758.389461814]]]}}, {"type": "Feature", "properties": {"rule": "mudflat_perimeter", "coast_clear_m": 30.0, "inset_ratio": 0.1, "site": "incheon", "lat": 37.4308576, "lon": 126.417128}, "geometry": {"type": "Polygon", "coordinates": [[[135774.06161232552, 544541.2995235767], [135793.9562262756, 544420.4779116687], [135846.72201920004, 544320.3538115561], [135935.33914281658, 544225.4910996401], [135973.6003434783, 543930.005152074], [136092.78463238012, 543651.3626279222], [136141.50038758927, 543459.0938095558], [136096.96223313996, 543328.9658915778], [136102.86016609453, 543177.0980400917], [136065.55496791663, 543051.0612594632], [136083.51103870085, 542958.9469865682], [136051.65860113077, 542827.0261851954], [136068.66408414976, 542716.7674483901], [136037.25778048934, 542626.729446057], [136088.86319094544, 542495.1752870333], [136036.3049787141, 542358.4089187579], [136044.9586435881, 542264.5344853026], [136012.9570238805, 542139.9854850118], [136026.3942723256, 542009.0268668047], [136009.4123571679, 541962.0433616649], [135964.24000353986, 541924.4607146522], [135861.78604876675, 541886.286392283], [135836.75291941428, 541833.5073014589], [135862.13125819527, 541775.6740077384], [135968.34884777767, 541730.6194386056], [135981.90710722713, 541657.0357424442], [135841.62189804978, 541423.3798405062], [135650.84415562474, 541183.5897375145], [135375.23018510168, 541048.4935174625], [135282.17115808342, 540975.3335031072], [135166.3722369045, 541000.8107151135], [135147.3831506836, 540985.1582268544], [135151.0193899148, 540939.7377196641], [135177.74598498782, 540915.101906018], [135231.25428032895, 540907.6971427515], [135179.50463899935, 540906.5308024451], [135134.63273439114, 540832.8951214061], [135037.3022117044, 540772.8938783256], [134903.2428905957, 540748.2360916919], [134787.26598666498, 540876.0168110892], [134826.71759550628, 541026.0968869384], [134823.02461355735, 541200.0095715553], [134895.47913869302, 541302.0430183102], [134959.42440354606, 541553.8882328123], [135034.13830614294, 541674.7814386152], [135024.14738248062, 541799.8129218624], [135045.75502640047, 541880.9551371634], [135136.82465782616, 541984.1343532696], [135156.4101964746, 542128.4807372027], [135248.77237519846, 542234.249780341], [135270.06454122212, 542361.3208282888], [135320.13328164048, 542387.7580032392], [135356.40825330227, 542436.5261844578], [135388.89335128284, 542663.7051842143], [135435.69563463583, 542718.6965657108], [135496.69468921438, 542732.3042977444], [135524.0858207572, 542760.4473351942], [135611.6446990081, 542966.9225005439], [135604.29588223418, 543061.3243817969], [135551.9670312887, 543141.6464108962], [135627.62781916198, 543217.7501238952], [135645.19728101874, 543268.87097791], [135652.34428742935, 543371.5179761933], [135594.3993483022, 543464.8449294785], [135585.59389758, 543565.8406800046], [135618.1204409685, 543665.2770284374], [135669.63865566996, 543717.6191725709], [135616.47997195425, 543742.4885212666], [135606.88469100892, 543786.3451956285], [135641.20119204896, 543833.5095341934], [135724.59106536073, 543890.7161121056], [135730.26181080777, 543921.8351895526], [135714.71140016435, 543948.5035387607], [135636.2423550988, 543941.5240620463], [135581.79815388314, 543981.4004708503], [135602.46173667422, 544080.7841125177], [135526.99977296885, 544191.0661047664], [135493.74374358746, 544376.7255568523], [135492.42029824544, 544533.3150113974], [135524.41382624157, 544689.2374236175], [135576.6354817415, 544739.7198625436], [135649.78434574133, 544746.5239913492], [135675.7346869699, 544716.4519097758], [135692.20466584506, 544631.4308822312], [135774.06161232552, 544541.2995235767]]]}}, {"type": "Feature", "properties": {"rule": "mudflat_perimeter", "coast_clear_m": 30.0, "inset_ratio": 0.1, "site": "incheon", "lat": 37.4308576, "lon": 126.417128}, "geometry": {"type": "Polygon", "coordinates": [[[135558.4754803995, 562185.4171962893], [135735.67261591816, 561868.4598182492], [135799.1868075549, 561824.4412657238], [135825.47676092503, 561777.8163548177], [135770.82023065598, 561718.5908371618], [135790.52997522615, 561543.2998118815], [135706.90888876095, 561468.3635957687], [135685.22254495497, 561423.8407431837], [135724.35961505154, 561274.9940451513], [135672.49328885152, 561178.2361108047], [135676.57242589502, 561142.7308760621], [135749.65286035938, 561025.044153521], [135711.19743209748, 560830.4825655688], [135776.13269956716, 560657.499486378], [135714.94880341424, 560529.5755435374], [135744.738895175, 560443.7143802358], [135762.86552015267, 560217.8604981096], [135832.99008264014, 560051.3625975305], [135862.23763141257, 559897.680177096], [135815.04681224443, 559768.74220677], [135833.11944242642, 559545.3870103525], [135771.02271415785, 559273.1377246785], [135823.28880467854, 559132.4452850581], [135806.83432137317, 559092.2212338521], [135728.8326001788, 559066.4349262333], [135632.7597295249, 559107.072926769], [135531.0142295279, 559258.0852378485], [135597.36421786854, 559362.119840286], [135600.0128849002, 559394.0812875526], [135539.81632463823, 559563.1343071384], [135535.14552340156, 559657.6555867555], [135593.04010761465, 559877.2551789223], [135533.52280886212, 559983.7316495887], [135532.50024641395, 560031.7076629201], [135631.3682214307, 560140.3105592382], [135634.5406047075, 560179.1264966776], [135473.24728242742, 560312.6821891784], [135584.89970227418, 560508.8662849861], [135576.16292578404, 560543.9910762577], [135517.96680881476, 560588.1233815921], [135445.53339245176, 560738.3223636999], [135430.9582643148, 560976.6572827467], [135459.38238144974, 561087.6022856375], [135453.5520956783, 561236.4712712938], [135418.24586608066, 561330.9643460506], [135408.79179515108, 561462.0070033674], [135363.0281062615, 561610.0244565669], [135300.59842529404, 561727.9379279721], [135275.96537551488, 561946.5277669191], [135290.69222476875, 562005.4642267599], [135400.26860933797, 562111.5463875923], [135435.31457218924, 562216.2891385398], [135558.4754803995, 562185.4171962893]]]}}, {"type": "Feature", "properties": {"rule": "mudflat_perimeter", "coast_clear_m": 30.0, "inset_ratio": 0.1, "site": "incheon", "lat": 37.4308576, "lon": 126.417128}, "geometry": {"type": "Polygon", "coordinates": [[[140464.39324216443, 572781.7968946166], [140594.0083380132, 572675.5920018135], [140636.54332649428, 572554.003388678], [140693.60408095497, 572497.7775695226], [140537.609747287, 572642.6474820172], [140465.9945311622, 572775.625738335], [139921.16515449714, 572779.6366778824], [139733.28809879208, 572707.5818878826], [139441.7702931778, 572507.226717237], [139339.05506908917, 572405.4973050943], [139158.6866205168, 572312.1234283856], [139083.4759970397, 572241.5700970895], [138825.02086014854, 572135.9183991302], [138791.7049785505, 572055.469678843], [138771.78158480747, 572121.4704414117], [138571.07564177536, 572044.8514701711], [138358.40138814214, 572061.2566991493], [138035.43189462603, 572018.302901536], [137799.13631093482, 572034.5820130918], [137683.43506355243, 571963.8125633952], [137525.3578994887, 571910.7832137775], [137450.1185497561, 571845.6261252955], [137331.7968217829, 571760.0032406452], [137255.1031696257, 571714.4002129447], [137236.350973217, 571687.3180280473], [137231.82028963466, 571650.8686826249], [137331.40447530063, 571457.270548225], [137300.88843592332, 571099.1645343769], [137305.92444006115, 570913.6915420631], [137263.1521598463, 570822.6254793289], [137253.0507184141, 570439.5999945498], [137267.5524469779, 570377.6193532557], [137333.85772001086, 570346.2684914727], [137256.48619586337, 570301.3369794828], [137233.4991497986, 570182.4933417136], [137191.46541577118, 570090.6638186732], [137189.2660933806, 569996.8892615932], [137225.0853111105, 569860.82286202], [137325.5130372005, 569758.1520558088], [137433.55462808962, 569746.5845534251], [137492.48983413857, 569705.0779173122], [137509.20678839838, 569668.8599853843], [137510.03681892902, 569513.0441600011], [137568.50876114168, 569431.7346920123], [137632.65403496558, 569426.0068886498], [137689.58585665014, 569507.2545446613], [137761.07678615718, 569515.7296464074], [137805.0889902587, 569488.3078596897], [137836.79421912789, 569491.175248328], [137898.47425619583, 569567.7261588074], [137929.4852756298, 569573.96293251], [137919.63216196047, 569523.3197725029], [137957.92028003332, 569480.7901422369], [137969.7868959145, 569406.6539450566], [138065.15295404574, 569240.5484864573], [138140.3784130274, 569181.5885105915], [138228.97992597762, 569044.769356952], [138389.36893185347, 568961.3058382996], [138494.50704521226, 568782.7361873515], [138420.02341875772, 568828.8831331704], [138360.04410504183, 568939.8637652968], [138217.96001848698, 569007.2364967873], [137932.34140555473, 569347.5354456074], [137826.25912801828, 569371.2536850192], [137659.9235996189, 569346.459699536], [137468.79803591126, 569371.7491331241], [137427.8509616019, 569457.1971888032], [137412.0114646859, 569643.2887298091], [137361.93579337845, 569668.6550626106], [137319.5787032122, 569638.7488849052], [137302.0794109291, 569503.0711286705], [137259.3669063772, 569413.1300159935], [137204.27539849785, 569202.6863007138], [137187.96395741968, 569097.3688933606], [137196.58331086434, 568999.6058072681], [137150.54696264712, 568886.1970265068], [137144.3937692826, 568774.1896000705], [137175.12696221613, 568706.2234541705], [137149.8263857435, 568641.3323012398], [137155.76649799768, 568533.7201423191], [137048.97419994258, 568437.3658981164], [137068.07250729867, 568282.5615831245], [137214.7283274011, 568116.7309065459], [137241.1293897269, 568101.3564593897], [137338.89672104808, 568118.0650433846], [137376.75394708835, 568106.1255446384], [137354.67537940474, 567943.4424688178], [137282.82969240827, 567854.8579831597], [137227.56275523768, 567841.0724885897], [137093.16497959808, 567859.2446782048], [136992.8670318828, 567810.817708646], [136948.33616144856, 567808.5570269935], [136862.35613634693, 567859.3645157322], [136768.47349101232, 567873.705887838], [136605.44239147997, 567978.6281406414], [136522.44697618662, 567976.1611989647], [136475.7516893976, 568000.1967097158], [136396.7583515791, 568006.5211501857], [136193.13050803356, 568098.5260166703], [136144.22858397962, 568156.9506750271], [136131.68639281654, 568231.0831321899], [136032.14913964743, 568308.2572369147], [135899.31570852298, 568286.6386177719], [135754.6950149719, 568323.644587292], [135513.7103865297, 568207.0134888578], [135494.97893004713, 568175.8845421621], [135504.73939328612, 568117.2517541999], [135651.33874501302, 567957.6748407208], [136121.87688083434, 567631.9550556868], [136215.6197801637, 567517.1058520301], [136255.92053867824, 567426.2562432155], [136309.1687286032, 567380.9095335606], [136480.02346012442, 567360.2328344765], [136509.1750823352, 567335.4306262824], [136514.9393286028, 567266.6574815557], [136623.57856736306, 567269.9342616537], [136743.48716276113, 567184.230456936], [136819.0613284734, 567059.8410116562], [136853.238450862, 567024.4914069383], [136903.92770564518, 567010.596512211], [137030.14801931102, 566880.4059027686], [137027.45208974072, 566642.4541069666], [137216.18040444687, 566433.6745187663], [137343.54198132138, 566342.61328688], [137504.81143469526, 566318.8161231998], [137591.279113548, 566176.2718667793], [137682.72179899193, 566113.3507159118], [137893.21053587674, 566000.4722217647], [137978.60449895222, 565997.1194030169], [138143.18005647167, 565888.0449403548], [138494.12670382857, 565700.7454457965], [138676.57626262575, 565657.1962273299], [138913.93839438626, 565523.2613338833], [139184.67580336097, 565502.4422804649], [139219.23915749844, 565474.9698416092], [139238.4547836217, 565415.037204529], [139325.1025943053, 565365.5816557031], [139387.27866078366, 565349.0479461257], [139447.2348666847, 565369.604531239], [139502.04072703366, 565342.913908932], [139572.68860423137, 565224.9281430785], [139653.20834747146, 565185.5585471028], [139708.33192769828, 565099.5095206293], [139788.1983716138, 565056.0890069746], [140049.7436658382, 564768.2783369347], [140189.01235288384, 564722.4756204523], [140428.46733492104, 564446.0513278336], [140557.9273104703, 564236.4668817441], [140662.18287477276, 564175.6367427914], [140819.70129935152, 563997.7193542621], [140913.6869357867, 563964.4916075742], [141155.97747835005, 563787.9145093779], [141367.57865367323, 563592.746804342], [141439.25916074915, 563492.1501535092], [141654.31602587702, 563408.3010373694], [141677.45465556742, 563371.998142809], [141685.3265854841, 563287.7208610259], [141743.0780617472, 563215.1762594295], [141782.95880991846, 563203.2465920895], [141806.4796300675, 563222.2596176966], [141826.7867834371, 563337.7152561996], [141849.03474903095, 563341.8811425444], [141862.9653015338, 563260.3342413872], [141837.2536905526, 563176.7220017259], [141900.28026307648, 563127.1403189998], [142006.93281354703, 563122.9858936969], [142058.8629057726, 563003.1913520272], [142092.6586542796, 562993.2532810428], [142191.4700589658, 563039.5720634846], [142275.75604901096, 563053.5111048894], [142387.77858435956, 563054.780576438], [142421.56564720243, 563046.8673208781], [142791.18583333585, 562785.4594919758], [143264.99407524953, 562871.621305003], [143342.4088201795, 562781.6434509419], [143458.5781219833, 562764.7233141365], [143616.6392004246, 562865.3961989258], [143879.32448773104, 562911.6476936828], [143895.14231845603, 563110.0497666785], [143913.18392647093, 563143.8732975014], [143945.26773333113, 562948.4247764612], [143974.66319626704, 562877.7527148023], [144115.53599543858, 562784.0640782132], [144201.63060854652, 562792.5311528639], [144182.3851575373, 562731.3702083318], [144135.77644040415, 562696.328347396], [144037.3289693831, 562709.6626962296], [143901.52088953936, 562808.9148932038], [143660.48858256626, 562772.810798647], [143570.71996195268, 562703.9119531945], [143464.25039873156, 562664.4440521403], [143339.4999083606, 562671.3723647144], [143260.23537158096, 562717.0296443985], [143221.17733499987, 562762.3381673152], [142781.73394309048, 562685.465657762], [142736.0107764829, 562701.5320339465], [142379.19352001252, 562954.294129345], [142219.1953682578, 562942.4268379948], [142100.25845297478, 562892.954018278], [142011.92300405636, 562914.3952330982], [141968.39163045614, 562951.1493899702], [141940.00145415336, 563021.1691014704], [141860.74789351088, 563034.8077848282], [141769.02178741287, 563103.1125901642], [141673.4299037779, 563142.8074871483], [141594.6161418491, 563244.5963839213], [141577.2895242661, 563335.4720674485], [141382.36105483153, 563409.3811336226], [141294.70653844936, 563523.1127790129], [141093.36502415253, 563708.7355181981], [140862.6109382352, 563876.8759981381], [140752.683379969, 563922.9082348236], [140592.06357455178, 564102.7978576217], [140479.0796308383, 564174.2483272234], [140348.4437225608, 564384.9234051683], [140125.85898928627, 564639.4293710359], [139987.2918701462, 564689.6152685682], [139731.03632053788, 564970.9106746949], [139654.78428471394, 565010.930632966], [139581.5220363095, 565111.945746619], [139546.33695564803, 565126.9147857215], [139578.7855841811, 565000.080633303], [139681.14454346223, 564838.6912847864], [139863.24461156345, 564640.0171727642], [140073.65953370457, 564369.8518761155], [140114.8412312616, 564214.54497983], [140226.97264040125, 564061.6610034897], [140324.16675364107, 563972.167457776], [140402.66910276993, 563775.848478559], [140431.58224403183, 563630.8634022062], [140429.9308628819, 563520.4511465314], [140476.4037949672, 563446.5262297357], [140539.55748438477, 563246.509310135], [140551.5104602755, 562997.8050552596], [140520.58078310968, 562918.4761037681], [140565.73363913258, 562809.1388345021], [140523.5418409177, 562698.398557798], [140426.9114794885, 562625.8977812729], [140442.06060701667, 562544.0584637732], [140420.59683010782, 562409.7531883067], [140477.74698043265, 562349.545077001], [140490.41544337792, 562289.0634776971], [140460.33367041845, 562234.9392959413], [140471.6642092721, 562186.8578182205], [140427.91799861068, 562159.5134890821], [140389.37276761705, 562301.815593249], [140319.68186331104, 562385.5775458042], [140341.64386830325, 562541.9175069401], [140321.1387672987, 562629.3530493423], [140344.23427145253, 562701.5157622619], [140426.64742332077, 562739.4760837635], [140464.69455176592, 562801.5359303891], [140413.23591616115, 562930.9356145588], [140451.5522146524, 563007.6261673121], [140433.20596559852, 563119.1075498136], [140443.42760371225, 563208.8702746895], [140381.6527056225, 563413.2045224266], [140329.37079778552, 563492.3843268732], [140332.01062021946, 563617.6877867987], [140299.50788146534, 563768.7408354296], [140240.41452163225, 563916.7267800787], [140145.5399837489, 563994.4510401638], [140098.3230370837, 564086.6914498078], [140030.17264616233, 564159.7356735836], [139992.32256372116, 564310.9247819744], [139784.25490441348, 564577.9790290592], [139601.5843762136, 564776.5762842797], [139491.3559799092, 564949.9699650314], [139451.75319361853, 565090.3085841953], [139407.8510170432, 565112.230631198], [139301.7130807846, 565101.1691180726], [139162.36123578987, 565267.9408112171], [138923.24129889932, 565397.9595618196], [138753.4947378186, 565396.2124374206], [138569.25730529948, 565481.5281902766], [138364.32090702874, 565475.9045839987], [138337.43625627545, 565612.5767678082], [138272.20152856765, 565674.9328371339], [138149.41143929798, 565719.6230561844], [138099.7460905108, 565769.7490100828], [138039.49573322904, 565785.212593938], [137960.90158504277, 565849.4084565662], [137798.9888291593, 565886.576299385], [137730.01927602995, 565999.1005775437], [137608.36205404013, 566084.2512213425], [137526.6333354466, 566170.5040182422], [137372.92160038443, 566260.4700572185], [137288.35664934322, 566354.4117620116], [137055.1899910169, 566517.9914291702], [137031.70199583657, 566572.9881172953], [136977.87117594725, 566615.4001559212], [136963.64820030244, 566720.4675886518], [136834.2231722697, 566919.9473042319], [136662.01880340726, 567096.9680676403], [136479.5132788123, 567194.6146864418], [136425.76711885814, 567272.0269611668], [136356.37698560988, 567286.670081152], [136249.33992071374, 567373.6936468917], [136155.48748801876, 567528.6837709069], [136087.4154103711, 567598.4150816997], [135920.54381018097, 567680.9116134355], [135819.88383522906, 567749.8844369896], [135757.83558060834, 567818.4943947421], [135666.98975856884, 567832.4915485786], [135615.73839894513, 567863.3961292414], [135594.8875709082, 567966.9466304812], [135498.4766974094, 568116.6315302765], [135478.25541606924, 568190.6968288596], [135496.2635278483, 568228.2357678834], [135742.66612837097, 568322.6759735714], [135879.61231001062, 568351.0104002822], [136127.72678441793, 568329.8092909516], [136184.7041444613, 568280.277999507], [136237.42861263859, 568180.4077375367], [136310.3820823603, 568131.2175081712], [136396.61934380358, 568146.3083220604], [136533.97474965037, 568135.9915003789], [136639.3705690325, 568188.9902611998], [136702.7171293497, 568277.4642142259], [136772.4482656232, 568316.8271570865], [136829.41764589437, 568392.7905680333], [136805.80444586705, 568474.3457738454], [136813.69255962668, 568505.4505854667], [136976.58491292037, 568671.3604514238], [137020.54975055694, 568865.2611600729], [137079.5727477775, 569023.8598017936], [137056.41085067007, 569111.2371988537], [137058.94798684178, 569241.9115253222], [137091.2691885208, 569474.0937497932], [137077.51074044948, 569681.5424114238], [137038.51315617206, 569761.9568045178], [137061.43838494385, 569872.9425449889], [137020.2873382439, 570116.5545836439], [137032.61477250955, 570318.6233770346], [137013.1931281609, 570417.3927794164], [137029.35307931527, 570720.7270531943], [137100.65063311518, 570779.9982739014], [137114.72266989213, 570814.5476489112], [137101.78800121628, 570851.2701056785], [137042.26335367357, 570895.3091192511], [137022.21567067222, 570961.5660981955], [137043.78619773514, 571073.7729278804], [137041.60436238837, 571300.2186059284], [137078.89512333545, 571393.5121122212], [137040.24341007866, 571488.2294895292], [137086.5996317656, 571562.1705877942], [137105.99026787732, 571651.7070947553], [137357.58996288676, 571782.315898737], [137460.2102351029, 571858.7260521783], [137502.21029818372, 571927.7892618756], [137606.92748564004, 572012.5242301907], [137759.70860397397, 572090.5363792585], [137804.8745656431, 572095.5016349086], [137844.88139502876, 572061.6700040834], [137949.09490120746, 572075.8339290572], [138092.5152375063, 572062.8990196979], [138237.77147256295, 572151.2503660644], [138391.84082222235, 572137.9182167501], [138471.3179437952, 572188.2402298263], [138664.2951754597, 572223.0507011943], [138743.47480567556, 572287.3036597149], [138888.07100807416, 572344.3920446036], [138959.29887651483, 572344.414230826], [139040.68354775905, 572461.4004980032], [139110.00490103572, 572520.1303495921], [139261.96067735984, 572575.3764096336], [139435.5808289798, 572674.8341740051], [139633.58456525908, 572756.3141955666], [139910.04721228825, 572822.189722507], [139995.62133017654, 572866.7993892856], [140198.09462044883, 572920.7457147688], [140311.7171725043, 572844.1755875838], [140464.39324216443, 572781.7968946166]]]}}, {"type": "Feature", "properties": {"rule": "mudflat_perimeter", "coast_clear_m": 30.0, "inset_ratio": 0.1, "site": "incheon", "lat": 37.4308576, "lon": 126.417128}, "geometry": {"type": "Polygon", "coordinates": [[[135943.42428901253, 524843.0878890834], [135995.98268604305, 524619.4612692454], [135845.09825468453, 524516.8983097125], [135805.30027387768, 524405.1815636178], [135732.35841356913, 524332.0639527397], [135606.66706974801, 524488.5906221558], [135598.2959606427, 524555.4999225517], [135617.82460231942, 524641.9295460966], [135592.71447465956, 524661.4390506052], [135517.3851765395, 524655.8679855042], [135646.57688003764, 524708.265344109], [135600.17619177222, 524845.6668946776], [135650.79443444157, 524883.5174685882], [135770.71085485446, 524846.4323865371], [135861.07384961756, 524891.5925609845], [135907.35298134448, 524880.5100395096], [135943.42428901253, 524843.0878890834]]]}}, {"type": "Feature", "properties": {"rule": "mudflat_perimeter", "coast_clear_m": 30.0, "inset_ratio": 0.1, "site": "incheon", "lat": 37.4308576, "lon": 126.417128}, "geometry": {"type": "Polygon", "coordinates": [[[135960.43823146407, 547187.1403495964], [135989.7632195275, 547038.770452461], [136030.31691558182, 546976.6355533652], [136357.01517942882, 546871.086033417], [136373.81060910565, 546696.2005742398], [136434.80245082965, 546658.248899774], [136624.38013795388, 546602.0314363937], [136663.60036304372, 546479.8705116155], [136792.13344556474, 546341.3586895305], [136903.26552997783, 546283.4734855343], [136853.62958479216, 546156.9235797918], [136864.64024684514, 546007.9135957588], [136835.91582297336, 545881.8083568288], [136841.71015184588, 545732.6877240719], [137015.53283357323, 545309.8994814501], [137042.67924908295, 545140.4834187266], [137020.5352614592, 545074.5154756034], [136968.2859417854, 545070.9052600982], [136890.54226729585, 545158.2492464528], [136779.0967524382, 545231.6276966892], [136687.05994902956, 545376.165589062], [136653.51278155946, 545477.6982757612], [136527.42388462977, 545624.0121846875], [136308.13995682143, 545970.0861927725], [136181.9873932248, 546242.142557892], [136096.19611327845, 546339.8145207185], [136095.08071221897, 546515.0329581146], [136056.30110335822, 546739.1986394182], [135978.29641377475, 546839.5356756279], [135829.33601395588, 546954.1135843394], [135766.89944714413, 547060.0311982244], [135740.19277640246, 547208.7066714488], [135773.13421774394, 547259.1546914912], [135799.12841816485, 547267.4570970815], [135960.43823146407, 547187.1403495964]]]}}, {"type": "Feature", "properties": {"rule": "mudflat_perimeter", "coast_clear_m": 30.0, "inset_ratio": 0.1, "site": "incheon", "lat": 37.4308576, "lon": 126.417128}, "geometry": {"type": "Polygon", "coordinates": [[[136503.5507371243, 565787.7446073185], [136658.22456231446, 565808.2324253558], [136784.01206449757, 565779.1681105599], [136888.6903259935, 565616.1582762194], [136963.83988229884, 565588.5131600733], [137115.12562107472, 565487.7453318577], [137501.89999509335, 565083.2634823112], [137625.30519695568, 565040.6482622342], [137704.77311643373, 564935.8475145157], [137854.84897961712, 564891.0514129164], [138039.09084989707, 564743.2375474103], [138213.6674852611, 564658.4652500391], [138250.98298771723, 564578.638964702], [138462.33408353938, 564376.7796677559], [138505.40217606083, 564293.7011760926], [138649.67023131665, 564209.5316124337], [138724.7967986206, 564057.3888982118], [138822.78429645248, 563958.2323264531], [138900.26401348488, 563821.3891677279], [139179.7212068126, 563579.8577502545], [139266.39332440437, 563558.0821407632], [139267.66288013902, 563451.7371197403], [139343.20067577375, 563374.7880288013], [139383.90051420295, 563245.9720450221], [139430.75362850627, 563172.2235267255], [139490.4544208126, 563120.2482673184], [139508.59497215488, 562956.1394209007], [139636.24794599385, 562652.1202855688], [139689.0401082324, 562440.0016414415], [139645.9783339122, 562133.5909855714], [139647.44836055557, 562002.37571473], [139591.05012113485, 561774.9289455378], [139601.11968704668, 561676.3962296471], [139481.36821277108, 561486.0976835253], [139477.69356331276, 561346.2731229896], [139329.34426361448, 561308.6110397694], [139253.29764226274, 561253.7409392186], [139141.05167371628, 561022.854164782], [139065.5702895494, 560940.7471851445], [139007.57484260012, 560912.7614407421], [138963.90307535653, 560837.3324656968], [138845.65020533337, 560794.7501806305], [138813.78262502438, 560759.6342827035], [138776.02194368056, 560657.5823125667], [138770.12479431764, 560558.9593593568], [138691.0997641242, 560580.3990795277], [138683.92983690152, 560604.8703911068], [138683.3360520099, 560726.1665826294], [138720.50865364837, 560841.1430949181], [138660.70236910784, 560945.3649010191], [138687.60257637833, 561150.4323312487], [138657.7809762689, 561331.540905176], [138700.36175028968, 561582.6912406187], [138667.3930423506, 561880.229211157], [138676.95304909322, 562056.1779160866], [138700.49258462174, 562146.333476668], [138637.00546465517, 562305.818360817], [138632.1921183331, 562406.9627334161], [138680.09672104503, 562532.980497699], [138617.83825365192, 562704.897526209], [138695.67872536037, 562926.1763400846], [138627.41365308626, 563006.0927474875], [138602.90870920394, 563249.1876620831], [138510.33212069693, 563376.3341893367], [138483.00921238022, 563532.8716395437], [138459.64272453415, 563566.9345632996], [138416.10940007638, 563594.5674714907], [138392.66425706685, 563585.6145614123], [138371.8515323328, 563406.7542482258], [138430.4368920459, 563126.8875144547], [138385.30219723453, 562932.180908648], [138386.75959993916, 562801.2160303532], [138350.08184160298, 562648.4384924433], [138391.8511371115, 562157.3446760753], [138359.11698763358, 561849.6562023016], [138367.63385582244, 561700.8425864092], [138232.44979336605, 561420.9687864799], [138177.83881356445, 561390.805371002], [138137.02013147384, 561463.4325766376], [138145.76989370346, 561614.9267552928], [138101.88711861736, 561737.1744452985], [138098.25237265427, 561813.6569768703], [138041.8690097834, 561866.890328829], [137988.16168645088, 562012.2402837345], [137976.21338226745, 562135.856308141], [137896.89856900106, 562233.3491800341], [137830.98827577994, 562389.8756456659], [137837.61520984396, 562578.0576097829], [137793.18897436163, 562663.3102790809], [137785.01257570594, 562727.1337846842], [137687.79255322507, 562860.8055975178], [137619.10053505964, 563272.0763157608], [137493.56983550926, 563445.3924756389], [137481.20719820153, 563681.870494638], [137447.66041773613, 563755.9022761531], [137317.2295815005, 563878.1153422503], [137248.06670966456, 563999.3855933164], [137133.37517623848, 564070.6236184876], [137115.0648314643, 564117.6062020145], [137132.75676557716, 564193.1683826258], [137098.9454917519, 564249.1950100707], [137072.8110885678, 564256.6371322], [137024.97444416012, 564220.8679061764], [136887.58172947387, 564169.9384122938], [136851.93932060077, 564124.6796749233], [136847.15235069548, 564067.8296575664], [137056.38373328332, 563622.3099139119], [137076.07295340655, 563510.8590210896], [137131.05415354038, 563430.1599043603], [137134.10190185177, 563349.7277554306], [137248.57665012297, 563226.924074772], [137284.226752485, 563115.8136598908], [137379.00548221898, 562993.3396253628], [137368.8829974988, 562955.2500818247], [137244.39608804026, 562923.3458957204], [137169.69957344508, 562929.7524124875], [136991.97908732473, 563021.708285043], [136944.12826405102, 563111.3091949284], [136904.13203768808, 563145.0798114231], [136772.6417489076, 563098.3392027402], [136597.08824958449, 563119.8437115544], [136554.91740045886, 563161.6300961103], [136518.0492922386, 563267.2144507751], [136410.66974100686, 563307.5473680065], [136386.1426277472, 563333.7731140001], [136378.95698084327, 563451.9900700382], [136358.72101212534, 563495.681601794], [136280.47753327823, 563605.7581384745], [136226.472887262, 563617.1055130868], [136211.8104780611, 563641.5418730791], [136062.5840515883, 564020.6552886523], [136032.13674189034, 564199.685858627], [135957.16350042608, 564343.2052646212], [136000.30033848336, 564568.4913886517], [135937.07090069115, 564661.0134395979], [135926.76680784312, 564738.165327742], [135865.9859662284, 564810.1153231435], [135890.98095022235, 565167.4465289414], [135878.75416982517, 565272.3686580043], [135908.01994662473, 565398.2380329072], [135891.53595592047, 565546.8800729156], [135995.8326156943, 565744.9104644724], [136005.41150955937, 565826.2988760314], [136022.83116981667, 565836.6703323977], [136281.7312143657, 565856.1952590392], [136503.5507371243, 565787.7446073185]]]}}, {"type": "Feature", "properties": {"rule": "mudflat_perimeter", "coast_clear_m": 30.0, "inset_ratio": 0.1, "site": "incheon", "lat": 37.4308576, "lon": 126.417128}, "geometry": {"type": "Polygon", "coordinates": [[[136193.27363884135, 518569.8090379925], [136076.86443037516, 518581.6871193913], [136112.3393149493, 518632.255324316], [136198.4016221739, 518695.6311050756], [136203.96871661572, 518743.59016989084], [136166.8636440421, 518801.8654790937], [136216.60322067788, 518824.4156969977], [136272.47573262066, 518896.843190589], [136302.09157708046, 518994.9642885442], [136275.21282371297, 519078.36077117693], [136328.10136619693, 519207.1286609689], [136375.9085500298, 519240.4800537677], [136432.37115595085, 519248.917003799], [136488.7428968538, 519136.650384491], [136410.06459689498, 519132.0893385398], [136388.70336570038, 519070.94102044567], [136400.18146458553, 518973.36616179114], [136362.05974827774, 518851.42503068846], [136301.12860938342, 518768.60418916104], [136291.13871948462, 518657.0573329968], [136246.7158835606, 518594.71996211977], [136193.27363884135, 518569.8090379925]]]}}, {"type": "Feature", "properties": {"rule": "mudflat_perimeter", "coast_clear_m": 30.0, "inset_ratio": 0.1, "site": "incheon", "lat": 37.4308576, "lon": 126.417128}, "geometry": {"type": "Polygon", "coordinates": [[[136952.22887234032, 517821.72681804467], [136958.8957242692, 517729.9094408875], [136929.87670037267, 517731.18284537114], [136878.26736794683, 517758.3265617195], [136796.43928023725, 517910.3367904753], [136737.11490663496, 517977.58959367266], [136672.08515993843, 518012.04054424004], [136628.12338620774, 518007.8682931533], [136550.88392685333, 517930.8502759403], [136493.47178528138, 517923.2868099994], [136661.84364675122, 517827.3884329777], [136755.31671228993, 517798.6062628537], [136807.2079586285, 517749.90571851376], [136870.30575364665, 517734.54248938104], [136924.9704435997, 517692.9882310916], [136962.78272909546, 517630.8561255241], [136978.70317809397, 517524.3898435142], [136997.42365251493, 517490.11042508355], [137049.68375778466, 517460.0214072807], [137033.14496066928, 517389.4017815472], [137094.65423912578, 517399.73258676345], [137080.2050701232, 517353.3726839892], [137030.9558134388, 517338.65212917567], [136946.48920330085, 517445.6585225119], [136886.42145887058, 517486.88727120566], [136866.6637914432, 517601.7141466174], [136839.603980501, 517637.1407757025], [136803.00975931494, 517649.6323834719], [136739.89356557027, 517630.5026547736], [136706.50627965142, 517710.8244493862], [136615.05331106385, 517737.64046242146], [136353.80579899246, 517877.86267089983], [136190.1845476964, 517924.6522186513], [136172.76258419655, 517997.13328395115], [136300.09211121727, 517958.9956066467], [136352.7095195457, 517981.7032013358], [136441.41002975314, 517948.69554775266], [136410.44569772924, 518006.8884465861], [136487.3497695618, 518009.61812923494], [136586.81762236005, 518104.83899999433], [136697.45650256265, 518112.3704905017], [136808.35649883677, 518049.2528014659], [136906.27759589616, 517928.42521834956], [136952.22887234032, 517821.72681804467]]]}}, {"type": "Feature", "properties": {"rule": "mudflat_perimeter", "coast_clear_m": 30.0, "inset_ratio": 0.1, "site": "incheon", "lat": 37.4308576, "lon": 126.417128}, "geometry": {"type": "Polygon", "coordinates": [[[141932.06709872495, 518285.239224336], [142209.97855876765, 518150.11584389536], [142254.43497811363, 518083.36948697886], [142266.74052897553, 517952.8201410442], [142239.12792665255, 517901.98777303717], [142130.71672509366, 517825.44870718446], [142062.94239997643, 517750.51813816995], [141965.1974580166, 517396.2115914844], [141773.76221295676, 517161.1725991362], [141679.37428698342, 516984.43255413737], [141537.91248346944, 516853.3847289898], [141454.6126776122, 516858.81206830684], [141282.1984328491, 516806.1709600651], [141215.10749012465, 516752.13014561916], [141099.9784880766, 516741.85418620665], [140865.78801740517, 516518.5067677052], [140726.26579551364, 516494.6220997204], [140694.69863433845, 516458.643705342], [140577.45427030354, 516428.60529721424], [140433.3862300415, 516478.24761639227], [140234.33003424588, 516440.54339026636], [140095.71812243757, 516486.7381832434], [139959.20444502277, 516433.6059450888], [139782.76939401127, 516435.7222045874], [139688.71139104, 516377.5184485819], [139648.10514569137, 516316.7876501599], [139535.44267682376, 516260.2220012008], [139406.77030117082, 516296.814765289], [138806.62010575391, 516294.26092139015], [138698.49371436672, 516342.22471837245], [138550.2071872112, 516336.8421149255], [138455.26562213645, 516355.710636061], [138201.8535942831, 516283.9850079619], [138106.71013113047, 516312.41093928297], [138006.1611911774, 516312.72446663457], [137936.97717368026, 516287.7168720848], [137681.80480516754, 516286.06044393824], [137540.10875948265, 516350.8764247222], [137543.52008589738, 516401.69617861963], [137597.5445177086, 516450.7106356935], [137973.627012046, 516437.1565271296], [138191.24432618855, 516474.6277130045], [138299.94254400404, 516513.2977048065], [138322.80720522229, 516564.0286063594], [138240.30334685405, 516730.0288009019], [138113.6251541531, 516834.8475548357], [137890.6872032706, 516963.6316045702], [137789.3261383173, 517002.7383542275], [137639.8166569176, 517027.1407672563], [137381.455564294, 517161.61313612654], [137227.67833708884, 517189.4872852565], [137130.75058151118, 517245.0613835264], [137029.8675026158, 517261.9292548315], [136991.25707817162, 517299.59280947247], [137093.97509778215, 517316.9828332057], [137114.21353683952, 517410.8424651021], [137101.82314127206, 517465.5220746001], [137131.92258845695, 517506.702483218], [137130.14181656833, 517543.0517483471], [137180.26088530303, 517582.47244244744], [137319.25858297996, 517623.90446118393], [137383.41849267343, 517617.885532006], [137446.23841799702, 517585.14613499475], [137527.13919341113, 517514.328295502], [137528.47994265778, 517463.54905080434], [137554.53957038737, 517446.17901282676], [137572.12676150133, 517353.6470584378], [137481.13748587942, 517371.84658582177], [137438.30149570046, 517419.32289548457], [137424.926551674, 517476.7157378636], [137320.07857188047, 517522.08956124075], [137231.57110549085, 517494.6029851989], [137200.15942018543, 517324.3167828703], [137255.98075102645, 517288.7834073067], [137358.57236583918, 517277.83413560066], [137421.17236902242, 517253.86648583354], [137677.23548317756, 517120.9254842817], [137819.338867683, 517098.58897334925], [137934.4823978119, 517054.0201328528], [138279.2507159595, 516840.7605939638], [138372.13718005852, 516708.7681796226], [138421.15812972118, 516584.40508201666], [138401.60812214587, 516485.9498212196], [138351.9792601657, 516427.4280085688], [138463.58592529886, 516455.8049798836], [138556.46829799697, 516437.5447610652], [138714.57886157063, 516441.36791354703], [138815.74310192795, 516394.9155213195], [139062.85924763902, 516392.0740365558], [138910.60222806307, 516444.82101455674], [138851.97605182562, 516483.9162959923], [138807.8385568568, 516576.13219063636], [138841.2725148249, 516603.1261541329], [138803.0917952654, 516629.0850018497], [138777.37976602121, 516692.7706436567], [138787.76565517898, 516822.52138617425], [138824.32651400924, 516886.81573243684], [138917.435542518, 516949.90494177386], [139003.18550304737, 516961.41569430404], [139166.88398914246, 516936.2185112018], [139330.64562968796, 516834.2227164348], [139373.0579962432, 516729.1776146143], [139359.9775230189, 516656.0033645856], [139375.41132945492, 516634.7065000432], [139349.48856903627, 516519.41442778346], [139365.86920606886, 516460.6290102339], [139357.53043583303, 516391.04114678584], [139409.58119289606, 516368.96705387183], [139513.56036666126, 516363.5085785015], [139528.98116793018, 516305.21944504813], [139529.12016318264, 516365.95893942815], [139592.0794434925, 516385.00928094797], [139662.9879127895, 516481.3183825691], [139763.09296108378, 516534.2155703399], [139946.82181278986, 516533.97583866515], [140040.64898194632, 516577.64501432574], [140115.46731776526, 516587.1281348303], [140159.94189459353, 516567.7764293058], [140198.73305988003, 516496.0882278695], [140337.77041082358, 516562.50932926725], [140467.78956813348, 516543.96203464357], [140571.10949169495, 516494.2039995857], [140620.73940834354, 516492.25465674914], [140830.5360593455, 516612.27679051517], [141005.83156930207, 516786.3683621007], [141189.99135760314, 516852.86027186614], [141498.46553706494, 516908.2749846888], [141639.83228218745, 517035.76575125835], [141757.16814031705, 517247.78580333357], [141910.09481071285, 517395.63705977716], [141983.6923864897, 517515.14709789597], [142063.4571000219, 517810.8459527239], [142200.2940280365, 517942.2369834075], [142243.712262746, 518033.7369291256], [142221.1015658954, 518084.92610836786], [142093.59132223862, 518169.35348944075], [142018.08157647916, 518191.46211136563], [141951.3613796594, 518171.25842975423], [141854.06593025767, 518204.7972779987], [141816.11932795294, 518249.0732297577], [141809.16628208233, 518306.9693408859], [141932.06709872495, 518285.239224336]]]}}, {"type": "Feature", "properties": {"rule": "mudflat_perimeter", "coast_clear_m": 30.0, "inset_ratio": 0.1, "site": "incheon", "lat": 37.4308576, "lon": 126.417128}, "geometry": {"type": "Polygon", "coordinates": [[[141376.00181752644, 531886.631211769], [141426.29511134213, 531789.7015448367], [141569.32485723193, 531778.5456154181], [141627.16736771012, 531732.4600027248], [141665.03194706663, 531640.0147243313], [141660.74559542222, 531560.4567575098], [141360.81127339025, 531532.8202012263], [141284.25708982412, 531500.0734994588], [141203.0553591716, 531404.9801711596], [141033.96792011877, 531360.6477531815], [140999.21104665817, 531306.1000825706], [140994.98158209905, 531251.2933351962], [140948.71545720837, 531189.4395291067], [140936.26374759423, 531097.584673852], [140667.5297362317, 531081.7026713035], [140625.2078236104, 531047.1817749949], [140591.11671283765, 530963.39916187], [140446.60513343028, 530898.1515258858], [140189.97976049542, 530876.0266954233], [140140.0081022292, 530862.9681764083], [140029.37643872676, 530779.3768799315], [139716.82311069468, 530744.0050753423], [139593.11686966947, 530712.6345045485], [139507.06638408313, 530654.3130513341], [139496.95134389232, 530567.2268686519], [139478.13597078272, 530551.8912499594], [139223.26732424521, 530446.5570101871], [138875.25959602973, 530391.4354907407], [138732.308644885, 530309.346786756], [138599.93117100137, 530292.3554271648], [138503.38858557306, 530220.8126415581], [138259.48374598933, 530134.3359465814], [137922.71111530866, 529859.274131108], [137635.32073616795, 529764.6893997567], [137486.85797230623, 529773.5438731599], [137456.2344049374, 529751.3956828509], [137416.16241785456, 529666.925315414], [137194.7611931609, 529647.2361935114], [137150.4730747883, 529663.1719948738], [137141.6238360906, 529699.9202439549], [137114.9783279921, 529648.1854229185], [137076.6422083515, 529662.670374508], [137074.54505844027, 529705.061488347], [137121.86957814547, 529842.3084902766], [137284.69186206185, 529946.2534389612], [137357.57689840475, 530146.4138804518], [137415.1659991085, 530165.5082057785], [137528.94696509535, 530157.1693924634], [137655.24310050617, 530179.0943976176], [137779.26268259736, 530308.4666553413], [137850.06702261118, 530352.9649710375], [137985.9657539816, 530372.593726334], [138096.2495259286, 530472.9264462166], [138488.60596944526, 530608.0472632014], [138718.79622996642, 530777.8561903706], [139040.4505661, 530834.9200940978], [139386.98641409862, 530959.50848948], [139438.92931170185, 530991.6083118458], [139501.814627001, 531078.8600633561], [139820.16791771085, 531161.6245659525], [139922.23377661916, 531277.3407389028], [140046.20218317077, 531303.7172646], [140190.0606666284, 531407.5124944845], [140282.81358490308, 531438.2274992495], [140353.61169933577, 531487.4765315371], [140499.87577496655, 531506.1378959144], [140954.9783904376, 531629.9593073825], [140997.01989609873, 531692.231192961], [141081.62888069256, 531723.9569389083], [141063.5134344197, 531775.7634434848], [141104.1567563626, 531848.5916743941], [141224.93478292806, 531897.9000791977], [141293.6956293985, 531853.0616394886], [141376.00181752644, 531886.631211769]]]}}, {"type": "Feature", "properties": {"rule": "mudflat_perimeter", "coast_clear_m": 30.0, "inset_ratio": 0.1, "site": "incheon", "lat": 37.4308576, "lon": 126.417128}, "geometry": {"type": "Polygon", "coordinates": [[[137217.29950062517, 543656.5040123386], [137116.2174514563, 543960.9690229762], [137091.58440960338, 544242.1217108684], [137118.15589594847, 544308.746064737], [137228.15160896638, 544380.2289818728], [137213.20060196164, 544256.6428124311], [137224.39951203146, 544200.38299238], [137326.8424305605, 544078.1193356396], [137257.3661709474, 543902.5953692729], [137252.83283152292, 543833.9393035681], [137278.39150084418, 543759.7977830712], [137241.61174512835, 543641.021143107], [137217.29950062517, 543656.5040123386]]]}}, {"type": "Feature", "properties": {"rule": "mudflat_perimeter", "coast_clear_m": 30.0, "inset_ratio": 0.1, "site": "incheon", "lat": 37.4308576, "lon": 126.417128}, "geometry": {"type": "Polygon", "coordinates": [[[155497.09682494926, 547205.8096811422], [155446.45733586524, 546858.3705865694], [155414.88965464686, 546861.0712493856], [155364.54411365854, 546794.4030590696], [155382.67449410897, 546772.9133582157], [155427.691658726, 546783.8170682287], [155434.35997939028, 546764.3120227205], [155373.52329600413, 546306.3836937611], [155323.13484637637, 546248.1543846839], [155260.97909516303, 546077.6682192647], [155028.65477362994, 545856.3638244076], [154992.18424190313, 545699.554705233], [154922.98204669234, 545605.3186360341], [154907.68233005688, 545536.3255572534], [154760.23607682483, 545379.3958205563], [154647.31573551873, 545318.3858222777], [154611.30625804086, 545253.8971316736], [154477.0814202854, 545178.5754912836], [154381.9146339574, 545088.351018896], [154128.14568329492, 544941.8428716206], [153974.75366254876, 544876.9069716911], [153812.81204983388, 544737.7467974155], [153625.71355744172, 544650.1526838179], [153553.37973836667, 544647.1937857798], [153442.3045176771, 544591.7879391043], [153385.57881473342, 544592.8723265612], [153315.44396394753, 544558.1313395562], [153296.5602039991, 544581.5773911827], [153267.57479389283, 544558.2643339558], [153261.50943875665, 544521.2330221978], [153232.65158487417, 544508.0932589796], [153133.41901915488, 544508.0058544279], [153070.97683605447, 544485.6943412351], [152940.46440853906, 544494.642708788], [152996.04036760936, 544563.1152883263], [153070.05269543172, 544597.9387917768], [153206.07955457366, 544604.9541505495], [153299.6051374731, 544664.1931890887], [153413.88131571398, 544688.1218723789], [153466.42553068133, 544720.4894412736], [153549.1892152039, 544728.2481687532], [153771.33194414302, 544829.2208699272], [153919.9975472271, 544963.7218310209], [154082.94942412176, 545031.5390435944], [154326.74835449702, 545172.2842466458], [154418.9393742123, 545261.2463441181], [154546.89998337612, 545330.9681177437], [154567.24490597934, 545383.1521663298], [154694.52769108443, 545455.3597143046], [154818.09643971646, 545581.7400192883], [154831.7258736121, 545653.9698474375], [154907.77197944743, 545760.4027294042], [154938.68507513977, 545909.3775613474], [155006.9449336207, 545965.6429977901], [155032.3355311373, 546018.621564738], [155106.08346810227, 546054.8779450613], [155180.08653290637, 546137.2039100858], [155225.97322833503, 546294.8103023442], [155278.03382884111, 546341.2935758877], [155327.11172110977, 546468.5918023301], [155330.85738123482, 546588.6134879355], [155372.10015892627, 546668.430687393], [155322.91919842182, 546813.2037985326], [155402.71811404717, 547039.6589707922], [155388.3510058039, 547270.4250417887], [155347.21479390893, 547364.2417755127], [155359.79245439093, 547545.0787756569], [155402.96532020287, 547770.7555005039], [155513.53627781832, 548005.3659180455], [155570.75680156992, 548074.8352849049], [155588.2816029644, 548216.4479300942], [155755.64954512994, 548297.7756342291], [155799.03080979834, 548375.451283758], [155954.80554887775, 548402.514443646], [156040.0909821447, 548473.3937292709], [156219.8709215498, 548524.9058848278], [156273.98813809152, 548628.623472533], [156262.75266995607, 548642.416673375], [156065.22117877362, 548646.8100691848], [155902.85442572174, 548602.9184666434], [155785.35738252773, 548528.2607650514], [155739.7053173435, 548424.4418993038], [155625.56049335754, 548412.4201622742], [155542.8509023449, 548363.5662319631], [155408.89225300946, 548323.9038456794], [155279.93361275824, 548093.9025570801], [155157.8444597337, 548015.5539037609], [155144.360156484, 547936.8890871868], [155096.8844974804, 547852.6266051363], [155101.58409513612, 547691.0952612711], [155046.76536989294, 547538.4239314627], [155073.9775433269, 547446.1863775357], [155046.74925428117, 547360.0415858679], [155095.0281870035, 547249.9857992991], [155072.55815791787, 547155.7388329896], [155094.4453778923, 547077.2948758997], [155086.6492898822, 546969.1875601481], [155054.0392755824, 546839.0518764122], [155068.26834863686, 546763.601442671], [155045.01548073997, 546669.6034170917], [154982.8841825874, 546592.5924130932], [154952.41153585853, 546511.1291147601], [154947.48175385853, 546387.2698787322], [154883.96711867582, 546284.9157109141], [154759.8624783262, 546183.7745562947], [154704.66687140393, 546106.8485871018], [154636.67797074208, 546096.6533941684], [154565.41074356064, 546019.6984449674], [154483.27857679865, 546006.3898591021], [154433.3890577465, 545977.5784957103], [154387.5547305761, 545875.6011715507], [154289.44362626004, 545739.5113249039], [154181.02135674685, 545671.7045607758], [154089.42428286775, 545644.5074058141], [154082.6761417882, 545574.9239918204], [154107.55796365187, 545504.4349979047], [154093.17902089143, 545467.8313639915], [154051.73997998086, 545456.0751323832], [154000.79097041054, 545477.1181347437], [153807.0313315325, 545629.6463643421], [153803.35591830494, 545705.3673684669], [153867.72220441402, 545796.3007189933], [153815.04960132603, 545838.182722711], [153715.28567571918, 545868.8134181063], [153680.50599822856, 545930.4511810575], [153683.639843682, 545961.6438254907], [153755.6617069374, 546137.180399587], [153877.75033600553, 546215.5274809792], [153938.02609101328, 546232.0591489027], [154032.94017865573, 546310.7669984715], [154007.4721689336, 546395.6969615839], [154009.15547414447, 546494.2360116572], [154081.24130302836, 546742.6202072445], [154128.7600763767, 546808.3357580904], [154246.29740463963, 547086.0938351422], [154224.58383843474, 547245.6845546017], [154282.77340143532, 547419.8649646463], [154300.87077208873, 547696.8220076], [154377.49842842296, 547894.1458368431], [154384.8160952502, 548024.3683655902], [154453.4740435254, 548136.3011009621], [154461.19510145928, 548232.9998704277], [154561.3373868714, 548422.9641640435], [154562.98470701772, 548553.1757793394], [154681.69009886254, 548687.0173805102], [154656.66638916082, 548779.9261223823], [154673.32621360614, 548828.2820625346], [154672.63615966128, 548979.7728216854], [154650.98363128927, 549032.6971511567], [154618.33533067146, 549039.3703633368], [154386.44007772752, 548928.2477470011], [154353.5333406002, 548842.9822865957], [154268.45859376303, 548746.4195722578], [154180.81333527638, 548562.7996901111], [154139.7449669891, 548548.331965128], [154101.3455125878, 548587.6109111067], [154114.258896668, 548633.5899951278], [154084.69756795221, 548717.2612176277], [154111.1780848253, 548986.7710648162], [154184.83466432776, 549097.2239110521], [154127.1988479781, 549212.4945245801], [154123.47417971332, 549268.6048120647], [154162.33736894166, 549342.6836281393], [154243.39868036777, 549389.909158752], [154270.95850713807, 549437.4502619073], [154157.77215927836, 549557.3441946934], [154135.22549984226, 549607.2412974717], [154140.31167395832, 549783.1838003367], [154187.50006487532, 549940.4273050635], [154274.1466953976, 550021.8354232128], [154393.20698675036, 550183.3736942671], [154482.32363327616, 550209.2705799236], [154599.00023465432, 550304.0056739396], [154726.68526419485, 550357.2235777621], [154856.28251408495, 550496.8607354718], [155096.03824925015, 550564.5886959143], [155282.14474580073, 550720.0536545971], [155341.98041256145, 550727.8891323565], [155551.076895343, 550900.031928546], [155641.53137413412, 550921.4571007518], [155712.58578575525, 551007.1599850078], [155823.52863210108, 551039.9901350341], [155878.80760382046, 551111.91913329], [155996.30462073564, 551123.7633762199], [156111.90766264586, 551233.727345384], [156355.45190845348, 551370.6026299789], [156424.6607390369, 551386.6383210546], [156517.16316306163, 551491.3607107314], [156995.4217280845, 551807.0514410336], [157073.14039228397, 551890.2090936354], [157222.9027327662, 551951.648616067], [157279.46926617084, 552032.3562443921], [157473.39966257795, 552134.4877439274], [157595.2050311069, 552264.336250194], [157861.490518127, 552452.7622516085], [157933.7282770022, 552544.5544530244], [158105.9158360687, 552672.7252336892], [158154.7182265481, 552745.2675639301], [158234.4423657357, 552797.3419543254], [158292.33945790064, 552877.9537694447], [158402.3630931887, 552938.7982056465], [158448.5686080665, 553008.5352894115], [158574.29625570422, 553077.4650937273], [158665.30278513103, 553191.455038156], [158820.49852111135, 553213.9625387092], [158870.09261311765, 553250.770122393], [158883.74410974392, 553293.4377963213], [158844.7443903661, 553352.2361015552], [158754.03395461867, 553341.0548952551], [158705.09411074434, 553376.1714246003], [158720.88102407946, 553536.3599322754], [158775.97980586562, 553656.2895252374], [158764.85719799553, 553712.3056852041], [158704.42383637858, 553811.7751554393], [158690.90828894428, 554105.0034741214], [158720.81587128327, 554161.8933721038], [158778.5412345266, 554189.6237404987], [158795.01080234649, 554287.9797548568], [158844.89984580432, 554371.8591256621], [158896.16968245967, 554390.8891497032], [158998.91418605542, 554544.0850847145], [158999.34404644865, 554585.9089267043], [158937.41102022707, 554693.783989569], [158740.9959058837, 554583.596282481], [158696.42898839276, 554436.8895412221], [158642.3695890594, 554361.7346981093], [158649.37478659546, 554282.2539406621], [158580.43401323596, 554158.9048834532], [158305.19856654922, 553893.2814919987], [158244.61961535836, 553751.4845451637], [158161.9265733101, 553651.7190349336], [157892.36325434948, 553367.7164672184], [157793.29634578424, 553291.3541671475], [157719.13226507846, 553165.2692676175], [157572.9824925604, 553058.9033793118], [157379.05121345186, 552832.0147752463], [157085.0318200196, 552576.745455862], [156763.0026380293, 552392.3832276461], [156640.44168817814, 552299.5209865943], [156493.27653370972, 552240.8866221177], [156344.62012959292, 552128.9684845849], [156202.99366831616, 552059.7014862234], [156049.6713115285, 551915.9330897318], [155827.1930181145, 551786.6934670004], [155609.8076796863, 551701.5644751607], [155512.90625283422, 551626.2497183417], [155353.5781004881, 551577.4828087385], [155143.68156151165, 551411.3853010428], [155024.55650063776, 551372.9743063427], [154933.49446398419, 551319.9094785885], [154832.90919482723, 551298.768998266], [154745.59170271852, 551248.9093967766], [154649.44018311537, 551138.359337338], [154499.2637072252, 551074.4122567214], [154430.71163026677, 550973.2003048137], [154082.02840282183, 550742.5242583548], [153631.7131073303, 550362.9319486648], [153323.0856927287, 550268.5512731343], [153214.7221877868, 550198.8066938758], [153124.47158324052, 550196.8871448003], [152996.22303616762, 550141.1570044468], [152895.3996769021, 550131.2622395844], [152821.96239581655, 550139.9502931109], [152719.82492606243, 550193.2794559501], [152319.35236647827, 550260.5127253211], [152198.15657028856, 550318.4361549085], [151998.11286981867, 550343.3689388101], [151884.577841989, 550397.7674831478], [151590.55409373296, 550447.0140909189], [151411.64817468871, 550546.7105492209], [151287.14329281033, 550582.0628752294], [151210.08620042336, 550643.4249801949], [151056.60281899417, 550675.5353864395], [150932.398437358, 550756.2699616359], [150681.72554905582, 550786.187939356], [150468.0281953277, 550859.8928634621], [150187.7540819017, 550812.5853264064], [150080.92821869688, 550892.1581374189], [150024.45169579075, 550905.331306925], [150013.74131357123, 550934.1352180936], [150021.9420010024, 550994.2798264337], [150096.52369698908, 551109.4934707916], [150302.78836879256, 551207.3834760222], [150382.0238528488, 551340.3220835167], [150542.40281784002, 551517.9876463261], [150809.88337571928, 551588.1802715757], [150957.06168459204, 551673.9388889798], [151083.4084675338, 551671.0022427894], [151153.9572841726, 551856.757497487], [151257.66624506342, 551967.4671737727], [151368.01487311785, 552004.0657000124], [151485.32231519994, 552010.3123114674], [151605.031162662, 552141.6128060119], [151733.59297998267, 552181.2558808011], [151776.57444238703, 552269.0161610692], [151873.4741213087, 552344.3303774551], [151996.60640862831, 552490.9547618694], [152113.5273105943, 552545.1318862666], [152116.9214553316, 552652.5191487137], [152246.73603184018, 552753.1596118676], [152315.92206694133, 552855.0098507602], [152350.41700990332, 552955.4970731382], [152334.1395556078, 553008.1519849394], [152284.86395968057, 552949.1015407685], [152136.78873141485, 552905.448761517], [152045.34378392418, 552842.188259087], [151989.1397282535, 552841.8048076342], [151862.03392630172, 552881.8504955958], [151811.68382252552, 552873.2789210214], [151785.04202510865, 552819.7103864563], [151768.5171793983, 552647.6042485847], [151719.88506778324, 552558.3171738735], [151653.12488221633, 552491.1448347389], [151538.09284345363, 552438.1952061123], [151236.18185143283, 552383.7690330909], [151065.0432565895, 552237.3736833245], [150942.85107284287, 552223.5233988486], [150801.39951043783, 552283.5144234683], [150617.81673406126, 552246.8566837029], [150490.01394523575, 552200.011260746], [150357.05623053573, 552039.3035526634], [150145.17879633952, 551908.5428554459], [150059.55402441608, 551896.7203203951], [149870.22048634768, 551937.9423339004], [149716.68043325786, 551809.7357930108], [149560.700979213, 551811.2290061284], [149512.1350932317, 551748.5696681824], [149464.12435687307, 551631.5462679929], [149413.07405403763, 551583.3967943413], [149316.26385661546, 551577.8993221124], [149196.77236546786, 551615.6070789092], [149096.86132352264, 551623.1062618203], [148874.087968031, 551528.61471503], [148732.00258949204, 551574.217122895], [148649.5961937644, 551516.3379570126], [148492.90959062113, 551461.8786588898], [148321.66178725532, 551319.2334827002], [148123.10635406466, 551274.7582832136], [148048.1448365641, 551237.663212435], [147915.98505025316, 551217.2260893341], [147684.31674005123, 551007.6704069356], [147537.5314334418, 550843.6711239628], [147464.94422269822, 550812.5020116606], [147306.36506406433, 550848.128218178], [147243.77390140624, 550821.5465002396], [147218.78398551056, 550779.5772352186], [147221.75550348003, 550729.1402564911], [147264.6170490926, 550673.2393954179], [147336.21825486104, 550631.762066259], [147315.19596100372, 550550.5644457742], [147215.31487414482, 550497.9397806694], [147169.4838111823, 550395.9639353382], [146883.3267549931, 550047.0629755318], [146859.1506468639, 549967.0174223282], [146759.71586405928, 549892.8704696731], [146677.188442779, 549913.2400216023], [146597.54275900515, 549902.6396096208], [146570.68965713738, 549933.7247468128], [146557.74455418592, 549993.4181322707], [146579.43940164935, 550056.4113046746], [146574.92647382483, 550209.0653905347], [146539.98564023484, 550279.0097114382], [146507.05097525966, 550432.3718850861], [146464.89314123447, 550514.7254322697], [146431.0733019398, 550649.8183152837], [146282.3703338547, 550902.09239178], [146257.51394944708, 551002.5635227314], [146171.0390022261, 551149.7239114225], [146150.63420680386, 551278.1648744093], [146122.41709402896, 551328.7516676756], [146060.44905330124, 551377.183428808], [146047.62097007793, 551460.9103509213], [145937.77774612655, 551489.5104823626], [145849.92040501547, 551642.8911823224], [145816.44830543274, 551672.4285240695], [145689.34097775488, 551712.7237640454], [145632.9788804028, 551809.3991651209], [145575.22999995263, 551853.0451272111], [145410.58509705827, 551876.0418326432], [145262.08351615895, 551852.631459052], [145036.33083313672, 551898.3274001696], [144940.15668838465, 551968.2176944676], [144860.0123965486, 551995.5749020296], [144788.6188672809, 552087.4922662476], [144721.873324219, 552107.8532261879], [144678.6333889863, 552092.714110187], [144658.72157964407, 552020.2907901114], [144708.8746390582, 551977.1083299988], [144799.6220598918, 551941.2272145487], [144811.5626947764, 551899.2314681837], [144793.72552471573, 551861.8364408461], [144686.3218212869, 551850.379241294], [144587.0527047828, 551889.4372788295], [144350.06320112702, 551811.2239574373], [144223.85753806622, 551840.0380239474], [144185.74215639092, 551786.7274122312], [144166.92551662523, 551687.0778943823], [144193.15136190996, 551561.8867503443], [144280.7371764807, 551503.5007823475], [144506.60593386166, 551464.0575648819], [144544.1607578015, 551420.357202828], [144550.43492907984, 551370.7409093417], [144509.50385129597, 551327.8700657091], [144413.4275800829, 551291.8262738739], [144213.22138298026, 551232.5666039264], [143983.46578046645, 551209.4283885331], [143916.52402175413, 551158.2542043806], [143965.2654538946, 551080.791941116], [143991.1862078, 551091.8437397132], [144064.82198440155, 551075.1602803117], [144163.7136795755, 551100.7641713462], [144438.80559128174, 551083.1176403208], [144463.19212141284, 551044.3868697542], [144451.16260751986, 550994.381203351], [144417.73647686344, 550967.420140586], [144381.12805025105, 550966.6413859031], [144430.31073981294, 550868.4385819456], [144420.7402333242, 550826.2351696115], [144394.78805573858, 550815.1830063632], [144370.8210840887, 550835.6730986407], [144260.85356514918, 550838.5833227478], [144118.74989573756, 550877.3094335735], [144019.52276333218, 550867.4485672105], [143971.56286205832, 550908.1780103396], [143942.95970178582, 550899.8191376842], [143784.80975045828, 550953.9538540347], [143638.85378056843, 551050.3473005478], [143590.55905391317, 551106.819112113], [143437.90177458012, 551148.0708511247], [143341.6422404916, 551245.5213982709], [143237.36946093536, 551227.5528000562], [143161.27524033276, 551236.4335935925], [143103.12801959954, 551263.9461565982], [143017.27904947966, 551364.1180209726], [142908.5958818051, 551430.0543816013], [142808.48163480294, 551461.9235325776], [142530.49133494362, 551492.5079329868], [142356.87969984033, 551536.0628545863], [142128.28511099648, 551703.6957980326], [141951.60891476457, 551767.9346221735], [141824.12272159872, 551856.9701870217], [141774.26244344888, 551863.659145881], [141626.6228278456, 551792.5184500199], [141551.00714097754, 551780.4096697319], [141325.9120828894, 551783.6195615768], [141225.46887795383, 551830.9809204615], [141070.28073613608, 551992.6749352191], [141020.25060693052, 552007.3598837217], [140950.35869912803, 552094.8706098964], [140788.20580486345, 552337.1641362199], [140756.70983612508, 552464.7405342072], [140740.97849841916, 552590.1528903593], [140748.18959157035, 552865.0498954814], [140726.71577566504, 553013.5896235295], [140785.764846564, 553190.3424862876], [140755.86061253102, 553364.9519472304], [140807.5033892573, 553766.2923005122], [140766.66133244257, 553964.418502065], [140779.11211443116, 554116.429784332], [140725.26555200276, 554188.5318045776], [140699.14913818607, 554185.2261372651], [140650.485131743, 554137.1906066816], [140536.52086496787, 553959.5185631671], [140451.87580471887, 553633.224322316], [140440.9833436844, 553407.9981697751], [140463.5212820488, 553209.4825948658], [140409.71471635485, 553033.0917040133], [140428.84632656738, 552871.2526385303], [140387.85075339195, 552708.1339520538], [140408.93593616353, 552577.8360400303], [140316.33758075009, 552256.6233224636], [140072.1725408744, 551926.9352540872], [139923.31118312554, 551913.2674435416], [139726.28567572322, 551828.0770120602], [139576.6404182627, 551727.8950839249], [139401.9121250582, 551700.6777242481], [139153.35797840354, 551700.6380800816], [139105.11695676285, 551754.6100544737], [139138.0421657519, 551805.0589383399], [139144.8240601656, 551854.9519774653], [139074.7146413299, 551952.7068948484], [139166.71281217883, 552056.9118465539], [139186.58738496416, 552106.8331480415], [139182.85429579444, 552282.2485255512], [139138.3828856205, 552404.2979808984], [139203.71149725973, 552531.1850491691], [139229.8088257269, 552657.236841623], [139187.4027396207, 552805.5795942514], [139186.29790138686, 552980.8008927065], [139153.2902821897, 553056.0959648759], [139197.07929430227, 553211.2735404567], [139234.7653240472, 553531.3165883104], [139221.62551599127, 553656.7828289267], [139258.74499854984, 553756.8205817465], [139191.67508366954, 553956.8865995895], [139208.92016732323, 554007.0024147758], [139335.45950124954, 554085.6938442115], [139273.1891833478, 554183.6151899353], [139247.55185017054, 554282.5665206119], [139197.63334612214, 554292.0037077783], [139153.93168906562, 554254.5739948193], [139115.78439502115, 554081.0170438092], [139039.99822905508, 553953.6574681259], [138960.5764840234, 553750.4726142185], [138853.37194030182, 553625.1943721934], [138845.57830638427, 553499.5322259691], [138712.25205291522, 553371.1979437947], [138621.41933632875, 553212.2691110882], [138572.03825875113, 553197.9686327433], [138445.93090243515, 553221.5332408436], [138390.05809627238, 553264.8425401637], [138266.63335645583, 553285.7146385298], [138168.8624415689, 553330.8816820568], [137944.46209387953, 553302.3553235042], [137896.25865353335, 553353.8273368988], [137941.62155161035, 553435.7904663271], [138015.90094247696, 553510.619074174], [138235.08153247694, 553661.7798215679], [138287.34105839801, 553665.6426655233], [138362.17297310216, 553591.2382357998], [138404.08077323413, 553589.6302226867], [138457.93942803444, 553763.5213346604], [138589.14149888887, 553868.3112214293], [138628.43753988226, 553989.3938048349], [138829.65081819892, 554247.669614178], [139019.9530554567, 554403.4670741599], [139243.54029803257, 554470.9758380161], [139337.8330768414, 554710.9768073118], [139511.220567172, 554801.1663316066], [139634.35937898257, 554916.2852192583], [139831.07967963206, 555017.2215985096], [140107.119829109, 555078.0984167547], [140145.35095199576, 555125.9111635184], [140212.24296996376, 555302.5814807636], [140263.5026073664, 555353.4216810013], [140410.39091427356, 555581.5444360366], [140562.01535579262, 555710.520598212], [140614.78665335433, 555813.6420129213], [140759.15734269063, 555913.4647257957], [140910.31318233797, 556065.9311535379], [141154.52103801563, 556146.8809245346], [141231.14262133837, 556235.0110226304], [141379.05730018718, 556293.1605313484], [141503.26069673515, 556481.552251629], [141708.74322103965, 556661.1759398121], [141753.6964180334, 556761.6319375897], [141799.70873811553, 556812.3613270648], [141968.27436339197, 556883.9508234926], [142039.1534121663, 556995.208749808], [142127.0740086259, 557044.3309040418], [142209.17200050657, 557121.8288517919], [142336.35145412167, 557169.0375606369], [142507.9034711843, 557345.4397159074], [142606.12322905235, 557402.531588196], [142890.01515218263, 557709.5758869043], [143046.7284518907, 557846.1630468527], [143089.72803265887, 557915.0782877184], [143101.20122053262, 558114.3205214498], [143138.53781581225, 558204.1149740095], [143551.90331505123, 558573.9193954157], [143594.5039895235, 558922.5741997254], [143749.49678713005, 559085.6257159992], [143827.14287520593, 559316.278584217], [143938.92161596945, 559443.9102145215], [143954.54437515244, 559618.3164854816], [143976.16569243657, 559657.6015187395], [144074.456696013, 559597.6282523788], [144052.75098280932, 559573.8931329197], [144038.62227371367, 559423.7485240337], [144003.93383580452, 559356.8952085667], [143912.6009295857, 559262.1452117718], [143834.11982764132, 559031.5235337453], [143686.7579173804, 558882.6926080481], [143669.52694917397, 558620.0174476639], [143645.1884112423, 558536.2307306294], [143567.12028910406, 558447.7586071654], [143219.8331451515, 558143.8362654963], [143200.85120920456, 558101.0450125689], [143187.66557610108, 557892.7995378767], [143118.82588563068, 557776.2340460153], [142957.4560414129, 557634.7633878844], [142676.91970564518, 557331.2857882354], [142575.19644638995, 557270.5129879657], [142400.95100451141, 557092.1285026565], [142256.08861036503, 557031.5923868052], [142188.54200827947, 556964.8967166374], [142106.88774970188, 556919.1831162152], [142031.58578518432, 556805.9779501286], [141845.17032204758, 556716.8639655687], [141787.21073473306, 556598.4786160672], [141585.3944636136, 556422.0805367805], [141441.13209994958, 556214.19962745], [141292.9513035261, 556146.4095572904], [141255.5740011526, 556093.8502546265], [141199.7069171484, 556057.1795230015], [140962.30430538338, 555979.5371507794], [140821.4827283491, 555834.7014639757], [140684.5320088701, 555741.0476935164], [140638.4136701119, 555645.3178169894], [140489.80865750444, 555519.2729990138], [140291.59282259463, 555240.3002628618], [140234.9778470108, 555080.5776792053], [140173.04453852298, 555002.3221817026], [140079.147517742, 554961.1957730058], [139821.51530265054, 554905.6788331396], [139691.09599067378, 554833.3217659858], [139569.841893719, 554719.6087128094], [139409.26942101502, 554636.1843925756], [139359.88924359923, 554465.4671584369], [139284.18913426544, 554378.3332056017], [139349.93052298288, 554303.8476616637], [139364.87430805346, 554227.4595949819], [139418.60356553216, 554155.8899381522], [139435.843370022, 554089.0380930476], [139398.9622441367, 553995.9419170175], [139294.61782878733, 553942.6586747969], [139359.17294618374, 553758.3478158616], [139320.44761483703, 553634.1501607173], [139334.7594016927, 553521.867273741], [139296.98591943417, 553200.9405174357], [139254.0904017095, 553075.644784619], [139284.2851491443, 553002.8600039062], [139285.75498008396, 552828.8352442225], [139330.2247441892, 552659.4159307381], [139300.16343692018, 552503.1649055982], [139242.2346378187, 552403.7198662154], [139280.5984170185, 552305.3611168411], [139293.28616235088, 552182.3521055895], [139272.44646158756, 552043.1796264815], [139203.865401571, 551949.8396338001], [139242.83765169882, 551876.8937409488], [139243.8583074977, 551801.8097461052], [139548.93284636477, 551824.5147092586], [139676.2795444539, 551915.1832227772], [139883.919449893, 552005.6600647996], [140028.0862896698, 552024.0460783611], [140090.92549904916, 552135.369214761], [140217.388147409, 552285.820558805], [140304.85494808425, 552575.6951439199], [140287.7996813108, 552716.9593747301], [140328.1558517386, 552881.9854085699], [140309.58360063692, 553040.9571204091], [140362.55117626942, 553206.7969966647], [140340.5665757574, 553405.8585835788], [140347.02833260255, 553617.4897988042], [140422.5207910971, 553936.3581765009], [140449.2255036496, 554009.1937582076], [140602.6447499452, 554235.1694640474], [140668.42116548162, 554280.8498623729], [140750.72096131233, 554285.6921218212], [140831.43037360904, 554230.2694882719], [140875.231328929, 554145.5708501039], [140866.9602613574, 553972.0890043732], [140907.4202458194, 553791.9183713736], [140856.38507336215, 553362.0331288826], [140885.81135828214, 553181.4655159127], [140827.67945053882, 553016.3231476342], [140848.6063892133, 552867.1880865715], [140855.33702249094, 552485.8223130866], [140884.8829204893, 552376.7110923509], [141030.5996174948, 552155.3676877639], [141281.81258709688, 551914.281784106], [141344.0441160295, 551882.7870702476], [141583.9437190747, 551884.3229210961], [141753.17388157314, 551961.8598468357], [141856.02001835714, 551952.2102393605], [141997.0448627603, 551857.6619373163], [142181.0652272444, 551789.1496711973], [142398.13925863983, 551628.3553718413], [142544.13384715957, 551592.2115790586], [142826.14793039608, 551560.7972252871], [142942.42323181115, 551524.626129505], [143080.52327154888, 551442.1454102974], [143192.29988914117, 551332.079296556], [143310.6830052354, 551347.8246287501], [143382.88448508224, 551337.1029595762], [143431.63627597174, 551308.6064903411], [143484.9304724712, 551240.0064641075], [143635.9009068135, 551196.4417737871], [143795.45400244926, 551061.442494159], [143862.3705561486, 551038.1963944148], [143816.3146344703, 551165.0500715214], [143830.64531144768, 551210.3402123491], [143883.26237537668, 551269.8599823167], [143963.6586997549, 551307.8955640978], [144195.35066571535, 551331.5998358758], [144385.52627560313, 551388.9069168955], [144218.0387663574, 551420.9044697353], [144105.18167307792, 551513.4157388344], [144064.3810708262, 551661.6214060723], [144114.93121848063, 551872.9621937383], [144202.07332537242, 551938.0867525843], [144345.65057864852, 551912.0109823947], [144563.5888619184, 551988.1814070052], [144568.29033315228, 552102.2572650864], [144606.54309732126, 552162.6504738161], [144654.66254171595, 552193.1085799531], [144746.6954128322, 552207.9393420449], [144844.4078241732, 552170.8055573319], [144801.10030986607, 552231.1982082399], [144778.60671860544, 552309.6672218384], [144808.54155417002, 552451.1285946622], [144908.89004318745, 552551.6978866315], [144985.28925157912, 552572.493877554], [145051.61850149467, 552562.3434736208], [145116.8055169182, 552526.4391650386], [145164.64911749482, 552454.8085903227], [145193.83345937793, 552303.176564662], [145181.04728181663, 552217.9683429863], [145135.27662786003, 552151.177839138], [145060.64815322787, 552108.0920067085], [144972.39115630405, 552097.4255880094], [144895.05585605046, 552122.5732404029], [144930.29459036965, 552074.4847767047], [144990.24036640627, 552055.2793410511], [145076.13057094926, 551994.2090691406], [145268.17347110691, 551953.2233363308], [145418.3534920018, 551976.1805222193], [145636.49618721876, 551937.0397076417], [145710.68845962523, 551873.0334829618], [145749.34370806767, 551794.30603686], [145861.28365367957, 551762.3056438364], [145919.11211635213, 551715.6964856478], [145991.66900714845, 551582.0761059487], [146065.33621760807, 551570.8984049724], [146122.85127404123, 551527.4573754648], [146154.33630054083, 551433.5803767828], [146243.39373154065, 551316.6846833471], [146265.1728793037, 551185.0671545862], [146349.9786568014, 551041.7857486228], [146371.66670617173, 550948.7759438447], [146525.64751059818, 550683.6387849232], [146672.92247166988, 550231.0855975354], [146670.07007243505, 550013.3795859091], [146745.01347612662, 549997.5957180099], [146819.32919834874, 550131.0689494287], [147089.3014582735, 550456.74100938], [147135.6744548747, 550559.140342174], [147192.18955988841, 550603.2899896704], [147147.52687835382, 550650.9255318011], [147117.84307326138, 550735.9433120319], [147124.65227425113, 550815.9784657815], [147170.56469782727, 550890.3107178338], [147225.94765439484, 550929.821160703], [147293.27415247448, 550947.7110135985], [147453.93103388956, 550914.0701143866], [147480.12094033946, 550927.0058308747], [147616.4054555024, 551081.6715051769], [147863.78527090035, 551303.0356933742], [148264.86357268388, 551406.0376551276], [148437.53909052614, 551545.6773034447], [148610.49959578356, 551609.2284071827], [148709.21041246728, 551672.0364552197], [148793.33192058862, 551671.9903846957], [148874.4021187479, 551634.7437587744], [149016.82195889583, 551707.1642420654], [149094.40086374193, 551723.5156799427], [149375.11660288225, 551679.6137880388], [149427.38097970473, 551802.4662854256], [149509.8117149777, 551897.8222385175], [149581.3005154684, 551917.9679947915], [149674.79126053472, 551902.0950454925], [149793.47778164147, 552011.6392734041], [149851.45283168278, 552036.6128981451], [150112.44244472313, 552003.7376770908], [150286.3076330953, 552111.0625810528], [150430.51689558796, 552280.932248093], [150584.32728186477, 552341.5486142016], [150799.26320422796, 552383.9312612285], [150861.15357888938, 552373.4152089292], [150962.69061399385, 552322.1457786288], [151030.76603883953, 552331.903265184], [151136.18640229508, 552434.1757437992], [151233.96454900317, 552492.0568186335], [151523.0340256036, 552538.3370365392], [151590.69442461006, 552570.08482115], [151673.34884137544, 552683.9949265162], [151690.87132650721, 552854.6386648982], [151763.6253778994, 552961.4746749448], [151869.7887681253, 552981.9902356509], [152021.48267718568, 552940.4006284074], [152097.86609403635, 552998.0399782143], [152222.81841954528, 553032.9930317242], [152287.7599606392, 553097.2420420756], [152347.48230296432, 553107.7013505977], [152395.55520258917, 553088.3312490917], [152431.3710543057, 553046.336592768], [152446.34486529607, 552925.7321328603], [152406.18411448956, 552810.9545686434], [152347.9818886188, 552716.6114658377], [152220.85973049703, 552605.3298589985], [152213.00471170832, 552518.6436468314], [152166.549644789, 552453.4740773492], [152060.52807755073, 552412.4433444487], [151945.99712908914, 552274.8428357481], [151854.53675697793, 552205.6260279263], [151805.05089289945, 552110.6735048735], [151749.87311540378, 552077.1320864239], [151667.46255011854, 552061.6269652921], [151562.3286855932, 551938.3518026597], [151501.5012334133, 551910.6406519854], [151383.7120856488, 551904.7912900381], [151305.0091128561, 551876.2778443693], [151241.92702420682, 551807.8467685849], [151188.26724627966, 551642.4356860187], [151150.8321265312, 551594.6801876604], [151070.2107514272, 551563.8607793804], [150978.5856023974, 551575.3668467244], [150847.6000593199, 551495.0912986081], [150607.876470817, 551440.5572528355], [150461.35467740626, 551277.9816500393], [150370.43815573395, 551133.1432481346], [150312.43881110463, 551093.6491413945], [150184.65325837815, 551050.7908268609], [150126.95252600682, 550981.3436010618], [150220.07340432235, 550911.8165273734], [150367.16661077752, 550951.955009907], [150494.76507268782, 550958.5602037968], [150703.75086149338, 550884.2946965896], [150961.83057739903, 550852.3004476422], [151099.39701849208, 550771.7831252886], [151273.13645688375, 550724.7889591953], [151338.09292234216, 550672.3421636778], [151454.25040213505, 550637.6674364072], [151616.97043750435, 550544.3481521875], [151906.6103194608, 550495.7607229475], [152109.6297107785, 550419.6408629692], [152224.7474190894, 550415.2918819981], [152346.77183273216, 550357.4740105665], [152746.13358278055, 550290.2122145598], [152866.50510487086, 550231.7501821895], [152970.3278982282, 550239.2022581517], [153095.34017083424, 550293.0092854403], [153189.07245168387, 550298.7232549035], [153282.54995221138, 550360.4477303604], [153588.43859124987, 550454.0320610496], [154021.25501940813, 550822.4911326119], [154351.16753587418, 551038.5178721144], [154437.644462637, 551153.7291767724], [154589.01454697238, 551219.1276013935], [154687.90346478205, 551331.1296638267], [154793.94543073032, 551391.3429157449], [154898.9242278439, 551414.302521399], [154980.99290670067, 551463.4746842054], [155095.48915479195, 551500.0751657138], [155306.60299783436, 551666.2603106219], [155447.80907725525, 551707.8248006772], [155561.03438998744, 551789.3669314017], [155782.19230021085, 551876.7254909326], [155990.56164354947, 551997.6363797992], [156145.96628295627, 552142.3814863989], [156289.64098610415, 552213.5289242499], [156442.2358969969, 552327.3907174771], [156588.3795927806, 552385.6927846554], [156713.39080494034, 552479.714614487], [157026.34361589016, 552658.4656807509], [157331.65398981524, 552927.9030401849], [157503.00145742565, 553130.9503072926], [157639.66816359857, 553228.5278338131], [157720.8403337227, 553360.911563779], [157822.15183133582, 553439.9258444832], [158154.56508501194, 553797.3825555275], [158226.98155551282, 553956.2910491669], [158493.63913675735, 554213.4894581952], [158550.25487361551, 554309.1654346612], [158547.93100603932, 554396.1764073515], [158605.01830006018, 554478.6501117448], [158631.14240381456, 554587.3249649483], [158667.75753687188, 554652.3294361588], [158862.02546091581, 554773.6727787185], [158930.21667054394, 554793.9655569487], [158935.66033577578, 554776.001380881], [158950.70696878113, 554793.3241894301], [158979.43714500434, 554785.0084925614], [159018.44806376693, 554753.70830914], [159091.02018492343, 554626.9405089837], [159095.4631625004, 554516.4011497083], [158998.76339007818, 554356.275224263], [158897.06038548786, 554268.5292143055], [158862.45918285314, 554134.4342210348], [158793.83599211596, 554082.7639042893], [158806.61196644692, 553826.6931791792], [158857.11205011845, 553752.018999971], [158876.40358802397, 553658.0697182079], [158810.96898388167, 553458.5888557638], [158899.2338998689, 553436.6102591163], [158972.7955730191, 553343.1561338801], [158983.28030608685, 553254.2510440049], [158942.60859878483, 553181.2752525628], [158850.81951920234, 553118.2089895073], [158721.45259004075, 553104.0183830918], [158637.38385083072, 552999.3110122526], [158518.89298516582, 552934.1828076876], [158464.58045498878, 552859.9495848555], [158356.42633390287, 552800.5759718989], [158310.4670540675, 552731.7039175323], [158230.1778387031, 552678.1273892998], [158176.29440886277, 552601.066587306], [158002.36175785036, 552470.9808512147], [157928.67041093326, 552378.0965492242], [157663.38990268565, 552188.9347386053], [157531.7463715145, 552052.7334372135], [157348.7665027379, 551956.9248126838], [157278.28701543307, 551867.8590800647], [157130.1055352028, 551806.6406417023], [157057.14164476877, 551727.8128330543], [156572.23597005295, 551406.874328723], [156482.71267269435, 551304.6744381023], [156314.90744087406, 551238.5733018197], [156164.0234865094, 551146.6911189323], [156037.3238241455, 551032.081698325], [155932.6411789, 551019.1559537393], [155865.05781177583, 550947.2942550911], [155769.889468103, 550923.7881600191], [155702.1018436037, 550841.3364209105], [155594.3138914825, 550807.6586593429], [155410.26472571556, 550653.3368777545], [155326.7531260246, 550621.7846620204], [155144.2710560297, 550476.4881768456], [154907.26412336077, 550409.7631442153], [154782.19481954872, 550273.5169808033], [154653.2874646895, 550219.4289307741], [154541.27481234833, 550126.7403217828], [154460.07649031238, 550100.5245291209], [154281.1631505947, 549894.5501411244], [154242.01076594958, 549767.2159022776], [154234.77791310218, 549624.083867862], [154354.13145705266, 549505.1791658209], [154371.23398756835, 549431.7115221089], [154321.60300428944, 549326.883855659], [154225.8172829769, 549261.7724274008], [154277.6833643829, 549146.1207517254], [154284.69595308488, 549086.4615638284], [154210.76233387925, 548971.7431604604], [154192.85829829733, 548813.4915006596], [154261.11220850315, 548887.9480663239], [154304.9639815891, 548986.9823268331], [154354.08531157728, 549032.7743142066], [154611.68883063507, 549139.4598450562], [154641.68053323412, 549260.7066162311], [154716.76686034602, 549325.7983885929], [154862.72931643718, 549370.7338065874], [154941.51977211755, 549359.3015363748], [154999.0418463513, 549317.7109182882], [155021.75874522873, 549234.6963949841], [154986.22187991513, 549158.9431097273], [154834.33905980663, 549047.302333952], [154766.4117621675, 549019.6585491786], [154773.50809421478, 548821.0920759062], [154758.86341437258, 548774.6077638128], [154779.1927132139, 548657.4564809041], [154751.35623077725, 548604.7086380937], [154656.96142834768, 548515.0082205978], [154657.17156415226, 548392.8989752881], [154557.78556096877, 548202.34259808], [154544.27608152296, 548093.3698185972], [154483.97268544926, 548004.1396969527], [154474.3624431609, 547867.5851938003], [154400.51649137528, 547683.4812810619], [154381.57968870373, 547401.8254883171], [154324.32604638347, 547232.8844296144], [154343.2938011435, 547060.0207805597], [154220.09761051773, 546766.5558590116], [154174.59760341168, 546705.5254992058], [154108.80343922862, 546473.8912289293], [154107.75583208373, 546413.4744470222], [154133.9822480129, 546352.2624834671], [154199.7471633879, 546325.9274277501], [154248.52163546742, 546256.8130908372], [154295.22904017594, 546106.7111518295], [154294.55425516312, 546023.883414001], [154221.06272424478, 545931.0789091673], [154083.55542274527, 545888.440339544], [153921.52021221514, 545896.530564184], [153810.91702564273, 546007.0575604108], [153788.5298606447, 545943.8668133772], [153908.1482923908, 545900.5371447273], [153965.45702188363, 545819.4526209492], [153953.86371828822, 545733.7487654111], [153927.4727166749, 545702.7630945841], [153882.5139951297, 545694.8683269015], [153903.06537314926, 545624.2995193235], [153981.76755985484, 545620.9902359423], [154026.82365689584, 545675.4606699328], [154005.5184399768, 545699.6058376406], [154026.26709027856, 545723.1140471834], [154226.77796542636, 545820.1034991961], [154363.49948424177, 546049.7141500382], [154416.58329880875, 546089.5171694988], [154508.48670751558, 546111.5595659636], [154572.22827665697, 546176.1847998487], [154649.11433843922, 546200.9203806827], [154805.69437725804, 546348.5460546139], [154885.53331186814, 546490.9378823003], [154888.5827274733, 546521.0176417017], [154861.0420953616, 546553.5235465103], [154895.45512168133, 546642.0319157108], [154945.63294261709, 546697.6094234611], [154963.62955947587, 546761.511106429], [154955.90370587382, 546872.2366780327], [154994.1899077261, 547067.561502937], [154972.14125428954, 547153.6056251476], [154991.08645594152, 547237.7825322383], [154946.58888404956, 547352.5579139704], [154972.41626098283, 547449.7147980111], [154946.89829830267, 547549.1324851457], [155002.02747166285, 547705.4275142745], [155000.0973771177, 547879.4660992055], [155086.4797261715, 548088.1005596274], [155133.79202239233, 548133.5223127274], [155202.76949740376, 548161.2588263263], [155294.51650443318, 548345.4243478226], [155345.82321614298, 548402.0729041279], [155408.57692025843, 548436.8758026221], [155498.08231317205, 548454.0135685498], [155576.00757275568, 548502.0139134995], [155670.53551706302, 548512.9325744341], [155712.96707848785, 548597.8865432589], [155853.19795779805, 548690.2244819192], [155941.2153303445, 548727.4741924127], [156055.92346982317, 548746.8183574326], [156313.49272758103, 548730.7100749006], [156363.85090339824, 548681.9689214132], [156373.7992294135, 548617.4051322318], [156346.09538172174, 548531.3135872353], [156285.83744466893, 548449.1660476378], [156202.92686570383, 548404.9364367443], [156077.76086255463, 548378.7752379399], [155987.01555937124, 548307.3796953465], [155872.63318658553, 548288.8547483324], [155811.65277124688, 548214.398516418], [155684.59164924352, 548158.7578424856], [155661.6684010993, 548032.1365006013], [155580.49548421171, 547916.047136645], [155542.0164830417, 547802.6582955372], [155500.2283696397, 547744.0648999525], [155462.34582367702, 547548.1724787534], [155447.64455382823, 547384.2023202843], [155480.79225598846, 547317.3896429007], [155497.09682494926, 547205.8096811422]]]}}, {"type": "Feature", "properties": {"rule": "mudflat_perimeter", "coast_clear_m": 30.0, "inset_ratio": 0.1, "site": "incheon", "lat": 37.4308576, "lon": 126.417128}, "geometry": {"type": "Polygon", "coordinates": [[[138043.99371960002, 518815.2930933031], [138193.17941307978, 518772.94826629054], [138372.2006903299, 518676.23622624716], [138424.11148386323, 518596.0866376748], [138554.6918690792, 518571.5446054629], [138651.59449461105, 518495.19761939225], [138645.88498905575, 518467.157805219], [138574.76001856616, 518423.7409473128], [138513.90758490257, 518477.6628612085], [138380.02759315888, 518505.8385590782], [138316.10289940354, 518591.0392988545], [138251.32683376243, 518626.2713878716], [138223.08518363468, 518684.41933809797], [138147.1054194299, 518703.7780492936], [138116.32509246666, 518742.4671909926], [138041.38567975798, 518752.2660122865], [138005.04548378196, 518779.0651431532], [137941.5936414923, 518756.38305324793], [137917.41661593763, 518815.1501495964], [138043.99371960002, 518815.2930933031]]]}}, {"type": "Feature", "properties": {"rule": "mudflat_perimeter", "coast_clear_m": 30.0, "inset_ratio": 0.1, "site": "incheon", "lat": 37.4308576, "lon": 126.417128}, "geometry": {"type": "Polygon", "coordinates": [[[137959.45873553204, 517277.9867364303], [138003.3389269523, 517279.52759920986], [138060.65859980625, 517243.4390264548], [138031.45794051862, 517285.3479929076], [138050.13740148523, 517310.19835828134], [138213.75640077365, 517326.7105883583], [138484.90662966756, 517131.54651084205], [138533.1769617534, 517111.78728248994], [138584.7360662738, 517130.70770263637], [138592.16144327656, 517024.6070341848], [138495.1269985928, 517018.8340393326], [138240.01549766818, 517174.91939839616], [138194.70530026988, 517222.92244013224], [138026.182719463, 517211.77035128605], [137975.71762573667, 517240.98642299045], [137959.45873553204, 517277.9867364303]]]}}, {"type": "Feature", "properties": {"rule": "mudflat_perimeter", "coast_clear_m": 30.0, "inset_ratio": 0.1, "site": "incheon", "lat": 37.4308576, "lon": 126.417128}, "geometry": {"type": "Polygon", "coordinates": [[[140127.78319509255, 546974.9989713886], [140853.83383858926, 546914.436068274], [140980.1491071841, 546880.3723139197], [141073.53180938156, 546796.1098842535], [141157.8219396345, 546769.1521054221], [141295.87557008545, 546675.3390046937], [141385.4130355009, 546648.4929274499], [141460.57009093536, 546654.1144281089], [141585.44439796556, 546599.6626002875], [141616.57931318672, 546483.1605982445], [141651.62014219043, 546434.1563860441], [141621.3593352316, 546258.2667581835], [141637.1136004643, 546133.1041921502], [141736.49363685847, 546012.2190272546], [141771.58214211022, 545837.4684625181], [141754.21821832692, 545792.8503343703], [141659.73493489076, 545683.3444998399], [141605.92255383462, 545506.9542163621], [141402.97142187, 545329.8948635632], [141317.6337932274, 545160.5849945148], [141144.4596030784, 545060.1569294686], [141067.94774357806, 544947.2834083823], [141018.08223876735, 544919.2244839985], [140926.1392521399, 544817.4760480493], [140769.41955945262, 544800.6930246436], [140690.50843287373, 544751.0174984692], [140674.75534778408, 544720.1341706398], [140638.95073268772, 544675.9975242256], [140555.71827161906, 544636.1558621817], [140462.85491726294, 544648.2135329247], [140407.27218154678, 544598.5029343887], [140244.98380611744, 544648.3026186549], [140163.64073935585, 544713.0722025522], [140114.107495873, 544786.7678403812], [140135.5076376535, 544845.8461072836], [140267.8111415034, 544890.5936239061], [140232.798033979, 545064.3577144771], [140285.23757765116, 545230.3927493091], [140265.32485893313, 545305.7175528836], [140238.6455351496, 545328.8998587824], [140189.00911591965, 545325.0950368345], [139989.97306175358, 545210.8680946215], [139812.96598903913, 545290.854054932], [139739.7509954232, 545289.2980095546], [139689.27519354178, 545324.9744410443], [139639.46907094633, 545329.1657132411], [139608.85832198506, 545291.7659680028], [139544.58247133598, 545115.155245646], [139564.49515737407, 545039.8308975619], [139675.54722692526, 544920.6942616259], [139631.96380548656, 544776.5223877041], [139668.5841509463, 544684.0535095589], [139723.62692719698, 544633.2555959369], [139703.60634858123, 544517.052355236], [139621.29680279407, 544400.5569872251], [139635.70037062792, 544224.9303251929], [139525.28590750648, 544184.6483369328], [139430.74095546312, 544087.2671350586], [139385.2852403586, 543969.0551105582], [139305.98873558774, 543907.3719923935], [139223.7666960006, 543795.1288721513], [139160.40171222034, 543641.7872053252], [138980.391733196, 543458.2814715684], [138974.41683677508, 543363.3453205156], [138951.53186962855, 543312.3606983556], [138778.54447066595, 543222.3136849544], [138597.51088963752, 543260.7788146669], [138487.98295265762, 543100.223236235], [138423.07089423813, 543066.6426098865], [138378.22471787577, 543076.1892637579], [138259.0693765442, 543238.3672133841], [138373.48002762592, 543425.326425012], [138363.93013380404, 543608.0074087695], [138424.30137509928, 543667.5226347855], [138438.7634676269, 543707.8908769755], [138416.11693578886, 543801.968898246], [138352.49999176888, 543895.4577384533], [138423.06263601122, 544008.0467522938], [138430.5121553322, 544127.5133077546], [138394.71624921917, 544236.95214154], [138417.23175141716, 544407.6587676865], [138365.1753697535, 544505.7995732696], [138364.03157921293, 544591.3345232109], [138268.50646389165, 544728.8000176615], [138244.09207520957, 544858.7760971007], [138302.30496415365, 544993.6433660843], [138307.5408233921, 545088.8665282615], [138392.39813570929, 545158.6675465635], [138589.38196205278, 545246.6009841323], [138790.36521123536, 545269.121647576], [138808.08388926386, 545298.4973766254], [138782.92389273603, 545373.710145197], [138792.88845271565, 545397.4211504707], [138912.1703699639, 545447.2045376092], [138960.9780641975, 545489.9903752295], [139030.61252272304, 545661.4648198169], [139276.3414404107, 545917.9297003988], [139390.0618167443, 545860.34883379], [139405.76219474827, 545737.686390558], [139473.3088756015, 545636.8750695775], [139495.79246617036, 545564.1051242936], [139560.13079839223, 545492.2246185092], [139636.691905446, 545459.8527510533], [139719.70122416955, 545493.1159300754], [139755.25165415453, 545543.619981389], [139690.39226707869, 545641.4889625137], [139698.6942473189, 545866.9088048284], [139674.0916594935, 545915.8844816393], [139669.85318560206, 545991.7919884473], [139712.21820579484, 546092.1895523868], [139720.57304872092, 546191.6145042749], [139818.31683055888, 546269.6896870416], [139924.4898713893, 546321.6955100374], [139890.38395471868, 546572.2135259109], [139923.2989089186, 546748.1580565969], [139980.20188621126, 546901.1136084972], [140028.61667590437, 546962.3913920232], [140127.78319509255, 546974.9989713886]]]}}, {"type": "Feature", "properties": {"rule": "mudflat_perimeter", "coast_clear_m": 30.0, "inset_ratio": 0.1, "site": "incheon", "lat": 37.4308576, "lon": 126.417128}, "geometry": {"type": "Polygon", "coordinates": [[[139323.292626649, 549985.0552273367], [139435.25619232593, 549888.1897770009], [139460.94486058372, 549786.739274658], [139519.6270973803, 549735.4890780877], [139536.80587178416, 549665.35647285], [139600.6731020842, 549614.2165687975], [139587.1033274527, 549514.6808288248], [139623.2334746699, 549415.9520981914], [139601.29810052866, 549339.4877663912], [139637.42309933284, 549241.0088813746], [139620.14573969922, 549190.8928653973], [139631.66716429312, 549141.3893587518], [139560.06787247432, 549063.8687565465], [139542.82181187277, 549013.7533148507], [139573.19942952305, 548938.6516523346], [139532.90181877243, 548864.5466847214], [139516.3252414355, 548782.9465968148], [139427.33168215732, 548660.8073985163], [139425.2879250919, 548511.5183338684], [139461.93907143615, 548386.8015263596], [139424.3453003417, 548187.0079173882], [139426.45478435577, 548087.8057693149], [139372.65002432856, 547911.1669229829], [139358.07088488463, 547735.6121323899], [139206.02015428816, 547256.1437655969], [139218.08349317056, 547057.6563756492], [139203.12611549918, 547023.3394722227], [139176.98250136647, 547022.7835596898], [139150.0851496209, 547056.210847927], [139137.54357793025, 547155.1910548983], [139153.7329256539, 547255.0321273553], [139133.2616458544, 547356.5936254334], [139155.57676997184, 548029.547285472], [139117.2792725951, 548230.2268148428], [139164.85912213617, 548330.7354825574], [139122.91133324252, 548581.0856852762], [139170.44718808954, 548807.089690237], [139152.07716023072, 549055.1912959513], [139169.19812862345, 549356.5463382825], [139151.73758028698, 549439.9223123841], [139073.45435471836, 549553.2536946336], [139004.85326414945, 549703.5398031856], [138846.366591278, 549773.6662025866], [138819.58908321196, 549924.8417370104], [138838.40610650598, 550024.4888391015], [138863.9384077221, 550053.7810860754], [138913.63316975458, 550054.8382804368], [138963.9391365634, 550027.1593221743], [138987.3201229563, 550035.6564009648], [139014.70013335114, 550101.4868087104], [139031.3876240836, 550177.8394688033], [138994.19944524957, 550326.2936802121], [138945.51767828083, 550401.0056858374], [138954.9234010778, 550450.954274139], [139004.11839512925, 550475.5000374472], [139106.60005552418, 550454.1811258447], [139155.31013816228, 550256.2235355946], [139251.06283190195, 550182.5127358426], [139323.292626649, 549985.0552273367]]]}}, {"type": "Feature", "properties": {"rule": "mudflat_perimeter", "coast_clear_m": 30.0, "inset_ratio": 0.1, "site": "incheon", "lat": 37.4308576, "lon": 126.417128}, "geometry": {"type": "Polygon", "coordinates": [[[139038.4007405386, 518500.3242185045], [139270.19638444504, 518452.66260584345], [139399.75012059306, 518462.463017246], [139561.67065749742, 518276.1419312554], [139581.12430325948, 518169.80687329674], [139690.64881252634, 518171.3323574655], [139882.15995641454, 518099.6088158655], [139957.46325992947, 518128.7617688251], [140005.70931378257, 518095.57557768945], [140084.59017654211, 518112.19916960294], [140255.61493896606, 518280.8081531719], [140331.54981452934, 518308.9121284947], [140482.62479737555, 518290.3556133241], [140561.1692092577, 518166.5195245501], [140703.77751211548, 518116.4568141185], [140761.82697785908, 518135.292392813], [140735.0883871945, 518226.6464346513], [140747.90124548384, 518256.65067516814], [140884.60842643352, 518281.80125318933], [140928.0392252546, 518274.7645025688], [140927.2497150083, 518245.2449305366], [140909.02584531833, 518178.32755340834], [140856.67195883242, 518182.1438590831], [140861.52557237275, 518123.1147344997], [140842.45790382376, 518074.33046466403], [140757.8038044131, 518018.62566859834], [140684.28388507327, 518017.9271048185], [140565.93262762728, 518052.3410866223], [140487.8307647957, 518097.8931617302], [140420.64353524765, 518195.9222743774], [140348.1104427853, 518208.800137257], [140317.46542876156, 518201.12003324233], [140123.60463821614, 518019.64660675195], [140018.25079604538, 517994.7195066238], [139947.99256977334, 518010.8401409904], [139866.444835654, 518000.4062952852], [139644.04999908453, 518064.51196763123], [139575.02237171968, 518145.28469880624], [139470.7125120835, 518194.6327307457], [139466.09829584046, 518235.7935576674], [139400.61126782343, 518304.83075954195], [139425.32034646728, 518355.26061463857], [139392.10038813134, 518377.3899756712], [139372.09970420582, 518421.43926479], [139349.95979766746, 518426.3688939804], [139252.70825680826, 518353.75724450365], [139145.53756532448, 518394.1431602147], [139140.07099618186, 518461.1253813114], [139124.22099020844, 518472.19502320356], [139108.59425802907, 518396.8396147928], [139022.62329799362, 518417.6975465409], [138979.55183669177, 518477.0609183228], [139038.4007405386, 518500.3242185045]]]}}, {"type": "Feature", "properties": {"rule": "mudflat_perimeter", "coast_clear_m": 30.0, "inset_ratio": 0.1, "site": "incheon", "lat": 37.4308576, "lon": 126.417128}, "geometry": {"type": "Polygon", "coordinates": [[[139291.24852533828, 513719.845142216], [139202.17415568617, 513630.65528444847], [139229.39330812992, 513531.7961801981], [139411.39673299404, 513413.6435148111], [139423.26833472116, 513305.92932124226], [139471.221348595, 513216.8512681136], [139472.7625624466, 513101.10685136006], [139586.36587173073, 512977.60348422924], [139499.20693892785, 512854.83041250776], [139389.01366611535, 512887.31553653296], [139322.64619953802, 512856.54056434357], [139302.32034372268, 512798.73841453495], [139205.87041150115, 512775.0783108278], [139122.62540994486, 512806.8196962995], [139070.36379560555, 512901.46269759635], [139059.40548151472, 512995.1652462373], [139100.71206247952, 513341.5864726586], [139022.30076871347, 513420.3654096654], [138982.40655828646, 513553.08043618704], [139031.48708027627, 513609.1145730574], [139181.3035650681, 513655.27609242353], [139180.744389108, 513681.76330320566], [139121.1179169595, 513700.0661186706], [139123.26057331468, 513740.2973296312], [139146.62051086215, 513767.6020467499], [139202.54929817078, 513782.7199231435], [139286.8110464082, 513759.81244583585], [139291.24852533828, 513719.845142216]]]}}, {"type": "Feature", "properties": {"rule": "mudflat_perimeter", "coast_clear_m": 30.0, "inset_ratio": 0.1, "site": "incheon", "lat": 37.4308576, "lon": 126.417128}, "geometry": {"type": "Polygon", "coordinates": [[[139813.08372672432, 560852.6869214155], [139810.2653311524, 560798.0032368447], [139895.1179860553, 560713.8456832956], [139891.44550932845, 560675.862069678], [139867.99431444495, 560651.612718359], [139725.2203171978, 560603.0702097715], [139672.2555335206, 560463.6946064844], [139633.13640046952, 560425.3616029201], [139572.42707527682, 560400.0680870152], [139426.92459166815, 560382.3650986789], [139425.47739338892, 560438.3873626511], [139515.42119925632, 560574.8481400473], [139534.62465946993, 560673.7548750577], [139514.9324952053, 560723.8336873658], [139414.29101141138, 560822.9353113924], [139410.58203327216, 560870.8549920518], [139450.13728430044, 560890.1977681692], [139624.1902227528, 560907.2832904751], [139686.170916642, 560935.2289782054], [139925.38214544597, 561457.0662047866], [139931.71748812485, 561659.6963280824], [139959.23639034247, 561695.782235971], [139994.79918100286, 561698.290505921], [140110.55352452229, 561640.0727598682], [140131.37712536202, 561599.9552038705], [140134.58013042976, 561512.0255786651], [140099.41607159472, 561412.7781822953], [140072.28424848753, 561185.9552212874], [139987.13463519514, 560933.6457937529], [139813.08372672432, 560852.6869214155]]]}}, {"type": "Feature", "properties": {"rule": "mudflat_perimeter", "coast_clear_m": 30.0, "inset_ratio": 0.1, "site": "incheon", "lat": 37.4308576, "lon": 126.417128}, "geometry": {"type": "Polygon", "coordinates": [[[140705.37438186904, 551558.4192694704], [140882.57645984058, 551467.9418441245], [141032.44371064246, 551434.3818476468], [141103.90118443134, 551396.6534247329], [141484.73884324974, 551329.0085834328], [141685.7776820389, 551349.0358199979], [141786.0032513007, 551311.9189749091], [141822.0578668331, 551338.6858919489], [141864.42079807847, 551439.0857356711], [141932.3080882715, 551445.779813873], [142050.71825917775, 551291.3026010906], [142237.2469444594, 551256.0217596517], [142298.0978094299, 551223.3174032586], [142491.6478400862, 550981.4395032714], [142567.87534939262, 550964.8114664853], [142643.15649320203, 550992.6629718533], [142692.9635056758, 550988.472494451], [142825.4740712545, 550910.0432240948], [142823.9615265875, 550857.7615343105], [142861.6274967386, 550808.8138992527], [142945.6735191412, 550794.8519963212], [143022.45948266753, 550751.9862951096], [143098.12870908075, 550761.5963723699], [143373.58553672937, 550728.207034585], [143550.76794773235, 550640.2277956738], [143726.26743881832, 550507.9628062584], [143828.30505611032, 550507.633824321], [143979.4546276948, 550413.8503499699], [144054.68329963883, 550444.2003943286], [144154.57466213492, 550422.8259591204], [144229.6921070472, 550458.4233470787], [144302.82771203585, 550465.2294135338], [144377.60993739453, 550516.5698171869], [144643.44812983, 550541.7251172555], [144965.3650323529, 550634.9486349158], [145089.009685834, 550609.2041734563], [145288.5564516671, 550608.4495112213], [145413.16413330875, 550568.1003271587], [145586.69599278818, 550424.1050045477], [145796.20615940212, 550369.2495665096], [145870.54980737888, 550317.8315727031], [145958.9864554834, 550195.9625680773], [145968.94088781404, 549876.7370258144], [145928.15564197965, 549745.8072863237], [145932.24871842255, 549605.4412457045], [145868.8793188305, 549475.6092136187], [145908.92324535633, 549343.8985847431], [145892.4011186959, 549290.5471704415], [145796.35155102264, 549234.129736486], [145788.01378472807, 549091.3274218987], [145760.96297881127, 548998.5648969105], [145771.17843408996, 548963.4697840726], [145823.1490619327, 548983.5747277846], [145922.6248388055, 548937.6906611638], [145956.8732380351, 548870.1690600708], [145963.81597130265, 548781.7698796982], [145923.4064173214, 548722.3950936509], [145895.3884632638, 548555.7368480015], [145784.21420528044, 548439.7477680827], [145711.57566102548, 548291.9537239159], [145729.37054380687, 548197.6444903044], [145686.24249591833, 548118.4151239868], [145693.02535738214, 548066.1848878508], [145674.73928188108, 548005.7961052905], [145641.51913951102, 547964.7147392773], [145534.56379160332, 547947.1904628096], [145421.3248976802, 547808.5336326378], [145439.05214771506, 547769.4573281198], [145428.21716937024, 547722.1174852154], [145378.6932886161, 547676.1899870088], [145297.36872476395, 547640.3985319283], [145309.43220871463, 547488.593161772], [145266.72297278114, 547478.2476600544], [145154.87306717737, 547512.3690988638], [145029.64766147334, 547464.2069663199], [144995.09067467035, 547425.722801734], [144929.48159462152, 547274.7034586127], [144758.6203384299, 547264.1959718944], [144636.16472999137, 547203.3432268167], [144524.61581185507, 547106.1197661251], [144499.04902289814, 547020.6797302644], [144427.3893488399, 546945.906577403], [144302.96375305433, 546891.0121909826], [144210.4031727222, 546813.0449471314], [144083.52357759696, 546750.0986001791], [143835.89417021698, 546582.8359201796], [143638.86905562284, 546497.3987132102], [143541.5333299254, 546398.5808398526], [143361.13378330256, 546268.9979371196], [143244.32534387533, 546224.7657765592], [143146.3788483067, 546154.6846607153], [143003.8730772108, 546088.9065231063], [142849.33585682625, 545973.1232863688], [142564.05349941843, 545854.3119649149], [142510.16201515228, 545803.6672602255], [142407.0469142946, 545607.7286803665], [142317.30628853064, 545522.0730898997], [142198.54386555054, 545446.3005735995], [141990.76340544925, 545250.888267864], [141951.19717148336, 545265.7971568502], [141928.6604529062, 545341.0665392772], [141947.94250611056, 545665.9702789428], [141981.3688040193, 545692.9301758446], [142031.3986859351, 545678.2437674134], [142080.26032768106, 545718.5314293699], [142114.20195065317, 545844.7508350987], [141982.83010483562, 546116.7031851397], [141892.84672616067, 546164.5396236968], [141873.99560048894, 546313.3859098554], [141885.95208999063, 546488.8865995439], [141836.71347947948, 546589.8381564682], [141759.70526745345, 546643.2000930596], [141513.0900821166, 546736.1935002945], [141473.34117049925, 546804.5308858012], [141380.35617810336, 546886.3806782012], [141253.54127155142, 546943.9330535135], [141152.25963729905, 547030.7781510485], [140674.5462318936, 547101.6201587229], [140574.13001427724, 547149.2341156018], [140480.0815706448, 547122.9169510887], [140474.555998198, 547124.8880278402], [140476.37282807785, 547131.6172721462], [140477.29543193284, 547134.1757074472], [140398.45501317867, 547166.4985383772], [140275.0728633272, 547184.6249370466], [140229.6797507344, 547228.1589526248], [140259.45567831432, 547304.7900056018], [140251.11642331176, 547328.1118681374], [140169.13783605758, 547368.3677744553], [140074.75597684848, 547499.6075145731], [140050.6033603761, 547650.8402806803], [140083.99557625642, 547926.2923515892], [140031.71794209792, 548048.1778818907], [140089.63775495047, 548400.1499056595], [140063.41869187768, 548525.0888255154], [140094.7608760175, 548651.5022106704], [140099.93332887755, 548777.1088218404], [140074.82471284317, 548849.8228679649], [139938.7781021456, 548972.6760193727], [139927.2619146355, 549021.9293911866], [139946.50721743438, 549346.8301282707], [139844.90785957256, 549695.4097295959], [139752.8137421869, 549842.446481837], [139738.6416953661, 549894.6435669942], [139663.67345192522, 549974.0465025444], [139622.4913846515, 550064.918003795], [139539.2674253779, 550165.1446693604], [139488.99699540756, 550313.0707238483], [139510.96161435798, 550370.8585691823], [139591.47050037017, 550315.1163773027], [139639.93723282273, 550189.4457592764], [139822.72698450863, 549949.5777936641], [139937.66247426873, 549733.941360272], [140046.32320562899, 549358.0048144287], [140028.55447943558, 549022.1951728843], [140156.4850145762, 548908.3010710055], [140197.46836612967, 548801.088430224], [140194.80583451453, 548642.6077523209], [140167.02602730584, 548531.2876155794], [140189.68305332775, 548391.2592711151], [140134.06883785946, 548060.4265693133], [140184.41237782413, 547928.4303583504], [140152.70576575902, 547697.1667670716], [140165.27140470556, 547543.7968945574], [140239.13834917083, 547441.5945613205], [140299.59814011917, 547420.502694605], [140333.05681446273, 547386.1969557935], [140358.79835836389, 547319.5932832987], [140352.999711875, 547268.4942504211], [140514.2151192409, 547239.7889283043], [140474.8437512539, 547124.8956595262], [140521.1039033318, 547241.9417330683], [140569.96654391196, 547249.5873448697], [140693.1776739576, 547200.9550357059], [141187.44590524494, 547124.85275792], [141304.27524943464, 547036.4439009432], [141442.20348101284, 546965.5198987738], [141545.74544018667, 546874.142140933], [141587.7240017756, 546808.6526878875], [141799.75383330483, 546735.3099051495], [141910.15983623572, 546658.3490153829], [141984.0416149154, 546510.4863729231], [141990.03863062308, 546237.3653685481], [142080.1419684793, 546151.6348556769], [142108.72221150753, 546066.6887274856], [142194.53573353376, 545934.8859312972], [142213.80185672117, 545857.7109207945], [142184.89139842344, 545691.9191717674], [142120.8509577538, 545616.1822627075], [142046.77173378653, 545579.0481571818], [142030.09969797073, 545418.6155709586], [142134.05909573156, 545523.3058953078], [142329.1843629437, 545671.7818743304], [142428.14817828106, 545861.6485992206], [142508.05476354682, 545937.6920985846], [142799.8887963424, 546061.2291470714], [142954.28533628027, 546176.2515919963], [143097.3841388437, 546242.9831941687], [143200.859187255, 546315.3129926327], [143308.5678145258, 546355.5010166041], [143485.48551176372, 546483.6196413591], [143582.0163915155, 546580.1989529073], [143781.90522543943, 546667.7731106651], [144026.50249396925, 546832.7829465327], [144155.52607011725, 546897.663645247], [144246.93488441868, 546974.3720793547], [144374.2747346707, 547031.4863467882], [144405.64669674734, 547061.6415488911], [144442.85854537852, 547164.4623276757], [144564.14388759492, 547275.6664989463], [144735.25629731393, 547361.8802935266], [144857.97253253896, 547359.5483035962], [144910.58830872222, 547480.0132728976], [144971.14324177094, 547545.8484875287], [145080.21234373804, 547600.2103065541], [145189.98774481195, 547611.2041588639], [145204.3436914392, 547678.27264294], [145234.96574139074, 547719.3833556649], [145306.6401013502, 547751.1104567947], [145337.9732734031, 547734.056700348], [145395.81181536012, 547831.6467753551], [145395.47347241465, 547930.3535025547], [145469.8337704404, 548023.9897432115], [145590.17598859163, 548068.5039297664], [145621.02655665786, 548041.7589155213], [145588.13544803654, 548100.0677874176], [145593.89266497, 548159.6505220134], [145604.9513033702, 548184.4529825241], [145679.40323894465, 548192.7086625857], [145611.9118036868, 548195.2035934461], [145625.48710614667, 548212.3799600676], [145618.07635752932, 548328.6413969919], [145752.11945576235, 548561.6731071412], [145797.22943862402, 548598.7153696766], [145788.6869882216, 548577.5469723827], [145871.16526159534, 548594.4478054014], [145876.24538954595, 548617.2580655107], [145852.1339437514, 548684.4270397997], [145806.0935968391, 548663.6129450278], [145829.56494886213, 548758.1985000168], [145862.85062596702, 548805.4012588143], [145852.92438365126, 548863.387855011], [145830.98129038245, 548881.294992682], [145772.11064642752, 548863.034550762], [145714.861403105, 548880.2344659178], [145675.20656731338, 548926.4619204794], [145660.71093263596, 548992.4303759298], [145699.54210152684, 549262.5736622995], [145737.08912880204, 549321.6402686614], [145806.56926258985, 549363.9375517376], [145768.75024000413, 549483.5005179077], [145831.81358343974, 549622.7466604194], [145828.75588717117, 549760.2223428277], [145868.6226597251, 549890.8235191215], [145860.6634199403, 550172.4888619722], [145743.32950334784, 550283.2344602423], [145543.88222045847, 550333.247500681], [145352.69023795603, 550484.438921027], [145266.81973486475, 550509.394213294], [145081.2413165091, 550509.0654818929], [144976.65756418346, 550533.6133340385], [144667.11771367927, 550444.1143806002], [144425.21416250666, 550424.8060983097], [144336.80737543906, 550370.7122850068], [144150.3987104412, 550318.9893629287], [143925.81330662908, 550324.6399406191], [143807.672454169, 550404.4955243956], [143681.2627103902, 550418.1703815828], [143504.2399362853, 550550.7652744484], [143342.32334996943, 550631.7594862063], [143104.45247785593, 550660.1006910985], [143004.81310265488, 550653.1090460457], [142899.07921200604, 550703.3280716899], [142817.2548325545, 550718.7074522957], [142750.6720562283, 550775.918303994], [142723.4447728994, 550860.3250627483], [142663.30286203927, 550892.0647000213], [142570.26269405658, 550864.4002833657], [142447.72269685238, 550891.1140533589], [142363.90923419, 550963.1646616727], [142240.05263935748, 551139.9066891328], [142187.7656429886, 551165.4139876323], [142034.81471430548, 551189.3910222397], [141972.8760326032, 551222.3704534902], [141918.2478583042, 551287.1266507547], [141951.21608775892, 551291.2139408839], [141954.21572519615, 551338.8830835023], [141887.98538348812, 551374.3015942555], [141874.48665397818, 551313.6524685876], [141844.79768704114, 551291.4221915693], [141907.88122347102, 551286.7658624921], [141870.50884239443, 551240.4870680048], [141819.44604061477, 551217.2105542017], [141769.43227366437, 551212.855824292], [141676.53516831776, 551246.6223559215], [141473.8707411143, 551229.1587488512], [141078.3100561556, 551299.5287663625], [140995.74113129184, 551340.6474718365], [140848.34998406036, 551373.5138108628], [140720.81628592388, 551443.6360722352], [140629.89194346376, 551395.7139810349], [140552.72682875113, 551396.6910837744], [140494.41608801228, 551424.538739989], [140449.39928037504, 551477.2430344763], [140426.6304843616, 551574.7856813312], [140338.98118269723, 551555.2291826863], [140127.06036200677, 551448.1454849495], [140258.1372227599, 551377.8296344043], [140308.15772404193, 551293.9770247816], [140285.38666914564, 551213.2168931228], [140177.85026526576, 551137.9409874913], [140060.4753778642, 551137.0618133125], [139776.43458774593, 551078.1565536156], [139676.39809704907, 551131.0691364978], [139614.08826745139, 551137.3884819284], [139559.92760185167, 551199.9966293521], [139713.1380466998, 551215.3140870422], [139789.84262016247, 551177.697147228], [140037.16913047692, 551235.4585725394], [140136.72936728116, 551229.5770985989], [140208.93936289576, 551278.3622266251], [140033.6067914537, 551402.8782231254], [140031.60779412652, 551496.83341843], [140059.75820821917, 551526.4312698166], [140352.47018021037, 551665.9067959498], [140454.22951565174, 551678.5720982436], [140504.2008681779, 551666.6359234444], [140525.7987050416, 551635.596004975], [140530.533321579, 551536.4492205376], [140581.1433602342, 551493.0269849146], [140630.620748587, 551504.3295367702], [140705.37438186904, 551558.4192694704]]]}}, {"type": "Feature", "properties": {"rule": "mudflat_perimeter", "coast_clear_m": 30.0, "inset_ratio": 0.1, "site": "incheon", "lat": 37.4308576, "lon": 126.417128}, "geometry": {"type": "Polygon", "coordinates": [[[141871.581329871, 560667.5773270513], [141809.18301573, 560674.9344134147], [141766.8958258191, 560644.0957814944], [141496.7696790797, 560635.5874097125], [141462.88089039634, 560664.1141362247], [141414.84874862057, 560668.5902354118], [141207.85688423231, 560634.6782085525], [141118.8585296055, 560687.4671637805], [140941.21282054123, 560650.4928290619], [140735.11278513313, 560699.3483453236], [140696.77323858935, 560749.0294196081], [140650.45992404537, 560891.2889562163], [140700.4988519868, 561074.102092733], [140622.76780492134, 561471.9362252937], [140510.77760003126, 561739.2733947125], [140559.3193406802, 561673.3619550549], [140646.45875375552, 561658.3100131686], [140706.66645917227, 561552.9045478484], [140800.20117304634, 561086.2492028971], [140787.74887545718, 560996.4279522713], [140749.83665997355, 560911.6641001534], [140796.8952150997, 560780.6150317633], [140944.29394550144, 560751.0210054014], [141131.1767357905, 560787.1484905493], [141231.12320685765, 560735.6362919651], [141451.67796842178, 560768.1699646616], [141594.20496933913, 560725.4064906983], [141665.38437862796, 560738.5523064621], [141871.94694160117, 560701.2497147192], [141871.581329871, 560667.5773270513]]]}}, {"type": "Feature", "properties": {"rule": "mudflat_perimeter", "coast_clear_m": 30.0, "inset_ratio": 0.1, "site": "incheon", "lat": 37.4308576, "lon": 126.417128}, "geometry": {"type": "Polygon", "coordinates": [[[142033.80089938117, 561377.4191106876], [142027.98111649643, 561456.3111127305], [141854.78443305512, 561537.0098986211], [141609.83244260208, 561878.165523047], [141381.97952854176, 562043.326037504], [141364.81176909304, 562099.2216791419], [141365.95754775207, 562264.4918605767], [141423.50903467217, 562350.9164819536], [141401.04185786535, 562387.8971921379], [141260.9523217753, 562461.3538754738], [141164.6521454737, 562549.2065767803], [140945.67949375027, 562516.9073904187], [140817.0558917026, 562464.2835417278], [140768.94679001893, 562500.4532632648], [140693.33192522067, 562506.1224080079], [140662.6529423048, 562563.9698062121], [140586.06552385437, 562625.6207957219], [140556.71266823733, 562524.3507771684], [140541.35089149635, 562587.4035437605], [140563.31276295357, 562641.4218807651], [140611.58437177652, 562674.1351244485], [140669.89525206576, 562674.5169235291], [140757.96111277622, 562602.5434644899], [140842.72539849146, 562571.1646059352], [140921.7884958658, 562614.46417045], [141183.96969123228, 562647.7709594744], [141245.02019952267, 562621.1879521379], [141321.48849008954, 562542.1937681822], [141462.4137921615, 562467.4056243369], [141503.57172014748, 562424.5228214309], [141523.89045502563, 562362.2369505141], [141510.25077831995, 562297.6800173539], [141467.14803515674, 562243.1312559912], [141465.37067307084, 562107.6593628391], [141683.63083649913, 561946.2970294754], [141920.59255436403, 561614.0581096711], [142084.54217138386, 561531.4790381541], [142104.01419557683, 561438.8089314289], [142072.14124663646, 561389.9784117053], [142033.80089938117, 561377.4191106876]]]}}, {"type": "Feature", "properties": {"rule": "mudflat_perimeter", "coast_clear_m": 30.0, "inset_ratio": 0.1, "site": "incheon", "lat": 37.4308576, "lon": 126.417128}, "geometry": {"type": "Polygon", "coordinates": [[[141045.37085804483, 544011.0755848255], [140751.5670745723, 543908.132611084], [140808.0496795997, 543770.7657490969], [140803.56452135846, 543742.444708488], [140708.90095968475, 543709.1608539271], [140682.4943024518, 543623.6253799173], [140632.4616505162, 543619.062497948], [140620.79743678047, 543657.9700162954], [140670.8412203082, 543717.6253900385], [140677.4173524446, 543768.8263775442], [140581.27824732044, 543997.2155288986], [140691.45567053626, 544048.3050973897], [140728.58582353732, 544150.9664129964], [140800.51009345346, 544183.8688195996], [140919.6023222958, 544380.1445639285], [140972.32137297635, 544408.0141502641], [141130.52102908195, 544440.9060213661], [141150.92687501438, 544405.0593180225], [141095.40069892857, 544368.8489986104], [141091.0342087085, 544339.0381906303], [141138.5529617489, 544195.4418642946], [141133.70186675293, 544150.1992516825], [141045.37085804483, 544011.0755848255]]]}}, {"type": "Feature", "properties": {"rule": "mudflat_perimeter", "coast_clear_m": 30.0, "inset_ratio": 0.1, "site": "incheon", "lat": 37.4308576, "lon": 126.417128}, "geometry": {"type": "Polygon", "coordinates": [[[152067.31786926984, 535551.794440752], [152162.29225972167, 535511.4638199063], [152244.23580029514, 535297.9778979658], [152317.87796093748, 535194.0994792774], [152393.86932936092, 534851.9528464698], [152358.8936743407, 534770.4595040726], [152360.0801820889, 534714.4832718672], [152429.04176160955, 534452.1891251046], [152352.64335308218, 533931.8066997391], [152234.3493818909, 533718.5438213791], [152215.33705411264, 533481.7604693851], [152114.5784565615, 533386.2476701061], [152058.19162714278, 533212.798001134], [152003.97348896528, 533131.2018557813], [151917.99696081068, 533151.0751879415], [151772.00409405623, 533267.4202423233], [151715.120220579, 533274.7772969328], [151671.56696240068, 533251.6349036491], [151675.39469883297, 532881.42713423], [151578.8011625322, 532778.127500317], [151504.42597924228, 532635.0482007165], [151366.03856201156, 532456.3619822508], [151307.27116253768, 532299.7380694976], [151261.3718688356, 532261.3898826995], [151062.51127067802, 532195.6741212247], [150990.62151246003, 532060.6482269963], [150891.03904727934, 531973.0360997455], [150869.30980303185, 531737.5715887598], [150805.9559375605, 531578.7266662193], [150647.22346827298, 531383.1096872387], [150481.70893331646, 531256.8507517684], [150490.69683128357, 531210.9779491904], [150562.5532670436, 531158.4372021883], [150559.1961278928, 531127.7409064929], [150491.73022830073, 531032.4035353573], [150535.7737444965, 530891.2876044025], [150457.77057416376, 530846.1185954041], [150384.67176757476, 530841.1636730852], [150235.39410485316, 530789.2499193153], [150212.84236526288, 530764.3968371965], [150197.66801180594, 530672.3240701746], [150069.11566874763, 530607.5998208115], [150056.99267179612, 530557.3420574908], [150076.517458426, 530507.5053437226], [150008.74764493585, 530343.9420774603], [150009.47639304592, 530247.581619068], [149877.1968895024, 530078.527129511], [149783.38661186318, 530023.7891084182], [149583.0634327271, 530016.7956571147], [149497.62993333233, 529939.8597857777], [149168.49818163682, 529848.5743691034], [149055.04372960882, 529788.1078768186], [148846.36094680225, 529738.7495594604], [148737.67429855524, 529764.4788358061], [148589.7673674457, 529655.9542071628], [148390.54662927828, 529651.2810525666], [148267.27386122616, 529616.9193513722], [148179.09862024125, 529639.5519022886], [148093.48636784503, 529695.7385030672], [147963.83563416539, 529745.2423733744], [147719.16620189737, 529776.8094031465], [147440.13798175787, 529686.6487918452], [147351.25270629593, 529696.3593583264], [147167.87561382566, 529588.3811660232], [147018.435487021, 529545.7156017273], [146906.36074284988, 529543.3416758833], [146775.3683975315, 529501.6923481203], [146740.93344723812, 529508.2124793893], [146683.8512356316, 529556.3470985015], [146623.8897562396, 529553.7955540837], [146311.8682737761, 529277.4997425393], [146225.99304966477, 529222.931080451], [145929.90859690832, 529190.847090314], [145806.66969481122, 529062.3626833209], [145721.33144208766, 529136.9919376903], [145652.6471182293, 529142.0373500378], [145603.1849737029, 529110.7399220444], [145529.93280842097, 528957.4397213301], [145384.26670521894, 528953.1664945788], [145351.08435988746, 528932.6514382291], [145307.88035058265, 528855.2368350761], [145179.72204071895, 528802.2733442094], [145034.38706832475, 528815.1949689934], [144958.26059749033, 528797.5829265253], [144836.94256350218, 528671.0146082365], [144766.3124660516, 528643.2690391868], [144599.19885763258, 528625.1047427023], [144515.3901000254, 528534.9557626323], [144295.16361681517, 528454.2926438834], [144222.44351014035, 528388.0035608169], [143855.31584027942, 528275.1052541119], [143779.50378209248, 528268.1246349807], [143700.70096183635, 528178.4571249383], [143551.60202071985, 528103.5507644559], [143506.69031950334, 528048.3428018303], [143431.8618672727, 528082.5156156006], [143377.49156757936, 528080.8642651864], [143154.863475103, 527977.9014275013], [142988.14965243087, 527859.7483308833], [142792.45479876484, 527853.9010531277], [142617.08980761113, 527734.5177305312], [142440.45340972074, 527690.2159814618], [142322.03017499927, 527592.5230168598], [142187.57176365456, 527574.9260808736], [142126.98494493318, 527499.3951185695], [142022.27381860462, 527419.1015697328], [141899.81671978973, 527477.16318599], [141714.49345092446, 527440.4120045865], [141683.68162334355, 527398.9168852598], [141694.53873373976, 527365.9911070907], [141766.91603344498, 527336.2742835106], [141870.890327356, 527328.1013207579], [141873.1714732222, 527308.6969595065], [141668.46807000024, 527240.9424269474], [141472.25671165372, 527132.7278777842], [141373.54126563415, 527107.9509521718], [141195.28519194326, 527111.4268699285], [141176.2838795954, 527048.7759011559], [141140.11507171567, 527005.5115921354], [140976.2913818009, 526949.0440997324], [140920.80394627925, 526985.6967707096], [140800.27697194042, 526987.5979191602], [140780.92176102733, 527027.2805918165], [140732.04328986225, 527054.6357039543], [140621.02225386593, 527067.0190595705], [140679.39342673155, 527091.8477582124], [140806.61200492305, 527098.1389038796], [140795.12721249074, 527145.9531738394], [140592.84588162063, 527211.1684945292], [140588.75279848228, 527292.3289129741], [140660.9987900037, 527494.6031543801], [140863.25996692292, 527811.377368175], [140867.84497889577, 527891.9095404635], [140952.3091043418, 527969.508592519], [141000.17062852552, 528080.7690605045], [141299.11950263777, 528307.0945028558], [141493.02957722082, 528411.4483444296], [141713.8830712808, 528598.1215292065], [141958.54271886952, 528677.3639558406], [141998.9730239841, 528716.4066526524], [142030.03252805682, 528803.1877355236], [142060.6538099086, 528825.4609302137], [142296.31270394404, 528878.2008275966], [142373.05451119842, 528980.324425336], [142579.30643663736, 529180.6889944714], [142670.5809573024, 529217.4339947109], [142771.46046875787, 529197.9463438201], [142808.28445096823, 529209.5385129645], [142840.57329949795, 529265.2213124312], [142850.99052778614, 529338.4406531929], [142944.06472019912, 529376.9116743], [143243.75315510377, 529651.7551431092], [143364.73826898626, 529699.5673722505], [143399.60569007558, 529746.3676623337], [143534.50643288647, 530152.906776522], [143517.8861006197, 530316.4269439871], [143689.73967925014, 530501.6902251819], [143687.0297135615, 530601.568982594], [143722.33150263567, 530656.6282379085], [143772.15032657248, 530676.9338650478], [143871.8655626939, 530672.3900943187], [143821.711572244, 530763.982564959], [143819.56112292406, 530809.4363134326], [143911.3394449657, 530971.5506075624], [144261.9092131592, 531139.3051579227], [144381.6997426458, 531165.7182618385], [144595.36276344195, 531307.9627679648], [144636.4526319462, 531431.9886925475], [144749.06265162426, 531535.8738488724], [144769.5225182493, 531578.3069194166], [144770.9913183134, 531635.0875204633], [144726.93108669383, 531698.4030905651], [144778.43534895036, 531756.0569384617], [144804.1075161876, 531836.037408455], [144877.66668834264, 531955.2204009682], [144882.14211996613, 531996.1899231768], [144850.78570994717, 532026.6497508354], [144738.03170115402, 532056.3849096106], [144686.1500489523, 532111.284746897], [144636.51722602593, 532216.3571270448], [144482.76646788162, 532259.22247914], [144418.23174404103, 532350.853649212], [144307.2346066335, 532305.4392218926], [144238.13694776857, 532254.0456220666], [144189.92453303465, 532275.5154568583], [144162.8357567555, 532310.6910137036], [144144.3666615422, 532391.7985495466], [144140.66469728382, 532566.4681068432], [144162.4566123057, 532667.6785719442], [144197.3129196289, 532718.6671371106], [144357.4437811353, 532846.5596057863], [144450.3201133934, 532870.0284562317], [144596.01684808912, 532835.61701806], [144670.59416221167, 532845.1976348523], [144868.17345057958, 532969.6346822355], [144917.6241051026, 533029.4323370624], [144948.98975240387, 533187.5961203639], [145168.38529183532, 533416.4952763191], [145250.04917873535, 533594.4749140062], [145307.18809441588, 533670.4361110451], [145639.1357736189, 533832.5663954705], [145695.04658828556, 533824.0330844726], [145765.97515057962, 533768.7088823548], [145801.49040984517, 533776.9152157048], [145815.4412749508, 533820.2104758265], [145770.87688021548, 533899.8276376615], [145794.73704263644, 533985.8174417487], [145843.9744406726, 534009.4394107775], [145921.90938776103, 533973.1076327713], [146067.1303781912, 534092.2958537845], [146071.4226682114, 534141.8865254176], [146041.1444430286, 534185.2442064951], [146065.12640857062, 534218.5031270228], [146143.554925602, 534210.2124619088], [146141.46051074326, 534238.1214058283], [146191.73688859053, 534260.4371711479], [146215.04808736415, 534292.9311904479], [146269.8764416236, 534289.5941861728], [146265.89949680262, 534319.4471001411], [146231.07793082308, 534324.4898085307], [146159.84273437888, 534315.88569462], [146112.4244503737, 534285.5053043977], [146078.1162589979, 534329.5277431458], [146093.62953820697, 534353.5753317067], [146192.05437815934, 534386.3966839288], [146133.69758127583, 534510.2681055452], [146184.26085318468, 534738.2772514729], [146251.4735165702, 534842.4524456597], [146428.1853962682, 534943.6992303452], [146448.97877811143, 535096.38998497], [146482.70708725945, 535111.0427406022], [146523.69495737815, 535097.9743866553], [146576.06486997695, 535021.585263076], [146603.30620463146, 535010.5689144345], [146710.1459709418, 535040.4283794862], [146976.29555667995, 535032.822514389], [147054.19386371993, 535010.3495864852], [147110.57072725348, 534964.2011030184], [147276.2368418225, 534988.4332426748], [147392.40136740208, 534932.89665179], [147519.81652158595, 535053.598728669], [147644.65054077518, 535052.2459246449], [147771.3150396704, 534964.7288279724], [147859.71230217873, 534951.3689632339], [147898.9014460133, 534897.5120572576], [148005.89477064006, 534824.9056124085], [148058.1753493359, 534751.263991139], [148135.5198643389, 534755.6540326661], [148176.1089780588, 534728.0952924029], [148201.74942478127, 534773.2035466512], [148189.299434717, 534816.5445065241], [148228.03151799465, 534830.3037042461], [148247.0864127453, 534782.0199047117], [148212.08094417048, 534768.9448905658], [148195.95341795142, 534716.86603588], [148257.80149269506, 534653.9962991634], [148429.20993922927, 534660.3811908104], [148485.3167540424, 534626.8208861148], [148635.62947091702, 534590.0074282126], [148852.92802182678, 534634.615423532], [149014.32697173988, 534538.5682071489], [149060.70612331864, 534561.5206121049], [149116.79899601493, 534624.210798508], [149237.66325669255, 534653.5239498094], [149286.12899110102, 534633.0513928484], [149357.17335196276, 534557.3070093131], [149395.71823893877, 534548.4052337543], [149439.73443043165, 534566.6199373043], [149538.8990963195, 534674.5991216241], [149783.40130779892, 534726.5966503015], [149907.4901203612, 534793.2286421824], [150158.32759512227, 535038.319211288], [150313.48329475918, 535069.5755789008], [150403.70090746565, 535125.5059073229], [150472.63971741017, 535210.9694681889], [150641.44691889366, 535277.3001343597], [150663.08113938407, 535311.5097224344], [150669.17795278557, 535386.1401334064], [150809.09066832508, 535461.1083700631], [150966.71814451934, 535581.9534822562], [151333.3516952354, 535634.5425157072], [151483.71045920352, 535595.6685496685], [151641.07009124057, 535633.7565415336], [151918.15706848216, 535660.8832930297], [151991.01498587942, 535624.9278159151], [152067.31786926984, 535551.794440752]]]}}, {"type": "Feature", "properties": {"rule": "mudflat_perimeter", "coast_clear_m": 30.0, "inset_ratio": 0.1, "site": "incheon", "lat": 37.4308576, "lon": 126.417128}, "geometry": {"type": "Polygon", "coordinates": [[[143097.75288645556, 523557.02302589663], [142968.0704088515, 523468.28112259624], [142856.07994661262, 523308.0398936011], [142584.57824778004, 523253.3595239327], [142385.16030555588, 523099.0190950695], [142103.80751304943, 523001.50673045457], [141763.12403519516, 522768.3053229646], [141550.40673033122, 522536.5614806944], [141499.1003032925, 522502.72707076033], [141301.0523684417, 522424.3523745018], [141204.4683403633, 522482.1828316244], [141206.87471485836, 522523.3575630973], [141278.12847546718, 522631.2993731749], [141329.94626433458, 522783.14153020736], [141412.637392799, 522830.1393949847], [141517.9861115861, 522937.6152928282], [141674.21645618562, 523015.16841934994], [141732.39949922223, 523090.64741365274], [141841.32145488373, 523142.9503696156], [141917.3686623819, 523236.4632419855], [142066.44319158164, 523241.08569198655], [142171.7573704347, 523350.93620640744], [142305.12441282376, 523377.757164448], [142368.03888488337, 523455.58642387425], [142472.17694296106, 523508.03860760375], [142546.65272173606, 523605.11222847406], [142576.4262485562, 523610.61709029484], [142698.48037696668, 523551.07570195047], [142748.6280809944, 523554.3865948243], [142821.5024960696, 523613.4273266578], [142860.04037414514, 523686.5536851056], [142944.65617699063, 523671.0318087315], [143014.3005171528, 523685.5674980426], [143117.09609446273, 523772.67840297276], [143146.91168665735, 523720.80999022146], [143158.04006711947, 523646.7968847282], [143097.75288645556, 523557.02302589663]]]}}, {"type": "Feature", "properties": {"rule": "mudflat_perimeter", "coast_clear_m": 30.0, "inset_ratio": 0.1, "site": "incheon", "lat": 37.4308576, "lon": 126.417128}, "geometry": {"type": "Polygon", "coordinates": [[[144710.6090701996, 563117.0417095835], [144863.322308195, 563299.1426792218], [144860.24816033436, 563471.2361248141], [144957.86981862155, 563521.0722443211], [145059.87806109476, 563497.3187251767], [145123.68012616588, 563541.3723229907], [145158.68169128816, 563567.1793544001], [145246.53187705655, 563738.6231912381], [145352.26769166405, 563812.4042510813], [145419.65193286914, 564111.7531525502], [145309.29255991234, 564135.5712222145], [145226.50767889383, 564239.1437434384], [145213.50379771768, 564351.7107029863], [145242.74034710924, 564565.4364127854], [145234.85712486543, 564644.9131559747], [145199.2803769163, 564631.553070336], [145219.36315853262, 564555.4829284591], [145212.2021539365, 564472.6309713648], [145186.05160218265, 564422.0796690151], [145109.3594447069, 564357.3030641904], [145081.47718564825, 564200.5818225264], [145033.98177758773, 564125.5447862957], [145068.16516363862, 563990.4930256042], [145038.4896898011, 563940.2967031974], [144990.27135679865, 563915.9381070352], [144984.00115638494, 563989.8260084927], [144908.92487143428, 564152.5737438275], [144986.2326775783, 564232.4658121216], [145016.55879180308, 564410.3450391655], [145116.14190112823, 564501.9658131134], [145095.56467483527, 564671.1748262292], [145132.8291820911, 564720.4906775], [145187.26495970605, 564733.2832325052], [145222.4799808228, 564831.7062059669], [145196.68402301645, 564978.0306275341], [145163.4064569056, 565018.9331670632], [145127.66428768812, 565019.635863378], [145065.3816365357, 564940.1127753532], [145012.77032060936, 564920.1863821135], [144968.74786119262, 564797.6034675994], [144941.1639357601, 564776.0240189818], [144842.4281604648, 564861.2312757516], [144738.0388904852, 564832.9916901946], [144710.68997874876, 564935.5468962739], [144793.3970289383, 565008.3248620586], [144805.67144437262, 565052.1483072856], [144733.99648085018, 565092.4555284553], [144725.42399974924, 565192.43132552], [144783.34299296403, 565222.2105937906], [144834.33527946682, 565209.9793389284], [144916.25398019992, 565263.1055395192], [144925.9069464993, 565296.2000655057], [144905.92382457023, 565357.7146060377], [144879.7984755101, 565397.7621869025], [144784.06417910225, 565422.2585265391], [144761.7623930598, 565415.8879624017], [144721.89733319348, 565351.3764116246], [144690.80510836717, 565341.4506872499], [144654.59087328456, 565588.89002806], [144626.08601942507, 565630.665268903], [144390.90422623928, 565691.4728957318], [144315.09031783103, 565692.5598332125], [144189.2533276917, 565750.5775982928], [144248.5876333628, 565761.0115555393], [144351.41172670282, 565715.6875154322], [144205.50130645005, 565868.0349019151], [144148.83750314492, 565989.8274756857], [144138.2511960595, 566076.7885686122], [144219.42276580262, 566146.6299341484], [144228.22864615027, 566267.422645673], [144190.93887189814, 566299.6020143733], [144003.719868794, 566351.2209000806], [144041.5251599851, 566370.8019488296], [144097.98035037247, 566371.9110104097], [144242.85881478136, 566295.0993251612], [144263.08869674164, 566268.0310253337], [144279.77320935525, 566179.7625247367], [144219.8244777343, 566126.858257446], [144199.54576985844, 566078.4259035798], [144240.02552714202, 565995.2903395995], [144277.10522957408, 566000.2064709394], [144319.3176428646, 566206.2314223276], [144363.71313476784, 566223.0176080246], [144401.27264279666, 566214.3360222725], [144384.4887533023, 566198.0569098939], [144386.11123786564, 566146.8003544121], [144425.27430876662, 566017.8832453218], [144486.3574952879, 565953.4507431242], [144614.30852908822, 565878.582199957], [144652.43437109547, 565759.2176693886], [144769.7069123889, 565770.6886441933], [144845.0439528909, 565748.2026973356], [144961.59687710326, 565772.2529920624], [144991.00054807967, 565715.8175883538], [145012.1311026641, 565572.3938907493], [145111.17279436855, 565515.8827149128], [145142.08112481335, 565444.0421249451], [145204.1240808503, 565383.6316844138], [145241.02754831774, 565370.4036525312], [145288.28788649332, 565400.661952834], [145313.60218926216, 565390.7021848217], [145343.1584101593, 565309.1612524093], [145332.74717657882, 565236.3607263097], [145348.0012625979, 565154.8738207769], [145317.076387418, 564933.8704385831], [145333.6942559675, 564884.2092359528], [145324.78977498756, 564848.4416073776], [145362.70661738992, 564754.9377883403], [145336.23166436114, 564673.9357812845], [145342.51737455442, 564524.3197902173], [145318.37630961597, 564279.7425094201], [145362.9056483233, 564220.5049720495], [145412.5544943582, 564212.0641441372], [145600.54836548382, 564237.168585944], [145680.24681656057, 564268.9623342692], [145772.3904586001, 564260.0533673341], [145815.4162425635, 564234.658798625], [145827.63818762073, 564205.7630977299], [145815.07202439738, 564106.5258935236], [145790.51069222565, 564080.8146954916], [145637.69799984497, 564162.8674843619], [145563.67723447958, 564155.0381603482], [145524.5901718864, 564103.4540395783], [145489.65630249868, 564002.2091281691], [145448.11003577407, 563777.3226337078], [145302.4730607557, 563648.9661835859], [145231.56260763644, 563495.3285540777], [145092.91309567442, 563401.9961156134], [145042.0482398777, 563396.4893892085], [144976.0083749753, 563422.2840978489], [144906.47803967056, 563376.2697626005], [144912.8540401481, 563258.2808688369], [144863.90284166828, 563162.2369411305], [144805.80156829368, 563141.2637381387], [144791.19040345843, 563057.1868650715], [144684.63730315046, 562835.5398873226], [144568.7980933997, 562751.8196819968], [144353.37678688666, 562518.8511879556], [144250.1696729689, 562457.5256761663], [144004.76940170367, 562225.7935320229], [143856.6191969823, 562180.1344623347], [143635.25176423593, 562071.4148698663], [143407.05997338204, 561781.551394391], [143304.08779691797, 561708.856342616], [143248.0972280526, 561619.0385926784], [142846.83687249158, 561296.9235676425], [142788.45715959938, 561193.117564898], [142631.4195994017, 561064.5210561556], [142475.96990930257, 560861.4596466884], [142363.08005650766, 560784.5540389052], [142137.07279435318, 560706.6120054994], [142095.35574799965, 560651.6807042101], [142073.46699337315, 560719.1909121209], [142106.34501654957, 560788.6783983813], [142310.80802274033, 560871.5492189738], [142410.37192652325, 560938.2388111689], [142560.98687240027, 561136.1264754835], [142711.28252189717, 561257.8259397853], [142775.83946462857, 561367.9691388396], [143178.57206907947, 561693.2021858186], [143228.95438147133, 561775.5127376079], [143332.1978868814, 561849.5844669468], [143573.19670740826, 562150.3912906013], [143813.57263980986, 562270.8819087208], [143947.40202049282, 562308.6247164414], [144186.65678522544, 562535.3345329918], [144287.69303185362, 562596.1764478928], [144496.5708478426, 562821.6145966342], [144614.53022568233, 562908.3714946394], [144710.6090701996, 563117.0417095835]]]}}, {"type": "Feature", "properties": {"rule": "mudflat_perimeter", "coast_clear_m": 30.0, "inset_ratio": 0.1, "site": "incheon", "lat": 37.4308576, "lon": 126.417128}, "geometry": {"type": "Polygon", "coordinates": [[[143003.44230958523, 541105.5959064786], [143004.49471063752, 540939.5446263053], [143091.90093346377, 540755.7127766458], [143062.059976997, 540727.5744348459], [143086.21275633347, 540585.1722075011], [143029.21174694473, 540603.5273162395], [143012.84300468196, 540690.1784626112], [142933.60617482828, 540813.2441835813], [142902.2273576806, 540937.0759413037], [142903.3289064364, 541111.8464849096], [142870.12239571143, 541181.2027703754], [142869.54483255665, 541235.6271455917], [143094.99807091182, 541614.0337524673], [143214.3625357747, 541653.1618090397], [143260.88474544825, 541732.8969345198], [143333.0334411762, 541728.2230916077], [143308.12094645397, 541671.6545759274], [143333.46059508884, 541640.3820991297], [143270.74660857688, 541570.0417666658], [143170.6745172682, 541539.3507807713], [142968.8011801432, 541216.4827261022], [143003.44230958523, 541105.5959064786]]]}}, {"type": "Feature", "properties": {"rule": "mudflat_perimeter", "coast_clear_m": 30.0, "inset_ratio": 0.1, "site": "incheon", "lat": 37.4308576, "lon": 126.417128}, "geometry": {"type": "Polygon", "coordinates": [[[144178.41071611654, 539164.7667116714], [144152.31378621564, 539133.4483440964], [144168.47898676037, 539052.6111986645], [144128.0093644426, 539015.7999739437], [144138.83692187112, 538996.5671083076], [144099.32946701747, 538935.6963915884], [144097.97932944496, 538967.9713122626], [144037.84889831653, 538959.6483613361], [144034.28743783123, 538937.3855413836], [144095.20655556195, 538932.0273016341], [144035.4970513855, 538905.6107805627], [144025.58135144302, 538854.0466735052], [144144.28279799866, 538809.0316008279], [144210.4611808227, 538754.9910186334], [144248.5041135692, 538628.1999700642], [144243.67624841954, 538560.7651284966], [144209.76514318597, 538510.2014339948], [144161.04976734452, 538479.9291671338], [144127.8985484044, 538470.8395465909], [144064.80871480636, 538516.1411502119], [143923.936479273, 538446.6553900775], [143928.837365121, 538517.6524398241], [144124.02141191196, 538573.2940749094], [144150.4735207415, 538603.6050778995], [144127.97395804743, 538697.3765820778], [144055.21552729615, 538740.144468237], [143970.439520183, 538750.3450792684], [143920.45713639766, 538828.2209313789], [143936.46360691747, 538990.05868149], [144028.8976909874, 539007.3288604666], [144042.71063818462, 539068.8127744026], [144095.76350437672, 539087.1885912481], [144070.18290027094, 539163.1446694895], [144023.97659752044, 539168.101450433], [143961.4311429334, 539118.4697850836], [143915.15542310788, 539133.6046469413], [143868.88340599503, 539283.3706015141], [143761.98184877183, 539355.3508783204], [143701.920450998, 539448.8246294875], [143717.12989733843, 539550.8337591363], [143828.230700124, 539675.9405956789], [143826.9247408876, 539778.958340705], [143747.65005020556, 539805.2908475953], [143772.0695872395, 539905.8297776897], [143783.46441582416, 539866.2955448169], [143833.52176081296, 539868.3900539977], [143841.90310847282, 539888.4985797213], [143891.4771273553, 539855.9069892397], [143937.21310827363, 539753.3492643078], [143915.70223779223, 539619.0789900606], [143804.97342024973, 539501.2417274928], [143803.69314343034, 539460.751421817], [143946.16232251766, 539347.527239293], [143977.1498683704, 539257.3601550632], [144047.34755625605, 539270.871937882], [144113.57245381604, 539254.9741702295], [144178.41071611654, 539164.7667116714]]]}}, {"type": "Feature", "properties": {"rule": "mudflat_perimeter", "coast_clear_m": 30.0, "inset_ratio": 0.1, "site": "incheon", "lat": 37.4308576, "lon": 126.417128}, "geometry": {"type": "Polygon", "coordinates": [[[159060.06105439304, 558968.3911014699], [159148.76053808382, 558871.2755019476], [159253.53377668132, 558638.7442559017], [159362.4117603579, 558605.9059262206], [159430.23934165586, 558445.7008522134], [159510.09414438473, 558413.6971985183], [159594.02270103738, 558330.7303876777], [159623.16925167435, 558206.5941324431], [159742.36493521603, 557960.1182714417], [159783.34833132607, 557840.359039923], [159765.58730036038, 557756.4758876316], [159800.13721430342, 557611.5778726647], [159753.02859701944, 557459.5653358139], [159789.8996781438, 557315.7170363988], [159767.27115059033, 557094.9403447848], [159818.25647308753, 556948.0482276087], [159775.28287051426, 556725.8698291158], [159740.03480159424, 556682.2883567769], [159857.64656717487, 556715.6234132205], [159947.50771056834, 556665.9090322398], [159998.90259424844, 556491.9930743445], [160061.73744051787, 556372.2612932103], [160109.2050838104, 556321.4567894813], [160113.73567172248, 556240.7044019252], [160182.31444120687, 556093.1243071905], [160261.15566168705, 555999.5478620527], [160322.68727963453, 555847.0982211871], [160395.29699796744, 555798.141457808], [160412.53168355738, 555704.6276404071], [160393.70109031306, 555498.838764478], [160424.99093236477, 555398.748173504], [160423.7896931192, 555330.4059536755], [160513.62020889722, 555157.3703200867], [160507.75636114812, 555120.86803348], [160439.2649093296, 555039.3418759102], [160436.7812438051, 554985.3641171302], [160512.97333933815, 554875.8384146044], [160520.1304436392, 554788.4854733793], [160614.15266613523, 554604.9756404787], [160723.38364514624, 554453.5410544919], [160797.74143150906, 554383.7446205603], [160790.53055532795, 554286.8349654679], [160825.120904734, 554156.4376219888], [160876.8019847658, 554093.7835656359], [160905.09503670663, 554009.6305702324], [160986.11800117022, 553937.2257474574], [161013.7614973728, 553884.6853751006], [161056.68398441008, 553859.0976770761], [161165.79759922612, 553713.1602189298], [161260.76715530414, 553609.1749680196], [161465.81933491668, 553438.5279127578], [161597.07461086547, 553247.8083451915], [161762.85588942227, 553116.2029199698], [161794.841652273, 553045.3785073253], [161846.35379952623, 553021.8483652875], [161873.62395532153, 552954.1738532106], [161927.67284180858, 552905.0708813785], [161985.3883535443, 552808.8549769727], [162068.59183486065, 552759.5594266696], [162158.1340377153, 552660.9579813797], [162159.8278597775, 552581.3638138713], [162136.606169555, 552551.6797193869], [162076.75537839162, 552531.529794697], [162107.8309023052, 552471.6245060221], [162112.08903826887, 552333.9553189423], [162165.0616492099, 552210.5742498271], [162210.71481041692, 551902.0863214909], [162243.530453853, 551823.8413571134], [162226.88815481646, 551671.1017213255], [162129.05716962382, 551536.5107082177], [162122.1093010189, 551489.9848197777], [162189.363899992, 551418.7389572016], [162221.83620303613, 551317.3441715955], [162202.69810397178, 551158.1448218761], [162234.84591042314, 550923.968552111], [162295.47068037454, 550814.0004641784], [162323.79172062303, 550605.088131451], [162430.07805841762, 550467.0894304027], [162415.24427296006, 550291.7613193826], [162492.1323325964, 550041.6288821911], [162562.72956918651, 549960.8744368098], [162623.15121490834, 549955.9406729445], [162639.34701372098, 549973.2552365619], [162582.97586295757, 550068.7504797141], [162634.35670233265, 550145.4112673944], [162664.7981986163, 550146.0587564077], [162751.4894733703, 550033.7851577362], [162753.17909503076, 549962.987690507], [162730.6278026483, 549917.192376856], [162744.8518036312, 549871.9915028936], [162870.9594140848, 549673.4091513387], [162880.21369715352, 549488.0924415158], [162838.22961110374, 549405.6314995183], [162847.64073412813, 549275.3843856986], [162936.10134709574, 548977.7439510394], [162954.1344821373, 548752.8610486055], [163004.531294922, 548502.1643333284], [163033.00394740174, 548159.6197267508], [163096.86064280622, 547961.5254033662], [163075.54556731338, 547842.5007691864], [163107.8979076936, 547629.7978751606], [163137.03359895787, 547505.9081557238], [163166.76919930452, 547477.2884622157], [163209.09128350523, 547356.4291652769], [163235.57714298612, 547232.2327354815], [163222.22524949833, 547081.6881829698], [163245.72953677672, 547004.5569778996], [163232.92886418442, 546920.9036734328], [163284.60724483692, 546764.9279628975], [163195.90398998157, 546481.5844608904], [163185.607231984, 546310.9781377467], [163119.24439604342, 546222.686355596], [163061.85138112653, 546179.2132220984], [162993.5552850169, 546026.7510436856], [162818.07297487714, 545804.380918812], [162820.87180145696, 545673.0558753569], [162852.72967265383, 545560.8183714658], [162833.2508869227, 545464.054066235], [162873.30453339708, 545199.8861662131], [162810.21225314433, 545052.1600905011], [162798.58854857754, 544959.6718185585], [162821.0838073443, 544899.7273465967], [162799.70923574257, 544754.0401887224], [162812.9460747515, 544439.9242853343], [162891.63492032787, 544325.7751853729], [162999.6502517727, 544038.1742415059], [163006.0191476455, 543956.116061439], [163062.78307130677, 543883.5664217223], [163111.24933634634, 543705.8333076274], [163259.37078281384, 543438.7136512941], [163120.91231225606, 543374.5146923171], [163088.2639768244, 543240.4988498123], [162944.73630608534, 542878.9870479122], [162801.2506356457, 542576.1683989178], [162794.43113318045, 542432.6382273685], [162737.32928546894, 542335.3250792212], [162739.51698262757, 542263.2099915901], [162690.88076064416, 542200.2978196067], [162653.46853634645, 542042.9923588614], [162621.52387872353, 541999.0610387693], [162559.54025158548, 541821.4827897382], [162506.29513626895, 541728.3454349844], [162462.32324889323, 541569.4009362361], [162386.65675436507, 541418.0337734645], [162364.13839228541, 541270.1707435994], [162221.48019442396, 541022.5001753763], [162200.5343940168, 540893.2966378132], [162117.5851274271, 540712.5233703515], [162034.01679915586, 540437.2309954988], [162019.40733473733, 540134.6505759592], [161962.61536386577, 540083.4417709799], [161954.0811934757, 539959.6039207716], [161918.50373426965, 539932.4951950484], [161921.02599916502, 539867.7791228788], [161866.36724640327, 539786.0039073282], [161769.30233628058, 539309.8499168925], [161727.42450238645, 539239.1754218608], [161723.1936889639, 539159.1116896248], [161679.4640520555, 539051.6141573224], [161644.44878599793, 538843.1076926487], [161529.06149162512, 538517.1377111919], [161476.39066749622, 538458.0166414252], [161468.2333976075, 538347.5861402935], [161398.0735021197, 538152.0224443893], [161355.7953178562, 537945.1750361496], [161247.92861452422, 537636.6169154221], [161204.57587843842, 537587.9440665054], [161189.60738347314, 537472.2443525821], [161148.86557068524, 537409.5008696434], [161099.41428120315, 537384.9500791113], [161079.17078814245, 537285.8895911138], [161020.3988880886, 537220.3579392155], [161004.36651998188, 537154.1696179177], [160934.8467662184, 537084.1905390205], [160954.30367425754, 536972.8466346251], [160938.32565380327, 536920.5669428587], [160794.01011057687, 536781.4345512539], [160714.38188439354, 536753.3690666301], [160709.1046313987, 536661.8137993107], [160666.2456996529, 536604.9640055087], [160630.02383867212, 536484.5636531815], [160520.04924446865, 536431.1024825061], [160446.02938318282, 536324.2762541361], [160447.08945557667, 536274.2955383006], [160508.129021305, 536155.8334789056], [160504.6237808241, 536041.5021299603], [160363.35478360282, 535914.1863928168], [160317.80801418843, 535921.7832505113], [160208.21009892554, 536005.7215847671], [160156.18168966888, 535978.8586301848], [160101.2624206793, 535878.672446852], [160123.21568935423, 535688.7363228351], [160060.8567265847, 535499.7019406114], [159957.21062533042, 535564.3653782023], [159913.49529413716, 535642.1926774114], [159813.22052164993, 535688.7563960749], [159587.13735428877, 535653.7724177317], [159488.24650240844, 535604.1724006458], [159330.57462247103, 535474.8217109845], [159247.37438379542, 535490.6831256766], [159191.37112833533, 535466.3692368021], [159120.47347055483, 535336.1089980107], [159022.556886789, 535242.0275453076], [158860.34080694107, 535201.7109218935], [158659.71506827985, 535113.2020840807], [158633.02552110353, 535030.6004194927], [158597.57202330866, 535052.365393194], [158616.1245102688, 535122.9032613247], [158573.08045477845, 535292.8741962215], [158318.95831837313, 535432.1172487482], [158249.63776534877, 535415.0216758382], [158106.66487522976, 535320.7505885684], [158079.29041730746, 535324.5296744985], [158005.55487746448, 535391.46943359], [157917.88884026418, 535371.1093933444], [157843.25458368586, 535293.2728677606], [157743.89158356312, 535267.414643073], [157622.2396688362, 535175.5805891516], [157568.6494019875, 535159.8184915503], [157545.85144062637, 535180.4611353227], [157541.03249675306, 535222.0170721629], [157583.0154505106, 535287.7542199665], [157607.03232107803, 535457.9588439901], [157638.69477716216, 535515.1954726462], [157665.50684982212, 535739.2746557584], [157726.16063863694, 535886.5055478587], [157728.74251581272, 536012.6910310587], [157688.62747008944, 536074.6406478347], [157567.42317076976, 536085.5857917574], [157484.3333977621, 536127.950511378], [157384.36383218257, 536130.3303899338], [157305.32031424495, 536167.593098059], [157288.91824841246, 536383.5676041465], [157236.81345362787, 536576.9713387012], [157197.58923099918, 536635.8215574143], [157169.3461808579, 536626.854918673], [157135.95631453051, 536647.9209983747], [157094.10397516278, 536579.194285027], [156994.2741039911, 536543.043933506], [156969.52611249176, 536634.3592366958], [156937.47402593293, 536648.3129652508], [156877.75599826474, 536750.7419370118], [156733.35314808518, 537096.3150855955], [156709.86388174002, 537106.9341606431], [156682.63845217804, 537070.2378032787], [156676.60360820062, 536981.9811485873], [156687.15359858802, 536965.4857403333], [156719.4964736342, 536990.1724152529], [156727.7177707333, 537028.6454019058], [156757.45019689482, 537014.4397023355], [156725.84007654715, 536931.5390543105], [156735.5346613648, 536868.9763151864], [156802.35888172325, 536733.4034839272], [156822.02633568688, 536573.4231133863], [156886.09066144552, 536405.1495986035], [157048.2051284155, 536200.8288653553], [157198.42450413315, 536123.7615828076], [157255.9317871028, 535954.0986271716], [157410.01174374486, 535633.8514108359], [157474.64327982877, 535561.4689810671], [157485.12394349117, 535502.0007083712], [157417.4850078766, 535405.2494938618], [157420.30206051414, 535334.3058549351], [157390.5675962005, 535309.924152858], [157349.86014268006, 535214.9942522617], [157375.3482702465, 535159.5945353605], [157310.86842304235, 535092.47417996], [157207.13491274166, 535156.0276200313], [157085.88979606936, 535168.0819426181], [156901.5754664673, 535055.0436287508], [156675.02424727142, 534948.8603232447], [156547.2994692268, 534953.5977112778], [156515.2327348649, 534857.4685041826], [156381.95148687455, 534754.7630614351], [156310.9215358586, 534632.2515259234], [156223.10924602364, 534548.9802880422], [156186.76242074982, 534534.8654088011], [156038.0505380652, 534540.2437321398], [156019.16005961935, 534501.0604059169], [155978.94484488145, 534490.6763039923], [155961.25466319796, 534503.8327404837], [155999.54133152292, 534681.9951993653], [155957.83245732708, 534727.1441619126], [155951.53113592623, 534768.1526841754], [155985.2305811956, 534822.3691504683], [155985.06315246897, 534900.1655676591], [156178.79382688217, 535034.4666303735], [156275.3988476542, 535068.0163014373], [156343.86332666804, 535187.7233071333], [156447.4444844171, 535263.6729023957], [156459.81865694773, 535299.0930303436], [156426.92572901893, 535363.2418299533], [156292.67000615425, 535458.0977863459], [156119.9257410933, 535330.2305702809], [156100.07322989654, 535336.4969728045], [156079.38618319778, 535382.1225153828], [156090.92635050984, 535582.1255141452], [156047.74688035983, 535641.6183511829], [156015.18611974016, 535641.9434415642], [155998.39223715506, 535480.4088632223], [155953.10685720132, 535370.5847360888], [155845.86460926803, 535356.1695953443], [155799.97940034384, 535271.8340245362], [155686.84186146, 535321.0456848006], [155582.05503229593, 535271.5719959425], [155547.47177478616, 535238.5875020629], [155556.6294905375, 535111.4061131637], [155515.07254233342, 535078.8941208639], [155479.5567240638, 534995.5284917187], [155461.51856485248, 535058.8204835203], [155434.75704862352, 535077.1909954806], [155392.1196009105, 535073.6619743133], [155368.1944167689, 535045.0285766864], [155379.67434860155, 534999.9576465255], [155419.73083279698, 534974.9781512277], [155474.76526463844, 534981.4029703364], [155487.00368273648, 534942.2313689624], [155478.26255351416, 534922.7330772149], [155422.1612136106, 534915.5429449829], [155384.17010618656, 534882.6113244903], [155353.1382447273, 534833.9513273012], [155354.38375080982, 534775.2256868035], [155465.4229840902, 534717.546565246], [155488.17273249786, 534636.5570977996], [155552.0561088645, 534605.5665226604], [155613.71620983875, 534522.7147449093], [155715.8335385144, 534480.878501343], [155794.21112725112, 534381.7865553072], [155819.55507919434, 534240.3181293104], [155794.64896317408, 534175.4124454051], [155548.8360357419, 534000.7368099926], [155261.79767525714, 533853.4788462427], [155154.88126258305, 533733.6452660675], [154875.23399345155, 533574.2742877795], [154712.54746846334, 533439.8207779365], [154534.08510760823, 533357.410233673], [154445.06878618256, 533338.1476784473], [154439.16048668665, 533364.773130038], [154478.87987816602, 533450.868003912], [154434.9130393715, 533690.4439371274], [154448.09978992672, 533918.980786576], [154575.5027752985, 534112.43833572], [154628.29440367888, 534455.4440136178], [154749.60080177052, 534651.5851761773], [154731.7041373885, 534740.6464510555], [154654.3989471082, 534767.0705899297], [154423.35892761697, 534739.4835586725], [154339.89609665706, 534709.5873900948], [154288.84351038246, 534661.8786582035], [154169.0417406484, 534456.3318688038], [154138.875985588, 534431.6913062932], [153942.30225945087, 534384.7722828882], [153920.09268403263, 534298.7987616432], [153870.60912356712, 534238.9975829074], [153766.82682538146, 534160.0448274844], [153699.01574703422, 534147.3570267324], [153682.48697019738, 534046.2535055378], [153476.24800021594, 533950.3781559616], [153451.83401534133, 533843.1073828463], [153329.86769328866, 533803.0209200091], [153237.85233832084, 533735.8185013981], [153125.70801466488, 533705.2526387391], [153007.56589362715, 533641.4336353225], [152946.12997512927, 533642.756711567], [152864.71102261875, 533705.1568679939], [152839.6145890131, 533755.3764717127], [152866.41868108886, 533971.200089653], [152763.36164296247, 534140.8947483934], [152693.52928487357, 534350.2943991581], [152666.28154695686, 534501.9704022382], [152666.34571799423, 534892.4504647828], [152469.46073564148, 535221.314833867], [152408.23895067596, 535402.270870032], [152327.02407792624, 535517.3013060823], [152259.08734913205, 535558.6425148019], [152234.9334239817, 535673.6022088783], [152179.19024021842, 535753.1717630681], [152151.30807817462, 535856.0515951663], [152077.8604669168, 535904.5258621944], [152009.42830383664, 535889.8240805129], [151935.9028808276, 535832.0134445184], [151855.8142779406, 535800.3767552148], [151811.0184733806, 535802.864098611], [151729.02454622678, 535861.0638215181], [151556.04835899104, 535803.3942893741], [151433.38643279317, 535828.2306366577], [151364.1780064362, 535786.9808090139], [151283.5766929014, 535778.2398372228], [151196.89420569022, 535727.6505326024], [151106.0583772931, 535777.8497512182], [150949.3735093695, 535769.8389538159], [150863.1316636168, 535823.3549264548], [150745.18659468385, 535798.7590353363], [150658.43220333513, 535837.3726655943], [150606.74852734793, 535748.5722998224], [150531.86954317574, 535754.234215727], [150537.98688907002, 535781.1140814015], [150506.56031602144, 535784.9830657037], [150488.7319503502, 535710.5684404155], [150462.7054989149, 535679.3907817638], [150222.5050029834, 535550.169843965], [150021.7543531641, 535321.6591004021], [149896.90742288693, 535292.2610959552], [149748.99865179387, 535217.1235124173], [149487.97137805837, 535124.7120186548], [149099.5481217536, 535123.0999262648], [148900.93842992414, 535172.3883599382], [148776.37256852022, 535160.3402962938], [148715.47331145938, 535199.7679342884], [148650.36332271755, 535184.5901073058], [148586.77016199863, 535209.5702329361], [148416.97560970226, 535206.18789563], [148221.55568010936, 535229.9809785096], [148158.37586674697, 535321.797867325], [148087.77258571272, 535338.7070159412], [147995.14253469795, 535331.9302966271], [147893.06622848305, 535362.0155824003], [147559.22076621163, 535555.8107497548], [147488.75904495816, 535542.9416108862], [147445.01587690267, 535464.5137127792], [147390.25002566684, 535435.4146947694], [147316.29144153226, 535491.2835873694], [147134.15760184755, 535551.3587718536], [146999.47783241243, 535637.9398210776], [146963.4493251212, 535638.5508132319], [146863.32978434116, 535574.9269870827], [146785.90020243253, 535576.0350549063], [146710.68558351827, 535597.1896184216], [146637.08206219316, 535669.1286704738], [146535.0969028899, 535693.4652482455], [146454.45910165328, 535687.817555822], [146379.15048098133, 535714.1581230445], [146260.70304177742, 535666.3960157641], [146239.9047096845, 535639.2046386845], [146225.95177142957, 535502.9089021569], [146199.98257491516, 535475.8584632657], [146109.15586612694, 535478.1823155411], [146053.43166545435, 535501.7500985853], [145986.12782425407, 535481.3700377299], [145921.41850533165, 535526.90335353], [145778.7887007529, 535484.9724197709], [145588.4819008992, 535513.3893018005], [145463.8340138697, 535473.2460065432], [145348.5704788319, 535369.3017930246], [145246.48186496203, 535336.8554642617], [145171.87058578967, 535266.8048918465], [145095.06666935555, 535238.4265639607], [145069.73605147452, 535236.7017104698], [144975.00290772243, 535300.8328683048], [144954.82226343354, 535225.7728167707], [144890.23058741758, 535171.4579821464], [144665.24361023784, 535174.6238269546], [144561.99781182164, 535203.7623028521], [144601.19997983478, 535268.0774195709], [144639.1335635972, 535287.944065334], [144674.4546202162, 535275.755895574], [144699.00316671448, 535314.151293452], [144743.8923220913, 535305.7279889571], [144785.5159236649, 535357.3607773422], [144803.40513735072, 535394.9896252287], [144785.76446852266, 535470.8649269869], [144811.6907396208, 535539.5390253069], [144806.10229278906, 535613.4980901323], [144890.6837176967, 535685.3381133201], [144928.16249942314, 535869.0068173854], [144984.00987457778, 535879.5035812508], [145000.2214730627, 535911.8786191385], [144976.67448060864, 535942.0976455171], [144919.90131084368, 535896.6122251345], [144880.13209711685, 535930.862168607], [144863.77393701655, 535994.2647526717], [144754.6876446011, 536181.6992769425], [144729.0091854327, 536290.8568157707], [144619.20231643989, 536400.5731393792], [144557.51464540116, 536509.2632579842], [144546.0380965922, 536577.7693777253], [144420.0441732869, 536670.3455617025], [144379.10929062965, 536793.9759107521], [144260.43490380485, 536968.7064128388], [144255.68363366887, 537079.9795514945], [144235.46239853988, 537130.9246846783], [144083.52650570718, 537292.9492323417], [144048.9903131157, 537482.0897001517], [144073.0053772518, 537563.4729484323], [144069.05671545575, 537637.6384093341], [144033.40925848408, 537737.3807552326], [143944.63813242083, 537857.7457028611], [143979.4138907274, 537910.983270792], [143977.83911731947, 537985.1986312885], [143895.6727925605, 538134.453283552], [143839.53890535393, 538183.5116556818], [143813.47689156324, 538276.138863942], [143856.9240555776, 538279.2157451252], [143959.7861222403, 538212.063108441], [144057.54237421462, 538056.4269536507], [144083.56987802754, 537963.6934001503], [144067.10138548838, 537858.9056486744], [144134.79250111387, 537760.3687920473], [144174.06760771235, 537625.7292804652], [144149.9369552001, 537483.1910666287], [144172.6065779227, 537342.1770746543], [144324.24300535672, 537177.8939188985], [144354.0931689381, 537100.0710541286], [144354.62356953564, 537003.8810438191], [144465.75480724423, 536844.7761032772], [144505.10989400095, 536725.1602518338], [144632.7908035137, 536628.3863012963], [144656.4864613774, 536537.4221390875], [144710.76250841696, 536444.0415044087], [144820.33732925105, 536332.6572374994], [144847.262747754, 536222.3479392751], [144908.517554089, 536094.9691162729], [144953.24670727883, 536039.6561321653], [145047.43118272081, 536018.4377992416], [145090.7833894515, 535957.036998469], [145091.56772465698, 535859.0948219595], [145055.7030468961, 535807.7494933588], [145010.17439242342, 535782.53806923], [144980.5348062037, 535640.4506205843], [144913.39647267343, 535566.4021919556], [144887.50806186456, 535466.7362538883], [144901.15487925932, 535371.604431671], [144989.44584627534, 535401.8226851467], [145098.07128522266, 535348.5158468207], [145120.61282610835, 535356.0512074014], [145197.06124376098, 535424.2951995662], [145286.14181812626, 535449.3565298372], [145413.43502739206, 535560.1255051146], [145576.9968553478, 535613.1700556496], [145691.48086359436, 535610.6940525322], [145778.90298695184, 535587.3087881618], [145928.39073479336, 535627.1006245823], [146123.48916551584, 535581.0951394957], [146147.4381382337, 535678.4224697583], [146189.72632941036, 535737.4622624045], [146315.77593746732, 535803.6754663228], [146377.01985419812, 535814.5750814704], [146667.01021732358, 535765.0057305064], [146801.94580794446, 535676.837379272], [146831.19629256823, 535675.8539160605], [146939.91139242394, 535736.193379945], [147016.7746396065, 535737.3233359202], [147171.73301735602, 535646.8882255229], [147381.7749954463, 535567.2847908386], [147465.22420444695, 535643.526304367], [147587.88995878506, 535652.0717621491], [147691.2216526403, 535606.6493758733], [147884.73923744884, 535474.3394428637], [148073.2109066526, 535414.0886496698], [148136.92979331152, 535431.789587519], [148188.17028059455, 535417.7165725575], [148244.63395847325, 535382.1563150662], [148272.40132434253, 535329.0215283001], [148351.09330567802, 535324.8455936994], [148420.63904978381, 535417.3034211375], [148621.0362109191, 535539.6957029122], [148696.00420195563, 535556.4395213252], [148756.96186415094, 535633.5876048967], [148880.09443323553, 535691.954823481], [148981.25621993892, 535714.9171270046], [149021.53867399087, 535778.294585179], [149184.92799449392, 535892.9178447436], [149291.53971933882, 535908.2867879008], [149354.62292175583, 535884.3777922408], [149401.86313617713, 535825.1213729918], [149411.02371549918, 535759.2253190776], [149384.11124647284, 535708.6211480168], [149129.23208770595, 535544.7651736842], [149097.57648380022, 535482.6897981013], [149048.6778409651, 535438.1914339581], [148924.72442762755, 535368.2155041833], [148804.7308675466, 535356.1472765277], [148742.0159690881, 535296.9773092663], [148804.78739808733, 535263.7713884542], [148915.64049537637, 535271.7460691581], [149105.02190105102, 535225.2077959444], [149480.11413832646, 535225.0074055195], [149858.2603599641, 535384.967674133], [149969.61042317306, 535410.2103456459], [150156.43831814782, 535625.8223274988], [150401.5056008919, 535762.8161654491], [150417.4266925414, 535832.003100757], [150470.04228446033, 535878.6194399287], [150577.89968965147, 535875.4808060067], [150710.1081830414, 535930.0077971803], [150755.53300552172, 535903.5363418338], [150858.58919976949, 535924.8052405511], [150877.0453268287, 535922.8341616561], [150867.5826546012, 535904.4035910638], [150885.57215160673, 535881.9879276151], [150894.70567411324, 535918.6448886491], [150972.72022742836, 535869.5464271286], [151115.3605341139, 535877.8576258506], [151199.42299332147, 535845.2509781305], [151410.4293841421, 535926.01140689], [151553.87524502852, 535904.3455448148], [151715.98352951522, 535960.6531632828], [151792.53303961575, 535947.7873565387], [151845.30394110543, 535904.4101263229], [151969.0631265964, 535981.7955846669], [152100.30445593328, 536002.4256705039], [152168.73069658762, 535975.7945935708], [152234.81742003481, 535911.8574634248], [152269.19057801168, 535798.2282410833], [152329.4950152226, 535707.4579406232], [152349.7901163335, 535621.6856581791], [152402.9353499186, 535583.07047739], [152495.15399076953, 535452.6085389842], [152560.42717045514, 535266.4920526063], [152761.9429060304, 534923.2608972624], [152766.48778477672, 534514.0320184819], [152783.41715164558, 534418.8893254445], [152850.42938005857, 534192.4465195432], [152963.97189203737, 533995.1056568631], [152967.89705211984, 533924.2395882927], [152936.7502371148, 533786.9790802359], [152977.45798588125, 533741.8951093622], [153082.75977639694, 533796.0466580337], [153189.71790384536, 533824.9417858967], [153279.51829641496, 533889.9291667091], [153368.6688267494, 533920.7470691566], [153383.42740925695, 533988.7505810091], [153424.14751523486, 534040.6060945359], [153597.29382655898, 534107.1151596621], [153602.21879772723, 534174.1610509611], [153625.9215901803, 534216.2435228243], [153723.4509264738, 534251.9019515261], [153826.77697116777, 534338.466864183], [153849.37201603726, 534423.3319967581], [153881.18256824632, 534464.4747825796], [153944.23165405865, 534498.367393499], [154090.28529074715, 534522.6124970088], [154206.8004743144, 534719.8186732426], [154289.61697664426, 534796.5363130366], [154401.00002400312, 534837.4028342988], [154649.94125025536, 534867.411180165], [154732.23138380892, 534854.5858417924], [154801.13328358, 534813.2253651362], [154848.1693298541, 534725.2906683587], [154846.66704233474, 534625.7733561576], [154724.0944966936, 534425.0293793539], [154664.5048026582, 534062.8709394134], [154544.86737972734, 533888.755881785], [154552.89125986598, 533795.5186432352], [154535.11933964258, 533702.5050170217], [154574.6605853168, 533484.8266778159], [154698.0304213236, 533549.7766544652], [154925.76723209632, 533728.2208726258], [155080.92433166, 533805.2472518533], [155205.22663219023, 533936.4717507365], [155500.26900902775, 534088.8730365853], [155714.47533067456, 534242.4474917732], [155701.71967796312, 534330.3222769563], [155639.66435500185, 534407.2891062391], [155548.0139190047, 534446.7455795252], [155412.95065185853, 534570.0007780825], [155381.23071454655, 534637.9526601073], [155267.13629368518, 534725.466402893], [155248.34693917635, 534829.3795114739], [155300.54155920667, 534938.1063086294], [155269.64604868722, 535004.7713246122], [155269.3693601623, 535062.9649446772], [155329.8677006884, 535153.6659328685], [155400.32468320362, 535180.1980240563], [155456.28650693924, 535175.4372857743], [155454.60165083891, 535276.8398900671], [155540.20901643214, 535364.825239717], [155628.33096493906, 535412.3684207359], [155692.98869295538, 535421.2969769248], [155756.08362066373, 535405.2879686832], [155814.89457622485, 535452.5873164419], [155891.11183119018, 535466.1387286445], [155907.18424741417, 535647.2700054632], [155958.1503867538, 535724.617683458], [156028.4692393283, 535748.2768837569], [156101.79447548886, 535726.2762661747], [156182.3928455398, 535623.622326034], [156199.0996869486, 535527.7576268181], [156283.04603456982, 535558.9271046586], [156361.86847115748, 535539.3024920984], [156525.2609265089, 535407.2236142047], [156559.42103303137, 535319.3901746274], [156533.74318334574, 535212.2857476465], [156420.70350505947, 535121.9635992794], [156363.9515153918, 535012.9636422945], [156086.08756329303, 534858.7691617031], [156070.2413698064, 534764.5921079136], [156096.70498573963, 534708.6149690725], [156096.99714724367, 534641.1743677964], [156167.40978199255, 534635.6089916204], [156227.80809010557, 534692.9481321473], [156293.52775000889, 534807.4338078108], [156427.9764023473, 534916.3144861588], [156440.17358018112, 534981.4864041933], [156498.24024001244, 535041.2407209185], [156560.71858466347, 535057.67058723], [156643.83282937144, 535046.0079580446], [157063.79845842236, 535266.0619299164], [157156.33364552658, 535270.961777544], [157253.9658104594, 535244.8685851853], [157313.09143162452, 535373.6968664422], [157326.71622945706, 535448.2510516734], [157381.45229208758, 535523.2423623088], [157321.1474407914, 535587.0407200635], [157163.01432867732, 535915.9613615414], [157112.89320838684, 536061.3341943456], [156978.87295741407, 536128.1573085106], [156793.55863782513, 536366.0864482606], [156726.45660943486, 536542.5276034517], [156700.04694049814, 536703.0701674629], [156575.98164668318, 536974.9102918146], [156588.9672818947, 537106.4844164688], [156665.66942116115, 537197.1281447227], [156745.83978246266, 537201.8433896205], [156814.74841424153, 537155.1616297364], [156946.85918041377, 536844.5809794044], [157043.95274337765, 536703.1755980169], [157139.3490763475, 536748.4431700311], [157235.99620869965, 536728.6278566289], [157277.04509208023, 536697.9206192908], [157352.2425767055, 536554.3696318084], [157402.3481739921, 536231.1738810163], [157499.11056940816, 536227.2970780431], [157595.41342271186, 536182.7665416771], [157701.50762814225, 536176.2627520812], [157788.24983874723, 536113.1912731368], [157833.05705236126, 536008.2666516706], [157826.23252719207, 535877.9193827655], [157764.8122971445, 535721.5258001622], [157739.9483357182, 535507.9600426259], [157691.8418152986, 535353.3424229461], [157779.82339779692, 535383.3064503772], [157841.28285942093, 535444.134707845], [157920.18101745623, 535477.2399136354], [158024.03745737992, 535490.1937940572], [158100.372702423, 535445.8041654404], [158246.91595789843, 535524.02234308], [158327.29061108263, 535532.2105952214], [158403.39391897462, 535512.833761207], [158504.5488570381, 535437.2127842408], [158592.52119800213, 535408.8765526947], [158656.46972559794, 535348.8593248022], [158699.7912234435, 535240.9223304678], [158746.91910269382, 535252.0173845818], [158847.1086699321, 535303.2616252275], [158965.49631529, 535325.4555204735], [159039.96114732488, 535396.2440757557], [159083.2723983385, 535493.1717083637], [159134.38871295442, 535549.0802363569], [159215.20514989045, 535587.1042811485], [159302.10123685462, 535584.5047489989], [159434.20977613048, 535688.8372535846], [159553.00798964134, 535748.2355935134], [159724.72116796326, 535785.7038314184], [159830.68461236559, 535787.6660045336], [159935.6055941935, 535747.9125996345], [160010.65209990164, 535678.9986170777], [160002.53617395333, 535897.1449485072], [160099.1813381247, 536064.5092074441], [160162.92912540384, 536101.890263446], [160223.38503945226, 536105.0081714242], [160351.3278203246, 536023.9014493331], [160406.40917825158, 536083.5741166319], [160409.44542998399, 536120.6197688887], [160342.02256660516, 536284.4029279761], [160369.75207806466, 536397.5916387736], [160456.71048823872, 536509.0531532489], [160550.2701479735, 536559.0483352405], [160575.6033954029, 536648.2315197687], [160613.7791124054, 536698.1124766181], [160615.02501968492, 536772.2666449738], [160639.54133027422, 536820.3541139849], [160741.01988238172, 536868.7742857174], [160848.32698818177, 536974.0173582732], [160829.09386897064, 537057.3429069701], [160842.10332046702, 537122.7490449583], [160912.38279888796, 537205.2909867262], [160932.1391082167, 537268.2986981474], [160981.72410645077, 537329.3607747115], [161013.18707983827, 537436.4571160555], [161098.1792141789, 537515.3286562096], [161108.64631919443, 537617.7035149756], [161158.75467160248, 537689.8089105289], [161258.89552954782, 537972.8632862578], [161302.12430161028, 538181.7185052662], [161370.46268563013, 538370.8546459241], [161381.09460361308, 538489.7462067923], [161436.73193681467, 538569.7299870607], [161544.32002166513, 538860.865574218], [161630.94534286522, 539267.1016978043], [161670.6332157452, 539336.3125871872], [161769.48004310887, 539812.4798388092], [161817.02499746403, 539890.5189833282], [161868.88377431256, 540119.531855904], [161915.270921623, 540184.0646846279], [161937.552281603, 540465.2078066699], [162023.39295207706, 540747.3936902931], [162104.87542876494, 540925.5887347145], [162125.79656751145, 541053.0411093972], [162271.75448047373, 541312.8997446185], [162293.4211928253, 541455.3866204023], [162369.9218308865, 541609.0727793961], [162413.25252224028, 541766.1763361726], [162559.72247039984, 542087.1786477432], [162596.85380967657, 542235.611239177], [162637.62780459155, 542292.6719771234], [162644.77751110154, 542374.3414113327], [162694.04197536662, 542460.3670604604], [162705.2654194572, 542605.74784082], [162849.68488902642, 542912.0925505955], [162991.7348288401, 543269.9871193009], [163027.11136724972, 543410.0546118778], [163043.7415565958, 543407.9541285448], [163029.00410635286, 543414.9120022256], [163116.50885255798, 543493.0694620116], [163050.54438467507, 543606.2268041101], [163055.79556365253, 543626.2063835138], [163106.51902970998, 543625.3551310004], [163107.1041790577, 543652.1636180223], [163040.0764088635, 543713.051092852], [163047.58317961963, 543731.1399829225], [163029.87054997636, 543718.8868393695], [162989.97135598928, 543748.0585117677], [162974.53297789287, 543809.2263045819], [163004.19881494832, 543854.8795846337], [162973.66091246528, 543829.0239039366], [162913.28132647008, 543917.5440296851], [162874.08891827922, 544084.402967531], [162901.80258965044, 544094.0333512388], [162897.74361482827, 544115.7362844185], [162862.55807264723, 544111.7046090892], [162708.33339395904, 544488.8397373962], [162702.80836691544, 545032.1712004773], [162770.64714555733, 545210.0728603577], [162732.83397652282, 545461.9211771749], [162749.79103087445, 545556.1077565142], [162713.52951120923, 545781.2019477222], [162740.80004219618, 545880.8351987725], [162905.93612080807, 546078.6870379352], [162984.4434970124, 546243.5525611697], [163096.1413765483, 546357.6604547257], [163097.399294482, 546501.2040958139], [163183.0697643953, 546765.2885048509], [163133.3562505682, 546907.7355403973], [163142.9669562654, 547004.9497136314], [163121.82726708677, 547084.5778607526], [163136.58694759666, 547214.6989568087], [163008.1947245766, 547617.6578427745], [162975.12964583043, 547840.3218192727], [162996.67951155355, 547948.2969271991], [162933.89435964244, 548143.3287868092], [162838.97678882396, 548944.426543555], [162747.91890510925, 549263.3984803457], [162738.55285586923, 549417.9866432211], [162775.42862433786, 549507.087136425], [162779.03885454245, 549622.6361766346], [162817.41654509128, 549590.3572417588], [162828.5036624386, 549553.5023998233], [162851.16251668814, 549566.3997764682], [162850.98733457847, 549599.5266296586], [162784.79905177836, 549669.6913663837], [162748.19458234735, 549786.3934513672], [162696.3997381811, 549821.1396146056], [162658.8434245065, 549820.3521775865], [162642.48899363627, 549856.0129840707], [162586.80464924715, 549850.3099311299], [162511.46277096873, 549874.504184347], [162400.89498120864, 549999.6306581603], [162315.6872883776, 550278.4755401112], [162323.43292087078, 550442.9535353392], [162231.07572384577, 550566.4636696219], [162210.5062258048, 550743.2643669834], [162136.80817791208, 550902.1349057346], [162102.25882156135, 551158.3807432088], [162123.3938531006, 551295.345732904], [162100.70862771888, 551364.0089142979], [162048.8079196422, 551406.7136510414], [162022.7058537085, 551475.5952481091], [162039.3484520565, 551581.682060892], [162130.9352819004, 551704.6794741723], [162139.6500843832, 551819.5739190241], [162112.67681054026, 551880.2538756777], [162073.34482250863, 552162.6069558435], [162017.4218386269, 552300.3960218407], [162005.0544448453, 552393.1316078138], [162053.84095344902, 552476.6456468188], [162044.4830878076, 552545.2203895861], [162112.13263957074, 552585.494724848], [162128.49864098858, 552624.3885619638], [162010.99001784148, 552711.1047804912], [161915.71432145, 552736.5111150235], [161766.32783286972, 552948.9829102118], [161708.53251925603, 552991.5904587911], [161684.36406754624, 553048.9262308413], [161527.4744239876, 553175.3934358389], [161432.6729113728, 553289.9594570758], [161393.49437335125, 553368.7344610407], [161177.47630971367, 553550.16226135], [160816.45882680017, 553962.3894080598], [160792.83648792902, 554037.6097424573], [160721.0437711956, 554151.7937114416], [160690.6354680948, 554276.3909884149], [160694.81809690138, 554344.6213292719], [160525.23799019266, 554558.2607016257], [160427.68179977435, 554749.2254000534], [160418.66569142154, 554836.3029737778], [160339.2533025838, 554961.3556646367], [160341.4693895241, 555064.6131089374], [160405.87671997029, 555158.4703672833], [160331.23491640558, 555288.1032225473], [160294.27839537096, 555484.582788873], [160303.62188471184, 555739.4051975892], [160252.98236947105, 555774.784110468], [160216.850388408, 555830.4549442737], [160192.86136050144, 555937.6729263368], [160108.4496027862, 556140.725883997], [160088.62465689552, 556057.341004243], [160017.5779838721, 556211.6905401128], [160010.27790024312, 556283.3295917355], [159905.58246961355, 556454.8519993987], [159859.82425052783, 556610.2588416246], [159746.26467118293, 556576.8809108213], [159590.3074456321, 556496.0551289251], [159588.99836869724, 556397.2706261061], [159549.15283137077, 556278.4342243135], [159561.07679818943, 556079.8681280492], [159463.36497938616, 555942.809759872], [159418.87843359142, 555912.4855657199], [159387.08891798847, 555978.1829999657], [159360.65781037032, 555974.8697456841], [159334.67410753167, 555950.5650105863], [159334.53842406164, 555921.5245117452], [159284.50862223768, 555983.0563897943], [159287.86423161966, 556100.2062605738], [159244.47256343323, 556214.2209184807], [159282.40679741662, 556314.764649384], [159270.36126593137, 556430.0994959833], [159290.34897814022, 556666.8197571981], [159327.88409025894, 556710.17086889], [159392.6266313114, 556741.5096311093], [159519.79363909087, 556734.0168769213], [159679.6704697281, 556768.9094264249], [159717.0213670108, 556951.1697305602], [159668.81322652276, 557070.4947976896], [159689.32705878167, 557307.3160101252], [159652.91570126463, 557467.6593591388], [159699.1028422258, 557609.4722400557], [159671.31899411322, 557716.3980467364], [159689.08163446194, 557745.6150947944], [159727.96733132564, 557739.2633794585], [159729.937187983, 557757.8956249739], [159716.48990908876, 557821.2733676616], [159642.7137474699, 557940.884695656], [159627.7909839846, 558022.1869797504], [159508.08039947107, 558271.1668271197], [159397.27037080986, 558399.9761260306], [159401.73223240895, 558347.1321600463], [159356.87114055155, 558377.106303037], [159297.5097486358, 558479.7147605221], [159345.38589846133, 558520.7955873982], [159332.8964350947, 558533.832975666], [159290.54939378749, 558493.6136194556], [159281.6833818823, 558522.4185129185], [159194.78472176593, 558557.278596532], [159141.2599190491, 558623.7738356316], [159023.50628973584, 558879.7840652138], [159027.52179360195, 558937.9577728431], [159060.06105439304, 558968.3911014699]]]}}, {"type": "Feature", "properties": {"rule": "mudflat_perimeter", "coast_clear_m": 30.0, "inset_ratio": 0.1, "site": "incheon", "lat": 37.4308576, "lon": 126.417128}, "geometry": {"type": "Polygon", "coordinates": [[[145102.035765905, 524981.2300283146], [144909.99106852215, 524847.1007718873], [144843.26895524596, 524758.689771995], [144743.87884443547, 524719.5868285955], [144622.1143934838, 524614.0113424828], [144578.7894036243, 524604.6571861814], [144521.41019720933, 524637.0050208077], [144518.07291341445, 524669.9339106902], [144546.07299948292, 524717.9009205602], [144780.26839058398, 524807.4809898069], [144822.53727881867, 524866.3748004806], [144884.82372351282, 524883.4427200694], [145010.93906722753, 525000.8605947744], [145102.035765905, 524981.2300283146]]]}}, {"type": "Feature", "properties": {"rule": "mudflat_perimeter", "coast_clear_m": 30.0, "inset_ratio": 0.1, "site": "incheon", "lat": 37.4308576, "lon": 126.417128}, "geometry": {"type": "Polygon", "coordinates": [[[146309.650218247, 560264.3870106612], [146260.10095435506, 560344.8200802106], [146204.99534095032, 560345.651022919], [146192.24702200684, 560281.4192580621], [146128.24511149983, 560289.3070675633], [146039.44600031048, 560222.5815587945], [145963.52913881457, 560233.5396883559], [145841.6568677778, 560092.3044092593], [145645.91423598965, 560027.3798302294], [145532.5393814017, 560012.3088520285], [145437.78635679412, 560071.6379165981], [145374.24943275267, 560071.8627492012], [145311.46828663172, 559998.0373555075], [145201.11914842692, 559942.8058400851], [144986.44882484252, 559911.2066096538], [144816.74251110494, 559926.5317094664], [144737.00769748152, 559910.4273434744], [144733.34812821253, 559831.5882220311], [144654.05252569134, 559845.8337271786], [144629.20792832493, 559911.6166678153], [144597.05688821126, 559937.2032082607], [144522.09197298472, 559936.8046532937], [144572.20393319504, 559982.4632249486], [144678.02578738763, 560029.6601448687], [144726.34431501, 560010.3151099125], [144815.6111978907, 560027.0929844381], [144928.78249942185, 560010.2551238413], [145052.28127617316, 560017.6377915094], [145201.5276131821, 560048.568737095], [145318.74007469145, 560131.3173498765], [145439.01568219904, 560144.302916228], [145543.24202232226, 560112.1654302385], [145624.88520818244, 560125.593297226], [145786.0730981973, 560176.1538109129], [146106.09729797897, 560387.6010540705], [146167.76464589627, 560395.1656642162], [146318.29538013093, 560365.8742604137], [146443.1973764233, 560379.2868631957], [146641.4280370558, 560433.0129032279], [146688.88654217482, 560454.0248752455], [146790.22957709312, 560556.6856260998], [146962.10756857964, 560685.6000044667], [147108.903073394, 560759.7301334225], [147287.9362783586, 560916.5480162747], [147341.8695286335, 561069.1985744765], [147457.0977283419, 561246.1570199683], [147588.7070641442, 561523.9654322679], [147654.36806105947, 561923.8685202065], [147647.85109296627, 562011.855417814], [147676.91313092122, 562099.1009184917], [147677.30989953125, 562224.1106157972], [147726.07247544307, 562348.0892932315], [147660.48134834462, 562543.1921979409], [147656.17601801944, 562636.2888867231], [147607.36783792675, 562823.6245413579], [147555.24021880783, 562911.9980938298], [147527.91656964913, 563015.8067208269], [147527.3824304789, 563095.4210074971], [147546.4174463076, 563121.0100219585], [147620.98165946128, 563056.2145619128], [147652.39346489802, 562951.7895339627], [147769.28559908268, 562797.538758921], [147817.0590174655, 562604.6354963005], [147833.51912537735, 562575.5006250109], [147863.91656060837, 562568.9175755926], [148046.6540529769, 561848.7082058616], [148018.68051135604, 561618.8975928889], [148023.85923706222, 561494.2976037385], [147974.43745603727, 561271.4845353456], [147874.884295269, 561172.0452883994], [147712.7795399107, 561051.6905316937], [147653.56732923002, 560978.3159105683], [147638.28211217854, 560993.5155196204], [147617.27923713173, 561047.913899839], [147630.0381055333, 561104.8130721331], [147881.50898367167, 561312.5325215597], [147923.36672642975, 561502.7143260807], [147918.69753220628, 561619.0680275213], [147948.35976239204, 561827.6878865188], [147821.72836796325, 562317.8449869432], [147774.47974710283, 562193.7456269445], [147776.90151289525, 562089.5915241779], [147746.38119930678, 561990.4600721985], [147753.44935088017, 561907.4063478872], [147685.2073050438, 561496.1120910621], [147545.6909294737, 561198.8352509479], [147433.32353011027, 561025.6952963079], [147370.25936634035, 560859.0066025351], [147172.55203232495, 560682.0325457058], [146921.5570746871, 560533.0934365239], [146733.06525048031, 560363.823174361], [146457.4202015597, 560279.8594205296], [146309.650218247, 560264.3870106612]]]}}, {"type": "Feature", "properties": {"rule": "mudflat_perimeter", "coast_clear_m": 30.0, "inset_ratio": 0.1, "site": "incheon", "lat": 37.4308576, "lon": 126.417128}, "geometry": {"type": "Polygon", "coordinates": [[[150171.7057017928, 544733.9843042674], [150465.89345141576, 544679.4217418631], [150591.09406788152, 544692.1447155814], [150672.60803744145, 544656.6261256064], [150724.49960832007, 544601.4775897405], [150900.81213459204, 544597.2237149201], [151187.59710158483, 544491.5267149602], [151122.30838636094, 544480.3089733844], [151081.3635214969, 544435.2669360485], [150892.90181886268, 544504.920930936], [150778.11116272295, 544491.6557226967], [150772.34896470964, 544515.2167097991], [150688.4703098336, 544507.7326544876], [150578.16523350467, 544591.2444307854], [150447.5667467921, 544580.2528102087], [150192.70014648818, 544633.9682150276], [150035.5741596768, 544593.918172376], [149715.12451641087, 544586.5699214393], [149670.42831023023, 544542.5784807941], [149588.048785525, 544518.2178842245], [149525.29311925796, 544532.7897861003], [149468.1151930184, 544583.8213509691], [149357.92224189616, 544605.3180992135], [149258.85727691703, 544579.9042371422], [149148.95993189432, 544592.5517897937], [148706.4627822125, 544556.3585109285], [148735.75362091663, 544463.4170392504], [148689.55389937834, 544363.2768225201], [148222.80688567203, 544235.0144071105], [148188.82672512587, 544193.3601559788], [148138.59289442026, 544175.1266604756], [148127.12353223996, 544103.9046415577], [148069.57974293802, 544050.991937257], [147611.7632227422, 543930.8869794575], [147470.4063546247, 543845.10421807], [147383.21872144574, 543817.9071365744], [147226.05167273784, 543809.9288577778], [147071.33182009403, 543774.0373309087], [146805.5397468897, 543872.5104750133], [146712.6692708692, 543792.6255939661], [146553.61756360516, 543733.0369554146], [146432.31809834787, 543633.005928189], [146377.50005442015, 543543.2261086102], [146259.20173753577, 543439.808604604], [146243.75836929656, 543414.5992961472], [146255.72406831983, 543313.3411628942], [146214.67919966963, 543240.2322908908], [146115.22135775845, 543202.7845212155], [145994.47285243447, 543230.0235072852], [146079.09474172376, 543168.9866962868], [146120.18668227328, 543092.9264172771], [146109.31595914531, 543011.5347528964], [146051.99176122388, 542955.8904249613], [145867.7649236663, 542921.7620859519], [145755.40999180364, 542921.315962224], [145715.40011553402, 542876.2885314215], [145648.8799567612, 542851.0327435083], [145465.25169163672, 542898.0879278029], [145383.25403260175, 542890.2991448264], [145225.78128611163, 542825.0930620453], [145132.71335459358, 542819.6824761902], [145043.3952634601, 542789.5313428595], [144931.24760663038, 542703.9996067858], [144720.99949617888, 542623.949342342], [144690.0786261332, 542574.7311616524], [144692.01110182406, 542435.842007922], [144720.8426731668, 542362.7043200766], [144786.5194560064, 542405.6545099408], [144914.54244252612, 542424.8175393491], [145049.40601412073, 542372.9520316868], [145118.60384386228, 542304.623404812], [145179.2562952869, 542316.4114939903], [145259.32979650667, 542294.8713610498], [145300.7358265997, 542263.5516218294], [145392.38822161412, 542119.8347986214], [145317.49914801723, 542066.6014409062], [145223.6432528456, 542199.1711886065], [145167.24667108993, 542215.2859115326], [145069.61429107407, 542161.2126390915], [145046.42507384383, 542184.8450355737], [145030.23179814138, 542255.750780017], [144926.72701686903, 542321.1144577649], [144819.47091819142, 542310.7740259102], [144707.1544229196, 542241.2954253018], [144665.83388702027, 542254.0114525809], [144630.87507810752, 542297.3310440156], [144618.09680096776, 542365.2466988186], [144590.63088135424, 542401.9130705518], [144589.5440131495, 542578.138502849], [144601.8573133023, 542626.6496725378], [144657.594599777, 542705.2078063805], [144884.0169745018, 542792.6414281725], [144981.10520432357, 542871.5782770345], [145109.96086627763, 542932.3149054886], [145192.00413929136, 542919.6827520896], [145304.66132340717, 542972.5753995768], [145417.58428276383, 542998.9739116314], [145531.26710719656, 542988.1386499027], [145642.10012393605, 542951.4031843379], [145717.52295091518, 543018.7199308941], [146010.51346178475, 543047.3653165199], [146022.8191550668, 543064.7829266575], [146004.09317084824, 543102.1819848048], [145920.16038804504, 543156.3989729192], [145745.68340190963, 543200.9425663071], [145709.18246491143, 543231.782255392], [145715.0186144472, 543261.6660349567], [145775.77328993496, 543292.3313918458], [145999.2149515336, 543331.8278535492], [146098.57770941814, 543304.4385993032], [146141.134633711, 543310.5927170609], [146159.13891134507, 543344.2250670713], [146133.35567230862, 543410.6068555219], [146146.26905630843, 543446.9514726343], [146191.54939959946, 543514.6633636067], [146305.57822383015, 543613.3357042058], [146346.69026766648, 543688.9590034934], [146498.79909679122, 543817.6904817204], [146663.00837296143, 543879.9290894803], [146765.1593207387, 543972.8494351038], [146823.88289873215, 543974.0971150413], [147096.64843465615, 543873.9230966448], [147212.3684897917, 543910.1003743254], [147388.3072858779, 543921.8382314991], [147583.62612636184, 544027.4882859116], [147952.20120076905, 544114.8820432706], [148002.29515112657, 544153.1340409138], [148032.33903343222, 544144.2723460549], [148030.27631370124, 544209.9164823433], [148093.97701660433, 544267.8796287726], [148131.01662765566, 544275.4947877761], [148166.05466909427, 544322.9895220735], [148624.1149467527, 544439.4729417734], [148634.55901999565, 544481.8202626249], [148587.3272506947, 544537.5672273256], [148529.12573997286, 544575.705940101], [148470.24095861224, 544582.392314763], [148473.55287357076, 544615.1504458977], [148571.83894255414, 544638.4890799319], [149147.33316781832, 544693.4677752716], [149246.44214454276, 544679.5735383243], [149371.34609949545, 544706.2277885685], [149456.5765096287, 544684.0384543701], [149525.64805346134, 544692.529670784], [149557.12489277968, 544632.9242821151], [149586.94609691412, 544618.651390525], [149623.90414676873, 544631.5931274777], [149668.12301515695, 544686.033444075], [150023.0618273756, 544693.5753178819], [150171.7057017928, 544733.9843042674]]]}}, {"type": "Feature", "properties": {"rule": "mudflat_perimeter", "coast_clear_m": 30.0, "inset_ratio": 0.1, "site": "incheon", "lat": 37.4308576, "lon": 126.417128}, "geometry": {"type": "Polygon", "coordinates": [[[146366.48059838972, 517085.27547500737], [146333.1141511058, 516909.2590686262], [146329.61995890253, 516734.4362276732], [146371.74381916758, 516644.8109052504], [146150.39910934123, 516637.33792124735], [145908.7557589343, 516522.17123446404], [145930.01427045197, 516450.7458782343], [145863.9171702896, 516279.2417363979], [145885.43386257254, 516142.2129517187], [145923.84801258694, 516119.1183576729], [145979.34978380514, 516153.79049530346], [145984.64861049526, 516214.339400743], [145936.2158937503, 516245.11292849295], [145981.3231743308, 516286.70647468045], [146005.8790497, 516369.84954376897], [146042.0375090399, 516414.86287450243], [146173.38550857053, 516483.3872621267], [146271.61392808938, 516478.46255423536], [146360.98948079732, 516438.4756844763], [146507.00474765792, 516408.4981191374], [146533.17053737098, 516330.73862824077], [146528.5042125474, 516211.390744098], [146631.47661518285, 516095.81648160395], [146633.75136290016, 515988.11519684247], [146597.1189211078, 515908.5917154263], [146531.1127142085, 515861.5729148133], [146497.47770452028, 515811.7376091631], [146508.17561384034, 515729.9638032857], [146491.45831610097, 515699.86106448754], [146439.87246236866, 515706.5214014795], [146417.29018624529, 515756.293953169], [146372.31777291826, 515782.18787440006], [146236.29370475083, 515771.7209013767], [146161.53792311458, 515798.6413992351], [146092.80055255353, 515767.3776203925], [146047.2693596783, 515769.9780759728], [146003.63695269963, 515853.9308637184], [145977.38868066942, 515793.00182013505], [146035.88441530115, 515686.48844687856], [146164.56745388103, 515655.2067299993], [146353.70256482245, 515671.87315791403], [146387.87127191407, 515647.4232680121], [146404.10305845144, 515559.1415326048], [146187.27404757112, 515373.18808677094], [146088.3813639952, 515353.3496131163], [146044.09708446194, 515297.28956867714], [145955.00229643157, 515267.7831367242], [145808.4862647705, 515271.2670632475], [145721.21442951928, 515346.5950052612], [145706.88505917735, 515401.4167664867], [145723.51820723727, 515463.8922268214], [145842.30618271243, 515617.40003248723], [145855.42562255455, 515676.83274827234], [145842.22567977002, 515720.522596237], [145769.18992612683, 515737.2297924638], [145663.2712379327, 515709.36773991364], [145565.07459414186, 515714.29349396983], [145472.962198595, 515763.1911893006], [145386.90024252902, 515765.5293534242], [145308.95815297, 515830.8822839545], [145292.74230266587, 515918.0391220328], [145356.01758600856, 516037.74913589115], [145466.91516299365, 516063.4351896285], [145477.95363616647, 516212.69835967117], [145678.05345585724, 516511.86022851], [145728.16789519976, 516715.72964423825], [145756.35894903998, 517023.9474866465], [145806.63297459172, 517193.6334930643], [145866.60319260773, 517248.73194612836], [145925.70406641613, 517246.90829139313], [145932.82815565472, 517222.7994454503], [145983.17393449918, 517218.98839070834], [146211.07850968337, 517379.83382738795], [146252.98616561812, 517348.31323865], [146288.3133314078, 517258.3284343975], [146332.01872619818, 517243.2338715128], [146362.09190896503, 517179.1195739394], [146366.48059838972, 517085.27547500737]]]}}, {"type": "Feature", "properties": {"rule": "mudflat_perimeter", "coast_clear_m": 30.0, "inset_ratio": 0.1, "site": "incheon", "lat": 37.4308576, "lon": 126.417128}, "geometry": {"type": "Polygon", "coordinates": [[[146450.52817806174, 555886.4728991013], [146510.21588065304, 555836.1532500709], [146675.88221344558, 555608.4450483603], [147320.3783834646, 555159.5505067093], [147412.70615050168, 555131.8099813679], [147392.62085796194, 555095.8863524497], [147333.5277803865, 555062.9045848596], [147266.9248018404, 555074.8975852967], [146608.05303435546, 555534.3686852343], [146385.26412911442, 555827.9692521857], [146381.99598911006, 555907.166491497], [146450.52817806174, 555886.4728991013]]]}}, {"type": "Feature", "properties": {"rule": "mudflat_perimeter", "coast_clear_m": 30.0, "inset_ratio": 0.1, "site": "incheon", "lat": 37.4308576, "lon": 126.417128}, "geometry": {"type": "Polygon", "coordinates": [[[148180.75260736488, 545004.0571261615], [148244.53324740918, 544977.4830496974], [148215.3249741484, 544956.6663545641], [148131.77564747195, 544931.0158015047], [147955.00613578255, 544831.1339428273], [147846.58435359405, 544719.3292803565], [147695.0055296399, 544692.108496645], [147145.8194101338, 544653.6889142626], [147094.55526751967, 544679.3497577407], [147092.60391343822, 544708.6832456803], [147174.6026463854, 544806.5510316995], [147167.87481316863, 544873.1582465449], [147088.60286528963, 544959.4740744327], [146929.15614304575, 544985.3643275019], [146953.34308925163, 544999.7644901555], [147559.37021362688, 544988.5393753431], [147821.72842342788, 545044.1676158241], [147941.76837802064, 545008.767451538], [148180.75260736488, 545004.0571261615]]]}}, {"type": "Feature", "properties": {"rule": "mudflat_perimeter", "coast_clear_m": 30.0, "inset_ratio": 0.1, "site": "incheon", "lat": 37.4308576, "lon": 126.417128}, "geometry": {"type": "Polygon", "coordinates": [[[148298.28264168563, 548738.2119775927], [148309.15186974092, 548701.7552854567], [148279.9265179559, 548592.5702777104], [148332.12623389333, 548572.1801495061], [148340.62460017722, 548528.1729303111], [148319.66050579943, 548505.1644101596], [148248.73551458336, 548492.9765300236], [148281.341954018, 548406.973742995], [148196.39757014072, 548067.0395689232], [148199.56442380787, 547918.10559641], [148224.41962454375, 547817.6332680199], [148198.37208154, 547736.0787106794], [148072.51882039, 547715.9026942215], [147951.18793116545, 547602.0721882316], [147793.4259718869, 547568.7803402448], [147587.29309986767, 547435.3344737348], [147480.42750620277, 547412.8124388591], [147385.5115741794, 547423.544483169], [147287.76875778608, 547387.9037718021], [147231.68758083592, 547352.0237951725], [147086.18619303225, 547187.429811844], [147036.19221775004, 547163.6169155767], [146978.55682336306, 547165.2041568297], [146931.1847412751, 547350.6350385668], [147051.66621376236, 547623.4474309357], [147173.75738434392, 547820.5439669418], [147198.7540339243, 547914.3103131087], [147247.36533456773, 547960.550967358], [147258.98450490605, 547923.1656854524], [147244.2056259504, 547859.8658756914], [147351.8949556602, 547847.4677136494], [147376.21914775195, 547819.0199507651], [147329.30880387523, 547758.5384389564], [147247.29319526884, 547750.3493505046], [147232.9694103795, 547729.3887599651], [147091.61997490143, 547479.3314821061], [147039.54784879027, 547336.1337259647], [147054.96209802217, 547299.948637426], [147208.05262278512, 547460.7699382687], [147364.64508406783, 547521.7926113976], [147473.33335704124, 547513.1238462637], [147559.7700592215, 547532.7231633129], [147656.62040838267, 547606.4809714911], [147691.02618441742, 547583.8452422563], [147715.57557486318, 547614.4754197615], [147835.53400190925, 547644.0070045433], [147902.92760350832, 547698.390572313], [147897.57340814892, 547649.1579434702], [147922.362581749, 547689.7980415409], [147979.92217212688, 547692.3388043103], [148006.97152161217, 547713.3691792863], [147989.58108964475, 547750.3285789959], [147965.65233066352, 547751.4700047366], [148012.1131876123, 547796.1477229692], [148114.46203508147, 547823.3700896384], [148096.2562430554, 548074.7738898105], [148179.77441485497, 548402.4848009377], [148149.8074693647, 548510.335878491], [148182.04457082023, 548570.1564028172], [148180.04979686067, 548633.3791166988], [148204.20526170806, 548643.1144327357], [148258.40586313262, 548573.5457289406], [148215.86510371362, 548642.6346539073], [148242.81457826894, 548660.1147465055], [148263.13366310322, 548713.9346250412], [148242.49397163844, 548704.6043927363], [148222.91388619627, 548727.0409791135], [148264.91148207107, 548746.0259196719], [148298.28264168563, 548738.2119775927]]]}}, {"type": "Feature", "properties": {"rule": "mudflat_perimeter", "coast_clear_m": 30.0, "inset_ratio": 0.1, "site": "incheon", "lat": 37.4308576, "lon": 126.417128}, "geometry": {"type": "Polygon", "coordinates": [[[147353.890953453, 532517.9265091605], [147325.78608877235, 532466.1014707901], [147333.3836300495, 532412.1742929392], [147465.51951167866, 532339.688554292], [147446.96875978453, 532232.6256594075], [147524.69911187785, 532138.9857149968], [147547.97117103374, 532026.4825729764], [147557.2222827756, 531922.6378292672], [147505.4399634857, 531804.3357502891], [147498.5337648656, 531704.7968509892], [147519.6368775246, 531644.919120794], [147584.316232056, 531577.0285548862], [147592.9246772144, 531513.5834429503], [147561.79356913012, 531415.4575923592], [147509.1067865431, 531454.943403371], [147490.32984189494, 531534.550682356], [147435.7969337699, 531589.6111743378], [147403.07606369318, 531659.2323780681], [147401.63326387267, 531803.0661639067], [147457.75100310918, 531942.7411483995], [147432.61280925508, 532094.2155439348], [147360.47843735135, 532175.7808950515], [147349.12474533467, 532283.87939019], [147267.05018593927, 532333.9631643132], [147231.74800868265, 532404.6141558087], [147261.38628121692, 532494.5501397518], [147303.83740147544, 532518.6392198881], [147353.890953453, 532517.9265091605]]]}}, {"type": "Feature", "properties": {"rule": "mudflat_perimeter", "coast_clear_m": 30.0, "inset_ratio": 0.1, "site": "incheon", "lat": 37.4308576, "lon": 126.417128}, "geometry": {"type": "Polygon", "coordinates": [[[149718.12155517057, 549991.1126144158], [149899.07424869871, 550062.525349241], [149972.4736581319, 550054.0865033283], [150186.73830718044, 550081.3945850809], [150294.8270359683, 550008.7237060571], [150394.00154218456, 550006.1146635466], [150477.5282091182, 549968.2029465246], [150644.1118245349, 550002.6220831606], [150743.40390346025, 549965.1083166513], [150868.80450217234, 550005.5266025322], [150948.34601254895, 550006.5935019531], [151022.20758447796, 549977.9139800059], [151128.43175203353, 549851.4206712912], [151213.8977376078, 549870.739009714], [151346.82521403782, 549854.8160255083], [151697.07309085975, 549884.6805926267], [151761.74079154927, 549849.3286994431], [151902.00836059134, 549814.8737687019], [152152.0975983367, 549812.4430708434], [152252.7615641394, 549829.8346818225], [152441.94689784327, 549795.6545157126], [152505.07381061072, 549721.4482441826], [152680.29650383463, 549677.4237746762], [152957.74745527416, 549693.3255251165], [153279.7654384622, 549753.1763521964], [153476.82163271803, 549868.3711914443], [153527.56608855486, 549856.9501229847], [153556.2117827461, 549579.8006138171], [153578.22706726906, 549553.767921651], [153625.67321109457, 549578.7779730002], [153674.6139750002, 549564.0058585294], [153713.2928898349, 549436.6367272381], [153656.32837155575, 549384.9236052477], [153620.048385178, 549308.3995306022], [153537.813141852, 549256.1488909498], [153613.34144832258, 549038.1271762013], [153551.4129097319, 548914.2396869756], [153543.94959015626, 548731.0126942939], [153574.0812459727, 548620.5248465857], [153575.9038311872, 548505.0599233558], [153621.7403830546, 548487.096568433], [153658.88513095537, 548432.9471184934], [153591.56855492175, 548213.3212125092], [153600.06948238704, 548080.2789136511], [153527.15845273313, 547842.9242957586], [153577.75154336946, 547764.8568786661], [153577.8184519022, 547731.9509599371], [153516.80048278102, 547650.2995454246], [153521.45857847063, 547531.2463804779], [153489.7672272838, 547418.1940778075], [153330.5214031775, 547128.1747817677], [153327.60727336394, 547027.1098045803], [153365.1665792974, 546924.4050407944], [153338.90039549145, 546853.0945704886], [153329.59900418864, 546577.6383840912], [153274.96107243534, 546414.9721863576], [153169.36624005757, 546273.7235321972], [153168.21527714268, 546179.0085980766], [153220.1852757852, 546081.6103815973], [153187.7101161618, 545945.8536047924], [153165.05851220537, 545941.258059363], [153126.44932639354, 545973.9182231937], [153176.17553782114, 545976.7350966405], [153172.8241526418, 546074.3942088528], [153075.99196519118, 546138.3685801084], [153064.7057222247, 546256.1711808232], [153092.32700667085, 546346.3043682176], [153188.78818318038, 546467.5547493215], [153230.23093849205, 546595.184366141], [153224.3028093833, 546709.0770508731], [153259.65483542718, 546930.9967266871], [153227.90415644698, 547014.9692285213], [153231.6442570672, 547145.8217386465], [153272.0683441833, 547251.886871083], [153399.92147535138, 547463.9485344226], [153422.08589066818, 547548.7343722774], [153418.01801143584, 547669.922559307], [153465.7461817958, 547744.2918956866], [153436.21193078643, 547792.0585517642], [153536.2345898869, 547757.5857580104], [153447.5746236693, 547799.7639710122], [153461.21408272572, 547833.343960753], [153443.14388609643, 547924.8756066309], [153501.96542517436, 548104.498924652], [153492.69138527013, 548230.9680374837], [153551.51247404964, 548406.4010484277], [153506.86095655328, 548432.113459615], [153480.02567771918, 548475.1352713518], [153473.80708535385, 548611.6819171306], [153447.3137553083, 548693.6851623188], [153448.65998677086, 548825.4049641665], [153473.33804603107, 548838.5156340618], [153452.09945149103, 548843.5967743524], [153452.53563670546, 548931.8859327196], [153502.8960074825, 549047.9726996075], [153437.63703638987, 549263.4188981329], [153459.41057371415, 549319.90913065], [153549.27105154283, 549383.3219314844], [153583.09430902186, 549453.5222917813], [153514.40765672983, 549473.590336693], [153471.23685155, 549524.4536614495], [153447.4329650494, 549732.7806304074], [153370.58017860432, 549681.2850142407], [153278.30687064407, 549651.1716920048], [153207.38239874825, 549648.0678999509], [153206.98666289396, 549695.8842596927], [153190.52469548525, 549641.0662790169], [153153.12208279312, 549624.2099388478], [152942.05065843847, 549590.5180371933], [152647.21612365864, 549579.2456905798], [152462.48175611038, 549630.4865929034], [152380.1880794094, 549707.1781747666], [152236.0164839722, 549726.5601994654], [151894.2521285052, 549714.7341363188], [151683.82499220612, 549779.4739761368], [151346.83591438594, 549754.376466591], [151223.85118741478, 549770.4728904055], [151111.66376559512, 549752.3906771439], [151046.364719535, 549786.6296566927], [150934.66556464348, 549906.913425417], [150755.4195703316, 549865.3900692759], [150626.30560419115, 549899.62044302], [150473.0463939614, 549867.8634306652], [150396.2626445216, 549891.3178368625], [150374.266961201, 549922.037768576], [150336.5830094592, 549906.3572344534], [150263.23593216317, 549913.3816520076], [150172.3062553287, 549979.7581732717], [149974.60221017926, 549953.6695009025], [149910.3076301493, 549962.1529492813], [149772.38209044895, 549896.1515777182], [149658.71627463453, 549895.7855663978], [149566.59386221835, 549934.5633299247], [149491.99719433943, 550011.5661733163], [149408.65009200352, 550010.0687872855], [149362.83326818777, 550053.8106696549], [149280.61430685138, 550030.2494943709], [149099.7495177112, 549836.2359147279], [149020.9842442588, 549827.7284945508], [148912.95882883892, 549867.8358543423], [148723.834903315, 549802.257455614], [148649.16143668463, 549753.5811981835], [148621.02793402466, 549703.4064656929], [148620.26148959374, 549632.0574112653], [148590.8241429212, 549551.2217133744], [148626.33255852244, 549414.0541916296], [148717.12332468427, 549362.7467067149], [148752.5395187136, 549268.9372017584], [148726.8858377853, 549187.8404400018], [148635.26128286036, 549135.7664354466], [148625.97288603694, 549008.4793320666], [148597.73298754808, 548934.6338386872], [148601.92245736354, 548778.0169427932], [148544.871908737, 548677.5993673081], [148586.60903403955, 548588.9273477816], [148570.89942875048, 548485.7466979522], [148608.454935131, 548392.0382027483], [148617.62148488688, 548303.2482652017], [148606.78245773175, 548008.0162832183], [148546.30009803796, 547834.5404543786], [148563.8229936849, 547685.84395787], [148492.6160846974, 547516.8833953366], [148405.5874859727, 547437.5392612221], [148395.7701505041, 547353.4197256875], [148355.51607639628, 547286.60921553], [148298.23913395996, 547249.0254450864], [148101.23521410907, 547186.023183399], [148022.503269159, 547065.9462980306], [147844.5008639599, 546984.4935187756], [147808.22977604254, 546946.5897090312], [147759.2497601187, 546787.6067297584], [147758.89409392467, 546680.2950318131], [147731.30549775116, 546618.6275373094], [147838.9064875657, 546632.9105493453], [147920.31046880354, 546601.4481221694], [148108.80287684736, 546624.0175645452], [148181.577272271, 546587.702331911], [148243.3646054915, 546486.7361552287], [148269.69506644577, 546485.3867549279], [148441.23292251994, 546630.384955506], [148707.699314815, 546682.3585206397], [148759.85456161344, 546665.3758023742], [148858.06345850864, 546579.0486191445], [148908.67499868415, 546561.9740185619], [148796.19810179333, 546744.1879102516], [148790.2516130923, 546789.4529364196], [148823.43241019786, 546877.098349428], [148985.26081492804, 546993.0893992005], [149102.0747109177, 547015.7314571772], [149172.15329980402, 546975.853649283], [149212.82401225696, 547043.7586389328], [149343.8034551885, 547129.8221939186], [149466.089145949, 547156.4359040903], [149536.35713037022, 547128.2433921105], [149582.11036363518, 547075.9287870306], [149602.14399619107, 546998.2297718187], [149585.279684761, 546917.4078956534], [149463.51555993996, 546773.469439343], [149387.8140973505, 546721.8025369], [149290.69409680707, 546697.4559062907], [149228.15686227952, 546720.6866110049], [149202.66722874064, 546710.4863520768], [149152.34239347838, 546613.207240358], [149085.0704151855, 546538.9737349577], [149136.13827754627, 546518.5039430974], [149175.72443464657, 546455.9166728404], [149212.88585540518, 546432.3772063033], [149395.11417335435, 546507.4287372493], [149545.7497178937, 546499.5655766196], [149540.26822569763, 546469.2336912109], [149571.31856621552, 546430.3445384706], [149724.878354004, 546363.2675612839], [150009.726778593, 546309.712464082], [150269.48439319414, 546324.5464967191], [150310.02430863449, 546305.557114214], [150318.85489978574, 546271.7875860356], [150409.05432416283, 546255.9190976581], [150450.07536363954, 546169.1805913383], [150437.1513866082, 546301.6902512081], [150449.26361419217, 546292.007428083], [150527.05896828478, 546347.4964530651], [150602.00592118627, 546353.8872447293], [150736.86996215142, 546287.7073839251], [150925.32726940134, 546278.5765296883], [151056.03536645908, 546247.1883517033], [151220.02355001887, 546108.9351734107], [151516.87926016434, 546072.2722219101], [151590.8958897343, 546034.4108129813], [151689.16959161678, 545949.128660577], [151866.62986447447, 545950.1858404495], [152000.38169720414, 545904.0650911639], [152202.6614223306, 545799.776423819], [152275.77973081678, 545877.5300365903], [152348.19335995996, 545916.6417964416], [152441.8813358753, 545921.4063805179], [152542.17402498925, 545874.0898666993], [152580.6456258434, 545918.2829623303], [152725.7695573801, 545968.8581098819], [152845.36894639832, 545938.6701912001], [152886.26762971154, 545995.6378986408], [152991.89048584463, 546034.7668355295], [153079.9485642609, 545999.8563338623], [153103.12361267026, 545945.5527701614], [153009.82905836156, 545937.0729877129], [152839.6503231351, 545864.0166207366], [152697.87820496815, 545879.941522026], [152569.34946113543, 545751.9135552313], [152394.71455164836, 545825.4970856688], [152338.46262394654, 545799.0509946818], [152274.78409069512, 545704.445105432], [152191.5654610629, 545699.9264771449], [151837.2166187039, 545854.1495656194], [151650.28872128765, 545856.4269434327], [151489.91039593203, 545975.5210696068], [151184.7620424542, 546014.5365134906], [151004.94451122207, 546157.2177131032], [150706.218041235, 546191.1191730204], [150569.11664460937, 546254.5812834944], [150532.28094861453, 546235.4230280343], [150502.1742503909, 546166.5320053545], [150463.51839490858, 546142.9598004068], [150406.24723689933, 546164.4930543465], [150381.10879069832, 546218.3972083784], [150277.02816495267, 546250.6855637289], [150170.89455146305, 546216.1790705991], [149983.0757386274, 546260.4378223387], [149755.10355427233, 546261.9048594063], [149624.7172768294, 546306.6340900852], [149527.39763557859, 546400.8168744271], [149476.67070208277, 546409.988819016], [149407.29023352714, 546407.2639640699], [149278.6020914866, 546342.5279213719], [149203.0976708748, 546330.9227605395], [149100.87862295622, 546386.7508291652], [149074.51366524445, 546439.1911933742], [148978.64880902506, 546463.6537110701], [148855.49430257909, 546464.9734822155], [148703.21567050405, 546582.0190864989], [148644.6012321455, 546555.3979395574], [148480.19226017088, 546537.809175089], [148309.2281906402, 546382.0488604455], [148189.05711631678, 546392.6195790259], [148113.8616216198, 546513.5221744098], [148067.92971348498, 546529.045994456], [147905.17148656308, 546500.3361075282], [147799.70992632947, 546530.8446086065], [147721.8936830328, 546508.9404334918], [147665.75596749576, 546446.309282595], [147539.01919831385, 546438.3028115883], [147475.5771967163, 546453.2043794567], [147420.95998730345, 546527.7937030391], [147542.15118475235, 546587.9326790933], [147650.71905011317, 546678.3971969717], [147660.0241837617, 546805.6271251169], [147728.94934472916, 547009.0934759722], [147788.2835970278, 547068.3552298937], [147960.89967816815, 547145.2753764761], [148033.96446369766, 547273.0795831581], [148286.86622204955, 547359.9256707646], [148314.84878658096, 547483.6779961932], [148407.1092723106, 547569.5777038096], [148467.19397976453, 547713.2472200622], [148445.98137215228, 547850.0943869906], [148507.9052080912, 548025.6626599999], [148516.72641850493, 548323.603183516], [148470.58771052744, 548474.123615825], [148480.45317240452, 548603.8971079765], [148459.12255860958, 548627.2406173346], [148401.07320518512, 548640.6469175209], [148392.86112838468, 548684.5977417043], [148405.8615383777, 548716.2261128189], [148473.2300457279, 548735.6198133645], [148501.73432165128, 548790.5390863701], [148495.95854564809, 548943.1052513748], [148527.04325493952, 549025.8296404479], [148539.72973932585, 549231.2265133585], [148625.47498564882, 549236.2689568903], [148651.5503732202, 549260.3316278742], [148634.7977385323, 549303.3742495711], [148537.69169685664, 549356.8095392492], [148489.50710680956, 549543.9740907484], [148521.34186776393, 549649.4646950007], [148524.54983482047, 549736.6587848967], [148578.07593768643, 549832.4233847511], [148825.5252533701, 549953.9381329529], [148945.184051499, 549967.108590083], [149063.4149064277, 549929.8729860879], [149200.6735316893, 550007.4186814628], [149269.3038964739, 550076.2543625666], [149423.15554588314, 550115.6526453155], [149540.75491122116, 550106.6539480917], [149624.7689759475, 550016.4398299268], [149718.12155517057, 549991.1126144158]]]}}, {"type": "Feature", "properties": {"rule": "mudflat_perimeter", "coast_clear_m": 30.0, "inset_ratio": 0.1, "site": "incheon", "lat": 37.4308576, "lon": 126.417128}, "geometry": {"type": "Polygon", "coordinates": [[[148046.37534796167, 555083.5604493622], [148088.4907661401, 555161.9277762624], [148292.57345382418, 555092.3122346641], [148429.5475378582, 555093.0395637027], [148438.26814562464, 555219.7580221796], [148467.5951386152, 555233.0413667937], [149503.2949915965, 555173.9425240856], [149512.54251724563, 555081.4680410579], [149651.45670934624, 555070.3264117059], [149669.21470012265, 555024.159545736], [150200.2734844031, 554991.0785955422], [150221.25959910775, 554926.1740853887], [150282.97143668102, 554915.4989712267], [150204.94806441752, 554877.8706928487], [149654.08306910782, 554924.8663493284], [149581.26611717013, 554972.9582726256], [149461.92491561727, 554994.1419742481], [149409.97092759504, 555076.827044199], [148534.79603645243, 555128.8422752426], [148525.9480948474, 555062.4715492841], [148488.99679928907, 555012.0834618615], [148438.63395229625, 554992.0618874463], [148346.6907662186, 554990.9111877386], [148199.4524315815, 555013.0349525816], [148046.37534796167, 555083.5604493622]]]}}, {"type": "Feature", "properties": {"rule": "mudflat_perimeter", "coast_clear_m": 30.0, "inset_ratio": 0.1, "site": "incheon", "lat": 37.4308576, "lon": 126.417128}, "geometry": {"type": "Polygon", "coordinates": [[[155708.0359886562, 517645.09977636975], [155712.60586896, 517715.7332268261], [155776.18834616157, 517714.5652675667], [155794.07256176881, 517761.09922108287], [155746.47253280442, 517778.53124935186], [155726.36152884143, 517729.63643006596], [155705.0743485083, 517742.58041298983], [155723.26351579564, 517764.06196203345], [155749.4202118409, 517780.7660562731], [155768.32660474832, 517871.01037114015], [155795.18593986612, 517859.2054026058], [155805.76351462118, 517820.9889241104], [155804.71873580458, 517864.53647633316], [155772.83377151188, 517878.12044256844], [155911.08557848277, 517997.21900731407], [155912.25515447874, 518160.2345396289], [155953.97827760765, 518295.40769983083], [156031.95756083043, 518360.47166835255], [156094.92965933622, 518486.5463430658], [156183.54894068433, 518545.98027783737], [156201.8128848484, 518628.13077986566], [156285.35564954707, 518708.90085397015], [156368.4934784525, 518907.95038049546], [156463.4627617779, 518969.7999554906], [156445.03812219956, 519031.9577339074], [156453.62728030357, 519096.2526433424], [156568.87980736888, 519286.02794312785], [156621.65018978933, 519333.4479101938], [156600.31415159476, 519411.64942677127], [156513.22682968603, 519411.8717187018], [156439.95736047375, 519453.90934527037], [156393.74193344984, 519532.4862359283], [156369.24947085476, 519659.62624715996], [156427.8495231909, 519904.974706534], [156408.0198468535, 520059.0547237777], [156450.07054014984, 520130.2336807112], [156513.62152480741, 520167.84299336927], [156529.01792475578, 520595.4913346824], [156569.61032792993, 520736.9589554101], [156526.56840864645, 520770.3026980673], [156212.1922678039, 520751.0893389999], [156156.88701069364, 520792.5588905505], [156122.29749161104, 520882.6297219769], [156040.55356495187, 520849.09059720655], [155942.8801893458, 520859.71868649154], [155868.57482103992, 520722.4087151436], [155801.80294324335, 520680.30937857577], [155734.1043726659, 520679.7818585618], [155679.73312504755, 520711.398242147], [155595.59037848952, 520685.5989665264], [155524.1173351044, 520703.33033254155], [155344.0108648447, 520589.10946512275], [155045.10195567535, 520542.9519010302], [154928.7419522122, 520563.57791018055], [154699.00702282335, 520683.3928220542], [154504.4001115784, 520695.7337550964], [154310.02276038736, 520780.8137053578], [154060.76628379527, 520771.7035268449], [153810.6981404065, 520904.1670719507], [153635.96164158857, 520957.9414865879], [153510.98564315063, 520964.69700302597], [153398.8867930551, 521044.31818317994], [153331.12946718888, 521209.5070421577], [153166.38770003262, 521245.76875727955], [152938.91996857253, 521096.9786686008], [152845.2535851258, 521116.6877392934], [152732.56675157577, 521102.1770309961], [152562.50002000807, 521140.9979656998], [152461.89279467953, 521128.92512860714], [152392.36120214718, 521147.90051979356], [152250.46775930384, 521117.07222446834], [152169.12833459344, 521136.0289847431], [152111.794644624, 521177.279376256], [152086.49082089023, 521217.00518250716], [152118.65134619072, 521273.70359586686], [152102.24108278146, 521294.78316729434], [152041.29229287265, 521250.27257715823], [152017.84404473106, 521151.9030417823], [152071.79812119342, 521196.1268004257], [151988.53797095295, 521089.00430270034], [151918.77719363623, 521064.2454393369], [151798.36280514233, 521080.0901356678], [151741.50853429202, 521061.92962287343], [151722.53461761592, 521050.71397939004], [151729.96429164908, 520976.053255057], [151710.01316198602, 520924.9251674792], [151608.9726717569, 520869.57377182797], [151546.11164651666, 520876.7701270182], [151417.97232926643, 520937.496201308], [151277.75566720805, 521060.42903046525], [151237.074345142, 520976.1800040545], [151255.95479618557, 520898.9462843626], [151229.6489945034, 520833.8643373837], [151156.5078009559, 520789.12842129206], [151016.22615716347, 520763.6099214376], [150962.5749678849, 520646.24885015545], [150799.12541808668, 520489.84047475364], [150747.8338029527, 520366.4861969353], [150633.40450588425, 520283.0771259466], [150570.4077008124, 520155.75123027543], [150477.06997129833, 520086.55662964605], [150390.34109270843, 519964.8954409647], [150317.0413057725, 519928.33333338914], [150228.78679826073, 519912.3988146676], [150178.2129582163, 519851.93397656025], [150097.9557274265, 519800.7568420662], [149914.2716493912, 519794.7361445555], [149821.69225995362, 519598.5579563935], [149800.64258376174, 519591.4058569855], [149829.97547486675, 519457.61830022646], [149822.6944471466, 519353.3549190942], [149799.58974155659, 519275.01884576795], [149702.35704530738, 519133.44235596154], [149685.1611439534, 518972.0332349456], [149623.4258630305, 518893.36946720653], [149612.64651103673, 518716.5461206108], [149567.176964637, 518649.0936998498], [149453.69331886378, 518550.7469972108], [149484.75323702127, 518474.2787198922], [149484.90688922346, 518421.5461256475], [149400.38518983236, 518422.74512122455], [149350.54295052247, 518564.27084596537], [149375.6595212261, 518625.3021502549], [149519.3373696772, 518753.714780107], [149523.66374071143, 518930.9483474201], [149589.278994922, 519001.94508221594], [149603.01999346225, 519162.42440044356], [149711.71445499442, 519323.66079393635], [149730.76490362288, 519421.8144226879], [149723.8734076186, 519622.17060294957], [149812.50022561094, 519798.0457332941], [149824.34020867152, 519861.7966556485], [149885.65824639617, 519893.3432546008], [150067.60893533533, 519896.5022196036], [150172.07780334502, 520008.89937319414], [150283.87185896636, 520023.1378317454], [150345.09209474706, 520060.0575430792], [150399.08719736175, 520157.5127941853], [150492.11583645, 520218.66775500984], [150559.12983769167, 520354.77371358115], [150669.65977554524, 520429.54907467565], [150709.54343438213, 520540.018874391], [150797.02069386258, 520644.61975533114], [150893.0083140634, 520720.65043198003], [150928.94879102687, 520829.5368979388], [151024.86563908434, 520877.87811833376], [151154.32315967343, 520900.30320941785], [151124.60334209749, 520995.6608062356], [151173.49899936817, 521053.8361249115], [151171.3801200918, 521154.0429432201], [151197.18896520042, 521180.839180543], [151291.68404033722, 521172.274480893], [151411.5522097045, 521085.87018398324], [151453.56375091785, 521033.25762520754], [151529.1208493002, 521015.1049783079], [151596.61215967225, 520969.2498614935], [151631.05536313826, 520996.8537157222], [151585.01136660483, 521057.71325094666], [151597.44901546487, 521089.0510515295], [151696.3720823675, 521151.89381144283], [151785.59880537598, 521181.8904572111], [151925.55184044008, 521167.2401798477], [151994.3992522565, 521279.44804975635], [152112.53776486212, 521369.07296872686], [152148.14633728153, 521365.77118122287], [152179.59071146022, 521255.0511183464], [152239.7007450154, 521218.13388741144], [152396.03194950274, 521248.44016655907], [152470.31945058174, 521229.0105750032], [152570.27365630993, 521241.62438092334], [152759.76971557623, 521200.6303645452], [152859.4860682565, 521225.2393719051], [152922.42113242752, 521196.05385982373], [153044.02312632638, 521293.8931451497], [153177.42252137588, 521346.8402134949], [153394.85663613954, 521293.3115195043], [153421.97574208415, 521259.6341535939], [153464.36442928668, 521126.0270229888], [153543.58146815156, 521059.700251931], [153650.4490450091, 521058.70987948787], [153845.59656592278, 520998.77191514464], [154081.1138347929, 520870.0604395577], [154322.91591206565, 520880.86073676107], [154531.887641451, 520792.3388316271], [154725.93417661387, 520784.5038647915], [154843.5930558289, 520709.1765815093], [154967.37131538737, 520656.2918649591], [155053.40412123213, 520643.04775087954], [155305.47719390702, 520681.863232238], [155502.54467473977, 520814.7682202398], [155603.29386279805, 520786.89740095905], [155687.03631527536, 520861.0144095572], [155720.5890948852, 520848.5983095161], [155750.58701585178, 520782.53289984004], [155773.00528776908, 520776.5320378052], [155906.02268345765, 520990.4303513879], [156025.3559517074, 520948.373715921], [156084.82332127687, 520995.9296859646], [156149.26358332578, 521016.8866521345], [156187.6207152534, 520995.3531270255], [156240.8221034439, 520847.7223323848], [156550.04817817718, 520868.6360630275], [156612.47544709858, 520846.33017682494], [156661.34127877164, 520778.860643632], [156668.14785118442, 520705.2516088344], [156629.27317976326, 520589.40948024613], [156638.0183009862, 520510.2942065182], [156616.05152798397, 520427.3890243642], [156618.14434596238, 520109.9833003138], [156600.99217739032, 520080.55698345933], [156522.98528944718, 520061.1573139501], [156503.28738434942, 520027.2396108678], [156534.91738042765, 519901.4031822119], [156470.27860781536, 519656.15237417625], [156516.66120181, 519518.7524315191], [156560.3947810899, 519506.6763815376], [156634.50045201977, 519523.9933775491], [156671.07418154788, 519507.6408297464], [156696.6943674605, 519480.556227898], [156713.42365973507, 519374.7493838812], [156774.50262749603, 519341.4687086292], [156784.5945055178, 519312.4698967506], [156768.96083934017, 519288.07593705965], [156648.7249277941, 519225.0946857532], [156545.71150173768, 519056.1452715403], [156592.19514204518, 518944.99831046077], [156449.1154743374, 518848.04880380887], [156371.55967084106, 518652.7772567224], [156291.32907780795, 518582.5790915542], [156264.5561052328, 518477.8844475185], [156165.71896076878, 518415.29341391416], [156118.29631443095, 518290.2866621438], [156040.19584178802, 518243.88453283964], [156010.73855679893, 518140.508298795], [155999.27327065222, 517934.75852969266], [155866.92352884513, 517837.20851508743], [155832.74873238173, 517708.6068817695], [155776.56750377308, 517685.66900359106], [155729.88268121018, 517608.4405526753], [155708.0359886562, 517645.09977636975]]]}}, {"type": "Feature", "properties": {"rule": "mudflat_perimeter", "coast_clear_m": 30.0, "inset_ratio": 0.1, "site": "incheon", "lat": 37.4308576, "lon": 126.417128}, "geometry": {"type": "Polygon", "coordinates": [[[149511.59413979138, 518154.88619095023], [149663.50417085126, 518123.6483014612], [149726.5808241017, 518045.07999539067], [149722.0707404234, 517993.8103037823], [149752.21244262424, 517929.61342503957], [149743.75575743883, 517849.2978592909], [149781.40418584057, 517800.35583491577], [149766.0284092782, 517725.2962810998], [149697.52877451293, 517679.915667262], [149688.07094586687, 517611.2600247611], [149768.2415518393, 517586.8634112935], [149951.94999214364, 517403.1007671512], [149951.73073036387, 517295.19675208535], [149922.13843748454, 517190.5070812415], [149872.52511135396, 517181.7793255975], [149867.90593009588, 517127.1037137554], [149905.85898705202, 517106.93060091074], [149904.6496668667, 517064.3308418868], [149820.52644001806, 516924.29765611084], [149894.53387159423, 516736.6013228867], [149952.94933670774, 516670.8378784871], [150045.24783927214, 516659.31123537704], [150102.11991757283, 516618.00852490065], [150076.22077938844, 516580.71445411746], [150099.37275602663, 516572.24687676784], [150094.6423955129, 516469.7187265933], [150011.47984091018, 516353.64927206235], [150021.02230468433, 516317.0496956209], [149586.2591231875, 516318.6172402948], [149544.48743455036, 516401.73497641773], [149595.2074489519, 516422.7377714665], [149936.32256142286, 516423.2239758072], [150000.73610012798, 516508.91195683344], [149978.49906716705, 516558.02403791994], [149900.35847475007, 516584.16704985505], [149815.2151766549, 516674.3877835103], [149728.57991679088, 516864.8576475233], [149723.4308410247, 516951.52012382756], [149788.09490646634, 517064.18591708277], [149767.60846133783, 517120.3679416546], [149774.56735520557, 517203.96903312986], [149802.07169180913, 517255.01449621253], [149844.25907170217, 517280.9916837565], [149850.8018781441, 517371.0783378012], [149717.33712241173, 517495.1122283209], [149627.0725606475, 517530.6336850829], [149590.72614027932, 517586.51949252916], [149603.35946690806, 517714.8476957633], [149671.45445683924, 517779.2730198547], [149644.08296182976, 517836.9108126102], [149652.15986025747, 517919.1991156076], [149626.80337901728, 517961.994663592], [149623.56042621954, 518016.97756964504], [149532.89522560488, 518081.02321715443], [149511.59413979138, 518154.88619095023]]]}}, {"type": "Feature", "properties": {"rule": "mudflat_perimeter", "coast_clear_m": 30.0, "inset_ratio": 0.1, "site": "incheon", "lat": 37.4308576, "lon": 126.417128}, "geometry": {"type": "Polygon", "coordinates": [[[168572.0356307818, 510290.0870099438], [168705.40326002482, 510380.1435545665], [168931.00503914303, 510316.29130650917], [169006.28222871767, 510235.45580764057], [169115.31621618418, 510201.52615953836], [169159.25860400446, 510156.1421319286], [169176.22333961303, 510059.9290210444], [169133.66230374537, 509950.6750949361], [169222.43157644506, 510029.86879470147], [169315.37967876988, 510013.962165524], [169173.34998253104, 509830.8540463792], [169140.17895293448, 509850.56204616325], [169107.43995603846, 509809.09605184966], [169066.55902952218, 509822.8599806581], [169098.2989529631, 509796.6081063663], [169058.85697366443, 509745.26095483184], [169089.1699946607, 509720.8661149067], [169013.78997095948, 509623.1980880315], [168971.73899987445, 509625.49497490283], [168956.2330571832, 509582.1840073513], [168976.97499156045, 509556.79804567224], [168887.29299711355, 509454.4789801321], [168895.83595103526, 509415.2739815308], [168944.10501515862, 509361.7720576121], [169120.18196804347, 509362.8520261958], [169164.6269918413, 509332.20195768995], [169165.16602313973, 509391.52001340245], [169234.39468331714, 509437.6754684093], [169268.06352651728, 509350.56693420693], [169252.62249862507, 509279.5625366023], [169493.2972131702, 509196.71035452496], [169616.79642670767, 509097.1805084745], [169640.11888514322, 509022.2180095801], [169620.66553906308, 508952.4709162507], [169699.24337990335, 508889.41363772505], [169695.6950388021, 508793.7398950815], [169773.3000109874, 508780.939873146], [169872.85322500623, 508954.97356480046], [169855.73639060213, 509007.408829991], [169874.82356351038, 509072.10108301], [169947.0501745518, 509127.8333328039], [169978.83504809006, 509194.8819660473], [170064.29440526976, 509279.6044951366], [170152.9581892497, 509328.4277064789], [170244.75525016533, 509699.9850160057], [170198.86611919597, 509765.34770667844], [170191.6036732819, 509823.2058211481], [170240.90695300204, 509893.53180898615], [170280.68155969458, 509906.10145667894], [170255.78908444374, 509838.4849889944], [170338.02303863032, 509786.2419546926], [170355.18702379894, 509688.7350272721], [170306.69208572508, 509568.4050354507], [170257.41698079696, 509284.20401920774], [170129.22299471026, 509202.9730173793], [170058.78097486985, 509134.08102936606], [170006.06301279046, 509041.3220808933], [169957.37103609755, 509014.88203129236], [169981.66497724628, 508943.1710257413], [169808.5039643276, 508640.2180544288], [169725.0739887096, 508692.9370243255], [169680.035957475, 508688.79701408924], [169538.39802407502, 508616.99103158835], [169490.2000148099, 508559.33199920895], [169380.20801524015, 508496.6420242498], [169377.61603539434, 508461.73002604797], [169411.72102775844, 508445.80604241736], [169415.06296950617, 508391.5240246582], [169465.799961398, 508342.1229874041], [169532.34207235562, 508169.7390385798], [169578.2180299929, 507982.45502167917], [169606.19510626764, 507944.5109680828], [169588.97100934203, 507878.234959614], [169624.40699575236, 507664.29308936675], [169670.87196216232, 507598.91198803653], [169662.3921309939, 507550.77903643006], [169723.79905134047, 507404.1089977815], [169830.16597038013, 507315.2750183701], [169834.00413624826, 507275.3540095111], [169720.46209038649, 507265.27101269166], [169721.45108925115, 507203.95606536034], [169836.71800932646, 507209.4741170346], [169837.99004044526, 507248.3189746343], [169880.96210412896, 507261.574977796], [169908.58096008073, 507173.32405659504], [169892.0870392163, 507076.2750130349], [169834.27408987228, 506995.76902215404], [169820.76207361938, 506946.05298407056], [169642.2940240243, 506749.486005016], [169576.75908450456, 506698.03801949916], [169507.05403142463, 506703.7720386779], [169439.60396551696, 506655.3890636724], [169310.19804539197, 506553.6610201384], [169279.46104386973, 506483.8360914844], [169229.29695097214, 506433.98911029065], [168950.39202990936, 506437.38295473834], [168968.30295934042, 506374.4610548284], [168927.28699555513, 506316.7450020546], [168922.09702447877, 506262.9850362329], [168902.13100738914, 506259.74297802325], [168901.3450416647, 506206.73408653453], [168943.69402493123, 506207.3370444476], [168977.02004078688, 506169.5580070844], [169026.87396530827, 506158.6850252555], [169065.55300571118, 506178.78708103544], [169066.43195607018, 506188.45895340934], [169080.0879542765, 506194.9800288923], [169095.48697712293, 506230.6889742771], [169134.98002134668, 506235.6060200392], [169241.45996183064, 506173.14004633785], [169266.25406770062, 506116.22702834406], [169292.69598494435, 506131.6560453762], [169303.4090085354, 506110.51196490973], [169425.09308665912, 506184.42504974076], [169491.58604025812, 506187.10706488515], [169506.18404613508, 506204.71805777616], [169589.29900727232, 506170.43408541114], [169616.87198192268, 506197.62105936784], [169616.456005021, 506250.6519668827], [169643.8510482802, 506277.41505544743], [169730.577983029, 506281.14997054875], [169815.72907159003, 506253.07603963633], [170030.56396135734, 506454.2120191666], [170132.97897807058, 506496.6520349717], [170657.81603042418, 506382.3199618742], [171806.14807480865, 506876.3320275642], [172572.73507571538, 506506.2800386372], [172627.51703030424, 506328.14503682835], [172738.3129978585, 506158.4379863812], [172788.25799520625, 506137.9169643542], [173134.41406924208, 505860.86606656946], [173109.464062659, 505840.6560324964], [173123.83807534707, 505812.40698909445], [173061.35299973926, 505764.6469758572], [172875.74104247955, 505952.61101458705], [172451.32404450327, 505784.3410475506], [172175.43804857586, 505647.2759723849], [172119.8550314777, 505593.0770700136], [172093.76008410286, 505595.6920293974], [172103.8290454268, 505663.27404543955], [171968.71499368985, 505652.6719894052], [172043.24807757136, 505697.5559819195], [171968.65802584533, 505669.383987993], [171829.9740381732, 505527.4860158585], [171799.1280960997, 505386.39198933437], [171682.2791181262, 505102.3530393751], [171630.05701158175, 505060.32096678135], [171593.03403720813, 505060.16908038384], [171538.44397416897, 505028.3710088452], [171479.02599298875, 505031.67098778696], [171477.33901258995, 504974.3559593699], [171453.43203400174, 504964.0310227094], [171547.38800257377, 504947.28905851726], [171555.08399094257, 504920.1749790291], [171558.56595266674, 504769.8960480904], [171526.28402737985, 504675.40203028586], [171461.3720117053, 504621.7609862136], [171452.64698009306, 504594.12002251175], [171448.52610382307, 504625.2739807927], [171355.30499909862, 504607.1060400247], [171323.81901533718, 504526.116979351], [171285.2819991487, 504506.01399344724], [171265.97603783413, 504468.37502310413], [171187.60102800562, 504395.2130071783], [171154.1520927105, 504386.0920612549], [171130.2330346004, 504347.4550439594], [171055.7789820758, 504332.8739687112], [171030.6210906299, 504289.01396267314], [171087.61705139585, 504209.9060443472], [171115.60496489843, 504070.8869874707], [171215.60596515384, 504159.4419829992], [171371.2210572055, 504093.64301555365], [171464.75197700306, 503961.18795693957], [171500.08903764957, 503858.39002173103], [171512.5310470849, 503756.56705282064], [171540.10200528477, 503727.02596459124], [171551.93900260975, 503629.2819656142], [171568.30599037302, 503627.68298585474], [171531.1960271343, 503603.42695951235], [171570.68703688466, 503616.4620026469], [171620.85401212442, 503599.43098994915], [171788.0999787022, 503293.5330208695], [171905.7980891595, 502951.2480851458], [171981.0821240449, 502612.33195442933], [172000.04502014688, 502604.09103952884], [172012.57505447508, 502320.931973422], [172029.0260500287, 502295.19704775815], [172016.42006721115, 502256.8020976031], [171979.76410040367, 502250.1940399432], [171979.86402241266, 502209.6630191494], [171939.673014193, 502159.0779709063], [171913.97300518132, 502067.84403071547], [171926.2529949783, 502053.734016447], [171890.3169776202, 502032.2550219872], [171521.78399487401, 502170.80711956904], [171275.20358051703, 502174.7146457343], [171232.13495307683, 502299.14605933684], [171129.20456643694, 502318.3553228599], [171057.5254826857, 502434.10736936406], [170830.44109331872, 502594.34087808087], [170780.16919799073, 502673.78989863675], [170676.10412708513, 502714.97719231364], [170574.3828076338, 502865.9745609114], [170498.61437418585, 502922.8842374486], [169886.9441258535, 503213.74809006625], [169426.13612150055, 503257.8585425449], [169401.0477695873, 503336.55585347], [169417.8992764365, 503371.21083509317], [169547.10713940166, 503389.262280997], [169647.0664295733, 503427.24630972324], [169721.2983018225, 503428.0600127002], [169749.41977123593, 503449.3574955997], [169744.128659353, 503472.7950869602], [169676.17641007892, 503493.3656713206], [169624.2554133765, 503566.5288177605], [169474.15926448922, 503643.1241545857], [169423.69143801657, 503647.31146478304], [169252.19269335465, 503606.4451458022], [169208.44331624327, 503669.2792105166], [169200.04986184428, 503816.2408095184], [169087.9232233237, 503978.2686346184], [168970.79195958225, 504001.05304025195], [168794.49696129357, 504094.03498971486], [168725.31915167515, 504072.8881254851], [168669.57660546797, 504013.3335785117], [168634.14068703336, 504012.180736334], [168612.56687133815, 504139.26876048726], [168483.68763804514, 504216.060435812], [168359.19271526346, 504335.44810248725], [168011.79525743698, 504495.2678895178], [167880.2717297161, 504477.3077493089], [167753.23515262656, 504529.6981745081], [167693.47611375395, 504596.6322148754], [167662.69695949735, 504665.0051074444], [167501.03592864817, 504670.1462793015], [167420.47114475656, 504843.4632514263], [167424.15959075268, 504920.5475662014], [167398.10951352213, 504961.752024068], [167356.73056484212, 504974.75624928356], [167321.6179625119, 504942.1387400143], [167241.32712689665, 504930.6022026435], [167228.5079257264, 504980.1799120397], [167293.50823768237, 505018.4277564851], [167291.17204790024, 505066.25757297804], [167242.30138712405, 505120.7321969053], [167059.56786102726, 505236.39115071023], [167037.57719019492, 505272.93071958923], [167031.48894266147, 505561.82618310116], [166999.77705973558, 505579.909502268], [166912.95845141524, 505555.3903326308], [166856.43642850802, 505563.6372617031], [166753.91075574275, 505648.9836545208], [166649.8730715674, 505678.54356186517], [166536.5658017711, 505770.9130964531], [166511.4104698429, 505894.9553448143], [166448.1051097366, 505959.4312525157], [166238.01975657855, 506005.13954853505], [166109.86978175983, 506072.56900079077], [166051.70010240824, 506201.9782162532], [165986.5679947651, 506285.1119198188], [165912.2461971214, 506304.54684426583], [165813.16133822047, 506244.45386878226], [165736.95896149302, 506227.0964271993], [165511.19189133545, 506290.84264003707], [165463.17777339148, 506313.5824398969], [165408.57734082744, 506399.6881228856], [165354.9521758731, 506438.06064576376], [165130.50265902342, 506565.33915220544], [164952.3817020369, 506622.33874732285], [164520.3856979458, 506951.2562582033], [164395.33728373668, 506996.1233820005], [164143.95467103203, 507022.3259534124], [164108.82665601018, 507044.7743897092], [164105.10834477877, 507111.263189437], [164155.15751790584, 507304.3942383787], [164144.21532755686, 507448.7361484695], [164160.05575740366, 507511.19952646736], [164273.53877641482, 507764.35990592866], [164343.73420127147, 507816.0935415054], [164477.19710922166, 507871.66151581303], [164552.2293019196, 507944.49867079477], [164574.44183201203, 508018.9724886851], [164553.41653477866, 508138.6626566072], [164570.99016763055, 508182.6614323022], [164644.03624654343, 508223.70469176985], [164794.14822712995, 508242.62133901485], [164916.4361880118, 508327.2060864682], [165098.05550720065, 508354.78769399796], [165274.8170716341, 508485.27479286434], [165437.05284251034, 508554.70107978873], [165578.94734497534, 508587.2581765682], [165625.35327617184, 508640.4284390031], [165678.09821357677, 508768.30042944726], [165815.20993691855, 508839.8222785633], [165899.0264163328, 508926.6278531448], [165937.49014387303, 508925.5327548749], [166025.6135011436, 508878.51248211396], [166126.14988325522, 508869.3819028286], [166198.04244369036, 508903.27568244695], [166384.89385242318, 509057.72849616746], [166422.9992062505, 509065.84526428336], [166512.11982079814, 509034.15965076024], [166547.38632433623, 508967.82126361784], [166607.34622272497, 508952.6613314543], [166656.5550201316, 508882.1932812329], [166693.57764068915, 508864.2225210454], [166733.43332735027, 508883.8147655565], [166748.74732679848, 508935.57939076726], [166734.38128565007, 508963.3412580764], [166661.04270075663, 508984.2962031198], [166659.07220703908, 509014.75717287086], [166689.7194157684, 509047.1560972419], [166726.88489491097, 509036.1266483575], [166779.06866144523, 508982.78512912174], [166891.39203791556, 509014.93788764195], [167029.42359440855, 508992.1280601814], [167158.48233731603, 508939.0954280166], [167358.8144123884, 509026.7648443781], [167483.41595060573, 509026.89272190374], [167761.27038578817, 508926.7437503985], [167861.14629505435, 508968.6035506724], [167894.23642369703, 509002.9919004289], [167933.4621639022, 509155.08223709476], [168003.6991838856, 509265.635664186], [168069.58264959508, 509143.2643258417], [168087.25117609467, 509060.8798545678], [168154.57354894278, 509011.7951809779], [168212.86525291196, 509013.0245448832], [168254.69762050148, 509040.4093149413], [168331.04291935024, 509193.28280136164], [168482.3935003716, 509183.2238139594], [168590.26232730813, 509222.5022994563], [168628.58917492063, 509291.62914052163], [168582.23886186548, 509382.50364475383], [168568.48602708324, 509532.22692607576], [168688.40153495068, 509598.6058087754], [168867.7216781304, 509769.4033791266], [168907.54449632688, 509775.29076088424], [168978.91887098545, 509746.27780100045], [169007.49743121615, 509766.4761825337], [168996.8857161609, 509806.63111205574], [168937.4256521511, 509827.8164092108], [168925.38397311757, 509864.3783165598], [169047.75827783658, 510002.5346740518], [169074.17384672648, 510101.851013196], [168944.4274725057, 510155.55651040794], [168842.82089376388, 510259.4227255415], [168723.04455582876, 510280.8982081375], [168560.60549278147, 510126.20780669595], [168400.03063537407, 510069.81569767324], [168213.89280823935, 509970.3807297845], [168210.69261662674, 509933.18475321203], [168268.58149629197, 509892.0272056675], [168282.10136835263, 509847.8085017551], [168267.99266602838, 509794.0062064846], [168218.70036666305, 509742.4618900969], [168082.17335596183, 509740.957244599], [167938.3284343934, 509710.04558380344], [167807.46723437682, 509620.32464966405], [167696.49201845902, 509609.4362293972], [167573.6193825606, 509527.33755493717], [167499.25842996797, 509533.76994163817], [167421.37311554345, 509579.8810915949], [167402.5389774797, 509656.2090030307], [167379.73927239186, 509676.26107955235], [167335.67534880695, 509651.517173603], [167301.8062900288, 509529.6050382999], [167187.01117016008, 509424.87819449266], [167025.06265820365, 509513.01665378915], [166811.91053539104, 509499.3951310329], [166737.68627492205, 509592.89969615836], [166435.70030826714, 509556.8715389579], [166367.49769735197, 509506.1475164216], [166289.3448908345, 509581.25512976304], [166204.05839492456, 509618.9593220503], [166066.8430700842, 509616.0649745354], [165915.7286840797, 509644.6300248657], [165827.1700189767, 509634.7611814263], [165766.20603578823, 509599.222703431], [165695.57972358278, 509441.9710205939], [165646.6121861514, 509385.43372072617], [165272.7928036198, 509332.5456879084], [165103.76315974322, 509272.9763178048], [164974.54987864214, 509202.24597991013], [164898.20603768333, 509129.38056169247], [164830.61642938742, 509017.07185855694], [164659.86526688037, 509006.9076400288], [164578.26160995453, 508964.12088735274], [164519.38900252315, 508901.5000258931], [164387.6787869562, 508986.66599520954], [164303.4253332265, 509069.89486998087], [164257.07732635966, 509076.9803904835], [164189.72997081734, 509045.80798444024], [164127.72459402593, 509044.3752690943], [163991.2265203541, 509131.25263655314], [163955.86750848638, 509180.7602481594], [163961.98685420357, 509219.2044774251], [164081.16513491192, 509295.973346772], [164250.01375913917, 509147.7622622615], [164308.7987812907, 509143.7010792189], [164399.23279674706, 509190.1115646933], [164425.03162415017, 509233.9087509152], [164421.361019678, 509267.0837337276], [164355.9799241119, 509363.4617049984], [164299.00753706973, 509498.2696743473], [164246.6935121746, 509538.16911876807], [163940.11544746422, 509552.70386090747], [163738.3643819619, 509603.9520858124], [163664.45473657612, 509602.3930179964], [163609.59678564, 509574.73407745606], [163467.74814438744, 509415.98160204303], [163368.11170725006, 509382.1279081941], [163267.94781864638, 509374.7647987911], [162594.2044249092, 509397.55608896166], [162416.05808241715, 509457.30249340215], [162196.96512820807, 509486.24563778413], [161587.04414396384, 509455.5670463637], [161476.44703914318, 509489.0331174804], [161192.81020904955, 509370.7468655421], [161013.29587631478, 509369.46068620915], [160947.86372002543, 509279.76305794023], [160841.54838164028, 509234.2369043618], [160592.66696703306, 509284.0842275761], [160528.25714353414, 509332.9783583755], [160505.52730848183, 509409.00305114], [160517.68139367583, 509459.51223802415], [160483.14911611396, 509484.4727020945], [160509.9513062112, 509536.05639958684], [160563.54988734482, 509536.9840428024], [160562.54837342922, 509584.46531606076], [160500.79375979706, 509633.41554478265], [160384.18199370534, 509654.70692030457], [160283.7492947129, 509784.5954043629], [160206.94259194803, 509795.9760259546], [160106.9435623136, 509780.8656798031], [159924.40410808832, 509703.9490096554], [159753.41722284022, 509767.9079817914], [159636.80604819185, 509789.1994245008], [159283.718018377, 509755.49977941933], [159229.57517982367, 509944.36694952974], [159178.37910688337, 509993.53933820885], [159077.49478896713, 510020.41249829205], [158773.3208192317, 510045.74727006693], [158674.72861672906, 510088.4194419517], [158607.58446087368, 510142.5054805339], [158469.75552141026, 510292.6045954366], [158061.83875469668, 510606.2629672441], [158043.88701842946, 510706.1386250549], [157991.6364980036, 510805.29052603873], [157752.5861684135, 510998.25516899204], [157666.0316515006, 511096.9331163261], [157650.42252881214, 511147.9809120795], [157725.33387105775, 511164.18721651775], [157776.870486482, 511223.2771585926], [157797.96866439458, 511350.47784734843], [157774.8602748603, 511443.6815692532], [157680.30653878488, 511546.00323171186], [157641.79161692908, 511619.19369095087], [157666.5754340729, 511790.53647315677], [157628.54629189568, 511872.174984883], [157172.57379345063, 511960.30600185203], [156882.6836122317, 512059.69199063757], [156712.42135102628, 512058.8488399897], [156604.71747384444, 512096.07716225495], [156370.21173597872, 512291.760281238], [156370.83815244003, 512418.6531845302], [156333.88609991953, 512512.18920618854], [156058.92196623713, 512686.57950805547], [155940.52930625068, 512792.3342345368], [155909.52706743198, 512884.1829164403], [155928.56668546656, 513108.8429115598], [155918.51703795072, 513208.8842472449], [155896.76292926064, 513302.30325331003], [155809.2776869859, 513475.399879634], [155799.27293130904, 513605.1306718953], [155882.125580669, 513807.63687869266], [155913.7940097403, 514183.0687382387], [155903.27397399975, 514306.8510878553], [155944.27390222333, 514427.90834500187], [155933.33512813266, 514508.24284578895], [155947.58773259373, 514676.86227505084], [156098.72681096708, 514802.2457319512], [156161.6480503395, 514995.7846342925], [156269.0056326145, 514990.59829860367], [156419.7559855026, 515041.1586014265], [156437.26435859327, 515087.78007891576], [156415.35012198528, 515187.6336524721], [156390.60101279593, 515233.42516178905], [156305.6497765709, 515279.2422535103], [156279.85419171964, 515477.97042855195], [156243.6743568019, 515565.5846745344], [156155.19160457014, 515629.7183441073], [156036.86992204218, 515637.7196790676], [155872.72247997054, 515565.6253117416], [155827.78122991868, 515506.5490671221], [155788.5625642249, 515393.65426557884], [155761.8817731403, 515375.90264631034], [155711.13389913694, 515403.83196155936], [155636.1651595459, 515328.24607528903], [155651.01251753018, 515281.12047696015], [155737.99322326866, 515256.64411820524], [155765.16970981413, 515220.2167539455], [155788.95958325203, 515148.0368023021], [155764.9997949784, 515103.9590672076], [155678.97150246904, 515051.89064440783], [155568.612128625, 515025.8091539727], [155468.17212994368, 515031.6883346558], [155423.9168720034, 515058.5047549636], [155402.0875392808, 515107.5452393528], [155396.60107268387, 515218.43308756565], [155255.2541698491, 515339.70211786556], [155217.2358330664, 515439.6523682263], [155239.04172324293, 515540.61620293517], [155310.01596543955, 515692.8702216257], [155360.83535038953, 515753.10777399846], [155372.80701278697, 515808.8706960194], [155377.64091366803, 515945.9453586485], [155333.13364059554, 516281.0264014167], [155302.88262137404, 516333.8452706407], [155228.48234429175, 516388.2373420724], [154970.1241537761, 516443.94574971887], [154948.43590382842, 516496.50872229127], [154957.05925303284, 516597.1939460009], [154937.9481943179, 516759.5454089328], [154887.58560827648, 516657.9783682297], [154839.0238357666, 516634.20172887505], [154801.12741689285, 516586.7122421282], [154706.83426163637, 516590.095456084], [154663.24832786885, 516629.2383071165], [154640.73550021174, 516561.7608664797], [154753.37884301366, 516528.69405014924], [154743.51649490904, 516453.9287275288], [154703.10069581014, 516328.57115453476], [154668.89167112595, 516361.3495671228], [154615.57413487177, 516237.7038651373], [154566.9748000955, 516201.19192540797], [154554.14342172016, 516114.6839512085], [154527.32006016496, 516067.91291294503], [154520.77200470248, 515995.6474641666], [154555.9426076071, 515987.24941217277], [154578.35045332034, 516002.9262593847], [154588.74555895824, 515963.5196434567], [154488.0878314841, 515687.51051849243], [154473.1857270991, 515486.0648492897], [154361.41070436538, 515397.57665448554], [154317.7579578373, 515311.5273512245], [154362.80565533723, 515210.9289839773], [154479.87228320018, 515170.19685811736], [154421.77575357823, 515145.0943222338], [154360.95607757318, 515167.31439670274], [154335.35202509022, 515157.64454184036], [154298.95759184286, 515068.2484328803], [154240.2483475399, 515000.94413667056], [154080.22662574233, 515057.06643615913], [153964.56779175182, 515037.43590104557], [153938.07872120308, 515003.03188711026], [153953.73761879274, 514927.64176239254], [153903.2889473243, 514880.38771100587], [153701.93624954848, 514782.8832252907], [153605.97393348927, 514680.35420058656], [153458.72199557108, 514626.9934232672], [153166.87746606625, 514395.8253258589], [153139.73802799755, 514321.0006447318], [152990.02838944885, 514270.088507683], [152936.1336948324, 514216.1992085899], [152919.2382966096, 514110.59020747314], [152993.917090521, 514085.9164185086], [153070.37817204653, 514092.2809367088], [153158.39789042913, 514159.1565476494], [153150.10211768423, 514254.5617583225], [153166.59690446148, 514285.97325544496], [153375.26364975033, 514244.9406499412], [153475.16489060616, 514294.5042448041], [153484.1692469661, 514406.6034612543], [153611.73621888048, 514407.46890108875], [153667.87866842686, 514383.2163181872], [153551.71232177003, 514303.4489134886], [153475.1104521503, 514212.8136743961], [153477.66746028446, 514183.3825971342], [153538.25239938247, 514118.56640340574], [153534.70967107255, 514060.0838826387], [153507.2928530073, 514027.2542504899], [153391.7086680951, 513983.18777249794], [153372.51099934735, 513950.1566591894], [153392.51009367962, 513909.890470589], [153450.65573130865, 513875.3047345275], [153439.70508005354, 513827.07239658287], [153226.8263494113, 513710.0751616333], [153154.0841329602, 513641.5379548051], [153053.52633402383, 513644.16494518233], [152880.04224257666, 513585.5010325803], [152683.9541884684, 513466.6088938047], [152526.7433008792, 513432.0392558962], [152294.13879501645, 513283.56340365484], [152162.05661677857, 513249.58691868704], [152030.06057191564, 513182.2991625503], [151887.76261502926, 513205.54568370106], [151764.08529200402, 513169.43415758817], [151518.5455231637, 513011.24836573406], [151287.0478129647, 512754.8577120248], [151150.84772331276, 512632.48108035396], [150787.89518612289, 512438.7393872501], [150740.86660952354, 512441.8249878243], [150563.2403258818, 512584.2609923429], [150594.03287809298, 512652.97813571274], [150598.35859178856, 512730.82029250823], [150699.4531506389, 512816.7053695529], [150621.26613244566, 512978.3692770981], [150416.96273110312, 513162.4960719457], [150257.10133318146, 513253.18478327856], [150262.99171097382, 513314.9972967066], [150362.9943488055, 513338.60875548574], [150369.1399321203, 513386.4890496815], [150160.5675254421, 513631.08814638713], [150160.6654551858, 513825.5296491583], [150023.98168767532, 513979.95780815394], [149918.1699947965, 514231.4759926098], [149792.0799391881, 514650.0671259839], [149777.5743177698, 514809.45272478054], [149959.6026991728, 514805.5018779002], [149942.36921951015, 514751.9860615629], [149892.34437045414, 514713.71205534256], [149890.0365955613, 514676.5656609226], [150010.28012821276, 514272.18049045507], [150110.43512989642, 514031.35772042617], [150203.21018533304, 513943.2258903024], [150252.10971474074, 513867.0754372054], [150272.66853869558, 513760.63389798015], [150259.06440461875, 513656.18651300267], [150462.14433762, 513424.41378656455], [150468.5003751483, 513334.0807137915], [150434.9302770654, 513268.54787683726], [150659.43049000535, 513087.95168066147], [150763.95520443493, 512931.95087445655], [150797.13083750982, 512840.0971330082], [150796.03304530366, 512789.1294913884], [150699.39274527415, 512683.8454758333], [150685.52655260873, 512609.238968441], [150771.81127721947, 512542.85375990736], [150815.19444059546, 512558.71933122276], [150907.71526073664, 512626.3499083594], [151111.9740035177, 512728.976278414], [151451.4237312161, 513085.9663030433], [151720.52974402683, 513259.9384080431], [151876.24231804622, 513305.3223737014], [152014.8654822781, 513287.8401190462], [152124.45725950654, 513342.72334251105], [152266.42214914903, 513381.0025508204], [152483.3524286787, 513522.6225729015], [152638.22048179735, 513556.46883984894], [152809.44977984426, 513664.3194735388], [152945.75852457175, 513718.1127077303], [153113.38305509285, 513742.2523937139], [153176.0885653759, 513796.7572381035], [153302.8833838624, 513859.54516247724], [153277.46428176062, 513912.7706842103], [153275.53186656607, 513976.2938532811], [153325.73099252296, 514058.91789488064], [153417.785851981, 514099.4623097492], [153384.85817843702, 514144.9746473252], [153261.93125304524, 514163.4446270961], [153229.65538175893, 514082.2375289546], [153143.78963035197, 514014.992096271], [153031.75775143848, 513986.6943027026], [152940.62641578063, 513992.0323129354], [152855.44422802667, 514033.0117186787], [152821.03530020794, 514084.789899123], [152815.02774129147, 514165.6763202932], [152847.2443727398, 514262.96237281046], [152930.07509562094, 514351.3819874474], [153056.33306882976, 514396.27616840723], [153128.58466535097, 514497.7068092331], [153399.37554665838, 514708.02492400276], [153548.98151788316, 514768.12999644136], [153650.15144768203, 514868.94389810733], [153840.9049575633, 514960.4576688385], [153847.34568408012, 515048.8221483985], [153906.3639206255, 515119.2919606619], [154058.92631981298, 515158.89121518924], [154209.21065767185, 515117.64079917746], [154245.8506504642, 515209.0399197643], [154218.40677640974, 515281.7298229227], [154228.0298377116, 515368.6694093216], [154289.13382303732, 515467.32016698306], [154382.44427453587, 515537.0456070237], [154391.30930022648, 515714.3809668999], [154451.95239232233, 515832.40912512166], [154465.81966525596, 515911.3432195855], [154429.60739240938, 515953.49157993385], [154417.89414274215, 516018.06305578584], [154470.24805797014, 516228.24820874137], [154535.38772736525, 516303.79025809886], [154587.18454234212, 516419.7623244272], [154625.36952011005, 516452.59948346374], [154575.71380671847, 516474.8468832828], [154542.25885092252, 516527.8916459835], [154572.6631713012, 516672.62533881504], [154604.66268258027, 516710.8215607665], [154651.08149999165, 516728.9382239139], [154702.09909229868, 516722.8703245026], [154753.66898387673, 516687.78749662347], [154812.17273895766, 516730.8493943018], [154873.1601670732, 516838.48615139286], [154965.34768297558, 516856.1754929196], [155014.7872984596, 516824.22815148986], [155039.30210067396, 516775.15529264783], [155057.49688699452, 516597.81587379583], [155047.83507380146, 516521.1247599049], [155208.54498808124, 516501.48718679283], [155287.1440978213, 516470.78646780446], [155376.12190949643, 516402.5774449503], [155427.9981504731, 516314.0238236749], [155477.70569323766, 515954.6139802044], [155472.21021158504, 515794.47940772725], [155451.74445685113, 515710.4036820124], [155398.90274666518, 515642.1926292859], [155318.1628286365, 515441.73117866524], [155327.59379256907, 515410.85690231284], [155481.53798767872, 515272.04116140865], [155504.05292692626, 515204.1972396809], [155501.95405133738, 515127.3746999209], [155574.64484182492, 515128.01525737677], [155678.2194487536, 515165.6729132812], [155600.4395332503, 515193.6721048287], [155542.61711031795, 515261.00534101523], [155539.15688641788, 515354.2749065098], [155581.3472306553, 515421.59690153925], [155660.14279790223, 515490.3652655808], [155719.96659396778, 515503.79583149904], [155813.03109795335, 515646.4030563429], [156026.20351108004, 515737.59126054693], [156190.3242190546, 515723.81300128554], [156320.94487936955, 515629.7514217803], [156370.61529088643, 515531.26601332764], [156401.67887889987, 515341.7190001029], [156466.66519871118, 515299.01742300217], [156512.1027611365, 515214.5971820495], [156537.33038054724, 515079.1258105871], [156500.99927551817, 514982.10241684405], [156412.94887907748, 514921.1863184274], [156235.93736836716, 514887.486713437], [156177.56417592117, 514740.0141081808], [156047.13618428225, 514626.8848103032], [156043.13687151778, 514410.1821380674], [156004.33894199613, 514310.99180077395], [156013.71788343886, 514172.9038685852], [155980.60877695866, 513787.90960927773], [155899.79610917342, 513602.23030610563], [155906.4093363082, 513502.07375129836], [155988.23870518102, 513343.77960235096], [156018.21061824777, 513221.1028870038], [156028.59729076558, 513099.78845886997], [156008.11914115504, 512972.75859875436], [156023.44469023735, 512849.3677422751], [156117.38822870783, 512768.43638132064], [156403.2937187991, 512584.78870723], [156456.78804386768, 512492.27596889006], [156469.83498262736, 512335.8957463507], [156657.47224739715, 512182.29364371527], [156721.04721056673, 512159.4928028843], [156908.05881197265, 512156.873286925], [157201.8580273665, 512056.58173008007], [157603.80104384365, 511986.12244888325], [157697.32718133056, 511945.3685252984], [157742.41413524502, 511889.9195546837], [157764.6878629966, 511822.07375754754], [157739.63190046055, 511643.7972089689], [157863.78844112332, 511490.3708223538], [157897.52809372885, 511363.7452939993], [157880.93484340096, 511214.77750301175], [157799.7830179436, 511094.856382106], [158069.5858393448, 510868.63091832097], [158127.97899050766, 510768.86102427414], [158156.57848414374, 510657.09159411537], [158537.03176696887, 510367.18349254254], [158685.5531781639, 510208.73979134165], [158742.60036791975, 510165.37541430694], [158825.89328123903, 510136.11921917036], [159085.78913212122, 510120.5089966406], [159226.37397748666, 510081.76970432943], [159313.71053544473, 509999.2244653732], [159362.03688525196, 509853.5972085752], [159646.50383795897, 509889.16971000424], [159776.66815390985, 509865.61928776157], [159926.87034906505, 509808.4627930641], [160111.56921053334, 509884.7469414843], [160214.29872305426, 509896.1458439895], [160320.18329345, 509878.19384904025], [160397.51487613824, 509819.13973930356], [160443.35651838675, 509740.41623039445], [160584.14758463638, 509704.8521536515], [160651.46131754218, 509631.1835510356], [160669.1868209903, 509534.3610669688], [160617.77987740663, 509452.59233395196], [160608.37758369767, 509395.2598002395], [160723.13719003482, 509353.00329971773], [160836.33603405417, 509342.078706644], [160876.59008005288, 509355.1559796363], [160935.0790097909, 509432.3960325144], [161028.96877558908, 509475.15660706634], [161160.64160338475, 509466.50248402066], [161466.2896533916, 509588.95775220427], [161591.14673420216, 509560.631034271], [161918.32419861012, 509561.3395859829], [162206.4107416486, 509586.24006511254], [162435.63711488896, 509555.8152671803], [162611.24313667582, 509496.91824613075], [163271.6241917306, 509475.304200619], [163417.47918163313, 509503.35843320546], [163544.4868267962, 509651.21151445125], [163652.88127908178, 509702.1635556898], [163754.23739421554, 509703.1294652494], [163950.55400237898, 509653.38594000996], [164265.00135539004, 509636.9260323833], [164372.37312801566, 509569.2503310413], [164516.24645357204, 509300.02093981334], [164512.62625321868, 509179.75766115746], [164430.00861011946, 509091.98261438403], [164503.4180155861, 509031.20295507356], [164628.3525999368, 509102.2756479356], [164772.28375381965, 509112.0057122626], [164821.96452710367, 509194.7666242328], [164911.2206941387, 509280.20442717616], [165088.46141974474, 509375.10485106247], [165251.13382251974, 509430.6221562773], [165367.67792604267, 509438.2420252699], [165484.4315168012, 509471.4897853818], [165593.389155727, 509470.90955818316], [165691.4337640623, 509666.28396267164], [165738.01639331618, 509706.95438449667], [165813.58204319736, 509734.27737118566], [165913.61021210137, 509745.04724045383], [166074.6104982083, 509716.69070868386], [166209.20507276143, 509720.1692423201], [166375.72550085583, 509641.0768299707], [166744.9982230645, 509693.07274904364], [166809.16721298586, 509671.6391069141], [166865.94394734254, 509605.9481554747], [167043.39602330534, 509611.7688326717], [167174.29391255285, 509547.20299619285], [167224.73616315174, 509595.2036515495], [167232.8867754078, 509663.5490194181], [167271.53301983117, 509733.7603760507], [167338.36183422751, 509772.8840484004], [167382.42616640334, 509776.6646935838], [167463.1264446931, 509742.52691542165], [167505.8170154462, 509644.03687000944], [167549.59375628884, 509625.69983558526], [167650.00502449338, 509698.4702931146], [167773.12642989363, 509716.8942173076], [167905.78560282776, 509805.06699835666], [168068.56412820693, 509840.4705302945], [168173.49659094177, 509834.4760764345], [168121.37264632585, 509887.249494255], [168107.7492218252, 509962.598791748], [168024.27374889364, 509862.91331622057], [167941.82827457096, 509825.9756779242], [167774.2430752701, 509858.7990853477], [167509.91269963956, 509860.77000948857], [167461.48998868445, 509894.3537182252], [167518.22400180466, 509957.1956979311], [167783.10181245758, 509958.8898726394], [167928.69112361252, 509925.55238390854], [167986.76011079535, 509964.9029516082], [168022.58905766884, 510019.0930089383], [167993.34904406674, 510027.12256425037], [167960.4102926415, 509962.4326255574], [167919.22087580245, 509948.2119798233], [167770.1316109341, 509980.3194723364], [167502.56377762574, 509974.5052470486], [167446.41789058677, 509991.6409015206], [167485.71184223733, 510040.74273237854], [167675.7810807764, 510059.72228093975], [167870.77383780217, 510045.02897230285], [167942.48381038074, 510113.72991447], [168002.81753380413, 510127.5622621642], [168090.23995584628, 510095.53825188125], [168122.87186541362, 510016.1550259542], [168173.25340523876, 510063.5259881005], [168353.5687006911, 510158.86284100485], [168497.9538353164, 510198.1452812504], [168572.0356307818, 510290.0870099438]]]}}, {"type": "Feature", "properties": {"rule": "mudflat_perimeter", "coast_clear_m": 30.0, "inset_ratio": 0.1, "site": "incheon", "lat": 37.4308576, "lon": 126.417128}, "geometry": {"type": "Polygon", "coordinates": [[[151210.71255448417, 530652.9118973128], [151186.46415400784, 530552.1463492481], [151262.44771859553, 530429.0565100943], [151101.6971409937, 530428.97316255], [151075.80732955819, 530406.0493376012], [151082.27252470428, 530349.4353227838], [150992.5543828451, 530226.1575142825], [150722.10578355854, 530197.7089396896], [150556.93145293865, 530243.4292935533], [150505.6979241448, 530233.9530922313], [150449.81617968882, 530256.9101695272], [150401.9305723292, 530337.7719346315], [150413.11318595242, 530397.8268236459], [150470.8134436882, 530332.5532728377], [150620.02265423813, 530304.6856914976], [150700.37281583983, 530253.7473858078], [150766.83213796027, 530262.7583653474], [150776.01990141842, 530303.7568127072], [150940.1087122011, 530319.3921450187], [150978.51892305783, 530375.4368266002], [150996.70566475348, 530467.9446664647], [151088.9558597732, 530528.6057914054], [151086.86126761444, 530600.166479968], [151125.62008087273, 530730.9542046639], [151097.11388976462, 530762.0070342635], [151094.82275439939, 530826.2967948081], [151045.22328114658, 530728.5967077861], [150972.23241381109, 530703.5963413526], [150973.88928405824, 530790.9087740823], [151035.0261268493, 530990.0301800286], [151087.05236386103, 531057.8614679553], [151173.3283745892, 531032.0016304476], [151222.28680661652, 530962.4752309023], [151228.7348301696, 530906.6732928761], [151193.93628887137, 530805.6841835475], [151210.71255448417, 530652.9118973128]]]}}, {"type": "Feature", "properties": {"rule": "mudflat_perimeter", "coast_clear_m": 30.0, "inset_ratio": 0.1, "site": "incheon", "lat": 37.4308576, "lon": 126.417128}, "geometry": {"type": "Polygon", "coordinates": [[[151783.1547400596, 549148.6573888022], [151292.71905619666, 549296.357466306], [151358.30909994483, 549261.4789113024], [151777.75924181653, 549135.0881742181], [151736.05244499492, 549081.7934098449], [151660.29352596484, 549068.7526528813], [151253.54049608597, 549194.1576726624], [151200.82467151937, 549249.5701621472], [151194.8919680388, 549319.1163312283], [151246.2666037207, 549387.0247200495], [151339.73107930785, 549399.1802853101], [151735.676590933, 549274.9286093833], [151781.92201121562, 549225.5206149535], [151783.1547400596, 549148.6573888022]]]}}, {"type": "Feature", "properties": {"rule": "mudflat_perimeter", "coast_clear_m": 30.0, "inset_ratio": 0.1, "site": "incheon", "lat": 37.4308576, "lon": 126.417128}, "geometry": {"type": "Polygon", "coordinates": [[[152647.94974727722, 555238.3784484459], [152695.17483231367, 555296.7697025933], [152682.44039361968, 555339.2130953812], [152603.6835631511, 555329.4169557581], [152508.44579087172, 555360.7947297961], [152594.1018587891, 555577.3655208305], [152525.52427441446, 555653.2701648106], [152471.77950094032, 555762.3881022898], [152688.39592454003, 555841.6841122638], [152733.6513639944, 555926.1746576864], [152730.1280199541, 556000.5500997888], [152614.19074567646, 556384.177312874], [152657.19180626346, 556531.3173981112], [152700.56823439873, 557194.5098317761], [152717.54265816294, 557178.3459441144], [152727.4809068527, 557073.3715970344], [152717.74880846532, 556788.4742478711], [152737.30856213186, 556638.5392925546], [152695.4071232998, 556407.8493388959], [152713.43678059505, 556203.7470822872], [152768.29337430486, 556120.8927594635], [152838.80299309272, 555916.8395819808], [152897.99746709957, 555867.923428572], [153086.58961369906, 555348.9956952257], [153183.7988778981, 555370.4315519341], [153185.52709564273, 555347.3523456961], [153166.07738201087, 555292.3795053995], [153119.36426246463, 555257.4769411255], [153061.1328972994, 555254.4089382516], [153011.01079561005, 555284.2096002053], [152820.20154206766, 555794.0363865743], [152794.23931434177, 555816.1046188795], [152736.61932613005, 555753.5784447442], [152609.8547387658, 555710.6110093921], [152692.32778731541, 555598.3362641445], [152692.65713589653, 555540.6714621517], [152653.1796289709, 555442.8174786222], [152744.42799991553, 555418.2424682479], [152797.1971850454, 555328.3414883502], [152786.41841399454, 555266.6848472431], [152745.40564827644, 555225.2329766124], [152688.2753544399, 555213.5524776166], [152647.94974727722, 555238.3784484459]]]}}, {"type": "Feature", "properties": {"rule": "mudflat_perimeter", "coast_clear_m": 30.0, "inset_ratio": 0.1, "site": "incheon", "lat": 37.4308576, "lon": 126.417128}, "geometry": {"type": "Polygon", "coordinates": [[[153856.75150636616, 556058.4387271644], [153853.66923158985, 556144.6474941028], [153622.23630892194, 556470.2575175634], [153511.06214118013, 556558.4386557041], [153467.95585419855, 556632.4282732981], [153462.44042632307, 556728.6740938434], [153501.65933601098, 556881.4207968162], [153503.5764037127, 556989.9493681239], [153411.3744819528, 557156.3777278423], [153324.3897182017, 557500.2427729911], [153233.56752122595, 557613.3929162429], [153311.51041856495, 557893.8791149822], [153341.3859187662, 557921.5450174375], [153359.02826310776, 557897.2566302259], [153315.58221067183, 557833.8854337414], [153270.35780316437, 557634.2183098587], [153353.69868045175, 557512.277338768], [153384.50344945025, 557364.9024440291], [153489.9068144365, 557089.3040268976], [153566.1316893612, 556987.1820205288], [153516.53270821914, 556791.4197208588], [153534.92159774798, 556626.4749022422], [153819.72167272517, 556291.121363298], [153980.79580575906, 556346.9899278827], [154067.77387913538, 556339.9499091748], [154112.75984388942, 556307.1630196609], [154060.78753290817, 556252.7845672742], [153981.49073984998, 556246.2727706787], [153923.71742387934, 556216.4391660881], [153942.14927358204, 556168.878604452], [153931.52144532747, 556111.543154709], [153872.74005704914, 556062.0030341311], [153856.75150636616, 556058.4387271644]]]}}, {"type": "Feature", "properties": {"rule": "mudflat_perimeter", "coast_clear_m": 30.0, "inset_ratio": 0.1, "site": "incheon", "lat": 37.4308576, "lon": 126.417128}, "geometry": {"type": "Polygon", "coordinates": [[[154781.62064998836, 514043.9217620465], [154886.82013113017, 514427.39294123184], [154981.85991516762, 514572.90424734907], [155079.4824610656, 514936.477097924], [155173.84766465166, 515000.72193605406], [155273.90500542987, 515021.8355349678], [155324.41884314374, 515010.90197101], [155342.12240700814, 514965.7742428327], [155334.0946176127, 514891.60227781394], [155233.60632383436, 514664.4730053691], [155159.11798041617, 514564.6468960253], [155060.22153251246, 514488.55625155405], [155056.3104556749, 514391.4706390721], [154998.0511419921, 514259.73636594263], [154973.03238710985, 514084.452525953], [154918.88406862383, 514042.55806815566], [154794.85168039316, 514023.18873911], [154781.62064998836, 514043.9217620465]]]}}, {"type": "Feature", "properties": {"rule": "mudflat_perimeter", "coast_clear_m": 30.0, "inset_ratio": 0.1, "site": "incheon", "lat": 37.4308576, "lon": 126.417128}, "geometry": {"type": "Polygon", "coordinates": [[[156974.35083722355, 531020.1608363955], [156964.12391470725, 530993.4664144577], [156981.55384657864, 530944.4040023969], [156956.83594849127, 530913.1598716854], [156907.08088819013, 530898.1678115195], [156820.36835058167, 530916.1438172223], [156755.03789558492, 530735.064440839], [156676.03465676925, 530747.0475348455], [156601.5522664386, 530720.5699940705], [156630.03752008616, 530632.5057840111], [156633.40928214873, 530496.3061776255], [156612.8348354754, 530456.2745035371], [156585.6055213538, 530458.651115654], [156558.54709701432, 530492.3294543033], [156535.50862247738, 530584.0949753133], [156482.73106394286, 530588.2270815583], [156385.90892284582, 530430.6692748916], [156237.39273559934, 530348.5200513847], [156168.12222720642, 530198.1716799225], [156091.42322630464, 530147.6698432413], [155997.6860996149, 530155.746918975], [155941.37715504094, 530139.2411913708], [155813.43111085723, 530020.6514296032], [155694.39753383456, 529978.5032051472], [155667.47971938938, 529942.4940675957], [155655.09840804248, 529858.5098216383], [155626.3462038136, 529832.1811817029], [155513.43486941178, 529777.7506152308], [155388.3801947891, 529781.7529018205], [155169.23158204812, 529691.8688322471], [155019.3632991427, 529667.6933353881], [154970.12670045794, 529627.1490106337], [154937.74308480677, 529629.6193823968], [154942.614190812, 529679.3180095684], [155131.2746900403, 529865.3207893288], [155288.11995193711, 529931.8954297083], [155540.60936950948, 530146.7515872341], [155590.76769381756, 530142.3141862904], [155610.74408181035, 530086.0083437737], [155639.95170761627, 530092.0415717585], [155660.60892942833, 530142.543709749], [155738.6042943571, 530193.0724970445], [155788.03856109985, 530286.2482159061], [155891.1673135218, 530393.9371589374], [155960.1184784806, 530498.1520375188], [156061.0702662673, 530460.789089809], [156153.00734677774, 530475.7375884732], [156217.7909135123, 530527.3619370774], [156404.81894805786, 530781.5845586911], [156552.81051060767, 530856.301143056], [156620.92630934913, 530844.7902592885], [156664.057335869, 530860.8300884252], [156744.66215292603, 530964.3933887824], [156736.2046668559, 531069.3670722612], [156814.5000934759, 531160.6549591834], [156912.58893032072, 531185.0469611546], [157142.02696037843, 531341.1021625719], [157206.63304896178, 531333.2832837349], [157208.59914837283, 531302.4485137006], [157098.71272476914, 531175.1445911804], [157137.86998406114, 531103.074859817], [157133.3045291462, 531054.15359073], [157055.07479633205, 531003.4952687715], [156974.35083722355, 531020.1608363955]]]}}, {"type": "Feature", "properties": {"rule": "mudflat_perimeter", "coast_clear_m": 30.0, "inset_ratio": 0.1, "site": "incheon", "lat": 37.4308576, "lon": 126.417128}, "geometry": {"type": "Polygon", "coordinates": [[[162199.9969226007, 522097.54211919545], [162308.97615787212, 522053.7813939289], [162365.74574337213, 521947.8343650235], [162568.53664708807, 521994.8288084914], [162724.6938493384, 521898.6524282491], [162706.7279008493, 521877.68395570264], [162586.40839481913, 521931.70325946965], [162585.0320102549, 521895.8385681395], [162674.75023084506, 521858.5779681526], [162609.03727810257, 521857.3576273511], [162559.39246125115, 521893.4245546878], [162490.6949785611, 521864.95183590107], [162353.43098073793, 521848.1974155518], [162261.23677893836, 522009.5816078995], [162238.68182661998, 522019.60516452615], [162217.34926441498, 522004.79892831045], [162126.83796537906, 522066.07799129694], [162046.96292295936, 522046.19989960373], [162042.91678483004, 522123.6461890773], [162121.48301742243, 522131.8253917045], [162044.5236756114, 522132.85219123814], [162034.88577005448, 522126.63807411585], [162040.5320398165, 522043.5597825631], [162087.19694237184, 522030.7585230603], [162043.14743129813, 521940.5774625993], [161969.5294439646, 521898.51957271906], [161898.683685031, 521892.92044993123], [161749.61774854694, 521937.80849519186], [161601.0125991262, 521862.88859028515], [161440.29805222686, 521822.25146451825], [161195.68322297884, 521804.0302798586], [161057.8692337225, 521759.9562801485], [160926.73637660462, 521758.0442080819], [160777.52502062498, 521698.05487138365], [160419.31046447947, 521680.8537599851], [160329.63039698952, 521700.6242101598], [160259.94779055065, 521667.5647790864], [160118.83091932727, 521650.4477012087], [160017.38089567126, 521670.8978523388], [159833.2290232815, 521649.18683209457], [159736.4796927112, 521546.8558895065], [159663.2131329673, 521507.62755419896], [159497.8726437075, 521469.0372208535], [159341.66625742303, 521503.0597411407], [159259.34507463535, 521438.64847600774], [159094.47124069056, 521419.0853962521], [159050.60496320977, 521351.53971491585], [158977.85698972037, 521302.75510227814], [158942.21450083028, 521190.8734785881], [158871.59705474565, 521143.72934731457], [158802.1221027457, 521123.2645742243], [158768.4152288222, 521164.3117729871], [158705.43668556737, 521149.97287999286], [158669.3990083413, 521189.6499202475], [158572.49120306553, 521152.1120378234], [158590.28303612364, 521099.16382875154], [158696.99790825642, 520978.712175167], [158708.93882458462, 520833.7877717561], [158759.0060911425, 520748.68012434983], [158751.01682920265, 520590.70791689056], [158719.81694409327, 520524.76534634735], [158726.4687274314, 520449.22812653176], [158706.7685711861, 520389.89640452195], [158721.59893555837, 520271.70386545424], [158624.9719942883, 519994.1127771818], [158464.79768548775, 519837.45138596126], [158484.5011857067, 519736.0235363933], [158410.99878546534, 519644.1191852984], [158409.54912821294, 519508.2834448293], [158325.31342680455, 519379.6223831004], [158214.56534597924, 519258.3494690242], [158161.4107855637, 519228.8376271926], [158116.33692169757, 519150.9300905281], [158056.8525854387, 519109.806368146], [157975.00107636282, 518969.9122101884], [157893.24765651266, 518917.3769911518], [157865.19644896008, 518823.27018607105], [157801.28668312382, 518731.0698669679], [157672.16506331446, 518670.30133104965], [157369.8063950767, 518313.72578850103], [157299.2991274827, 518271.00290721195], [157205.78042238244, 518250.08595314086], [157166.04508691598, 518166.5876193832], [157114.60718259373, 518136.5744545288], [157074.20874366403, 518077.9769152459], [157060.47081076732, 518092.3966101522], [157037.3410629231, 518083.78637908207], [157033.70165510854, 518050.8765720479], [157065.3254275082, 518041.3204552138], [157039.55942950555, 517941.8174036395], [156974.48207697753, 517883.41124563216], [156857.9316149308, 517841.65038843855], [156815.8449453969, 517786.84110515274], [156755.66698103238, 517577.3457142149], [156677.69020811623, 517475.28441471973], [156647.6110628088, 517320.0305107325], [156600.38761236315, 517338.9361446494], [156543.87114427844, 517200.51237158035], [156577.67409636866, 517187.4700330092], [156618.2674732553, 517224.55363243865], [156613.40307514239, 517212.27490937983], [156543.0198829391, 517128.9594686452], [156426.3261850515, 517090.31340200006], [155578.34230655406, 517091.90111128613], [155491.67218137288, 517107.76456819696], [155431.0572059363, 517154.49286556494], [155420.0500646162, 517248.5447195955], [155448.40255886054, 517288.2752804164], [155497.40346767078, 517310.82952092495], [155486.58796396077, 517283.02840163984], [155502.81189889193, 517224.4838159099], [155560.62718611403, 517193.6658473325], [156354.17613256682, 517189.34149957745], [156484.5739469172, 517210.6428676472], [156539.8163563126, 517300.6557334778], [156582.8414680828, 517509.5727877504], [156664.36622296993, 517619.205918314], [156723.69571634306, 517828.8113734652], [156774.88797228457, 517901.1459516771], [156949.65211128548, 517986.59216483904], [156986.05175250798, 518134.86736144876], [157045.0414883667, 518212.3670383814], [157094.58208048966, 518237.1648382467], [157114.58721121732, 518319.4035167576], [157303.5496591116, 518389.21188026137], [157353.30619486998, 518466.6416998617], [157467.78622061491, 518568.0026667509], [157506.52069908855, 518637.9493118282], [157608.26085921354, 518748.7916684758], [157731.6654125296, 518803.464506209], [157823.10218568982, 518997.03050603624], [157902.5982998166, 519039.5250183374], [157948.62236428948, 519106.5008093711], [157969.81500498566, 519186.60842590604], [158043.7286633004, 519220.3285481661], [158071.453446475, 519280.35468155507], [158149.36982506968, 519334.7539791223], [158293.3971605789, 519503.8059654522], [158319.54440126114, 519576.73703098955], [158286.11935025064, 519691.9422715331], [158372.13078830333, 519737.9811135667], [158388.05662003928, 519764.06905053055], [158336.18102845945, 519849.72652286233], [158537.65195646873, 520043.7445825609], [158622.73592951667, 520289.42986743996], [158594.87293482642, 520391.53340173484], [158625.88333988743, 520483.1308515479], [158584.03491743462, 520548.08916820266], [158649.83886560268, 520596.8927612067], [158639.1527312797, 520665.1701146983], [158660.64952538157, 520728.33089631255], [158611.33919657636, 520796.3384171571], [158604.36639802196, 520939.88552939787], [158511.37675501886, 521036.7366044277], [158481.1624466883, 521094.10046548425], [158473.78467439592, 521193.980573807], [158522.7866441034, 521244.9878560695], [158694.2836962524, 521314.61724850175], [158729.91848900577, 521296.8699897658], [158769.59516795125, 521227.2680157339], [158831.37167192594, 521235.76207892137], [158871.2599966649, 521265.71644923324], [158878.85140404917, 521358.0220118821], [158977.68923773416, 521420.6150512405], [159033.8487492787, 521506.30687685387], [159125.5074715602, 521534.4964180258], [159228.30078440087, 521534.1699770106], [159324.1236411272, 521615.2002893615], [159495.07670840767, 521569.4378575835], [159638.13737238126, 521604.8865452539], [159713.1103372142, 521666.30330093094], [159746.20770772442, 521721.6311954249], [159802.3686682108, 521745.19502766355], [160021.81364653914, 521774.96207890037], [160088.09855216014, 521749.6592208021], [160235.68980479115, 521765.03095392097], [160272.0377090482, 521782.7535392421], [160269.63974468032, 521834.0808439842], [160295.69794686534, 521844.1870986221], [160395.9170999775, 521782.8732458531], [160765.93477790582, 521797.8234605473], [160914.88352811072, 521858.2890407893], [161065.03867309535, 521862.0895383717], [161165.66353222542, 521901.9073130889], [161418.29086181498, 521920.25038635], [161567.75885802764, 521957.6635543471], [161733.3298198129, 522042.1701526621], [161937.9616045087, 521993.8693321424], [161975.04882047005, 522015.71740376524], [162014.39437487238, 522149.1204745253], [162096.49112955303, 522171.2373145727], [162103.56985961366, 522152.980766832], [162122.17240801296, 522177.49263272306], [162164.4228991308, 522160.0438345032], [162199.9969226007, 522097.54211919545]]]}}, {"type": "Feature", "properties": {"rule": "mudflat_perimeter", "coast_clear_m": 30.0, "inset_ratio": 0.1, "site": "incheon", "lat": 37.4308576, "lon": 126.417128}, "geometry": {"type": "Polygon", "coordinates": [[[157673.31573278812, 570467.951911628], [157619.9791047087, 570414.8099289055], [157619.09666126233, 570340.5370398108], [157555.55702583518, 570185.6716689821], [157480.73799500975, 570095.0689209579], [157371.57694517547, 569758.4697952974], [157319.24354632045, 569658.3469641205], [157308.42735674523, 569583.8620979211], [157264.99287635754, 569530.9317215213], [157264.11016117944, 569456.6590616372], [157221.15056485025, 569381.4877797212], [157220.14034675338, 569081.9505704602], [157154.44280409772, 568679.7770036405], [157209.08503950248, 568554.6872332328], [157216.5915253528, 568435.8413259366], [157324.37050115468, 568257.6330501928], [157371.25437037114, 568033.3722064577], [157427.7071347355, 567940.5724431725], [157530.02753380963, 567786.7485344984], [157582.7481271497, 567753.122196886], [157659.74152069286, 567626.2589756679], [157735.5994816652, 567551.124192437], [157808.12464577047, 567517.9204591324], [157836.91681246363, 567444.2810247855], [157940.0671116685, 567367.2285821531], [158054.54401797993, 567223.6642269101], [158129.85174504362, 567175.7689365448], [158202.35832667426, 567026.3081574466], [158095.27441295935, 566823.5113714344], [157984.08512001898, 566697.3814575961], [157920.48969457237, 566545.0158506321], [157893.9508596763, 566395.9413926168], [157848.57042928858, 566318.4686987741], [157791.0195595523, 566114.229617247], [157762.3565817524, 565717.59659127], [157804.271308918, 565493.2289793353], [157734.63042982013, 565392.7376091895], [157718.04644347783, 565241.3757253591], [157775.0011589984, 564893.5723018075], [157759.30118588917, 564816.4832177607], [157615.1054799743, 564612.8962045743], [157557.14318438055, 564312.143873217], [157572.15208503843, 564188.7076219014], [157555.87080558384, 564138.8576435113], [157592.70332891642, 564038.388066588], [157589.01627313762, 563862.5501775831], [157620.30621682003, 563788.9636878504], [157643.7202002275, 563618.7041156968], [157863.59198194172, 563294.1263267422], [158015.28299949714, 563146.3534396503], [158130.38082328622, 563089.3049993922], [158254.72485330593, 563064.7054313141], [158504.54979725138, 563075.0337847273], [158579.5368996217, 563042.1311020731], [158700.9611143911, 563037.2203493869], [158709.4508923418, 562987.8985733737], [158833.66778841152, 562852.039750263], [158845.4194045085, 562765.5353051119], [158879.14576870858, 562692.0002844664], [158896.70609478912, 562566.1173880196], [158874.07621413254, 562466.629071099], [158883.64311708935, 562365.3272580442], [158795.39542014923, 562323.9431534995], [158619.10320091038, 562347.4354445505], [158538.24224457837, 562308.4590591524], [158497.53471827274, 562243.3373901885], [158422.70223405928, 562268.9932576776], [158381.4192490823, 562230.8608440652], [158196.1990422918, 561976.8975691654], [158126.96607290808, 561624.1522322241], [158164.77330780987, 561476.450204986], [158207.95844368538, 561425.3680468786], [158285.90224140452, 561253.77035805], [158295.65962022202, 561144.9723285993], [158341.09937102522, 561103.9387297562], [158385.78222226558, 560981.1344788882], [158426.31059201848, 560707.2332366144], [158414.13165304958, 560580.7165816878], [158426.67079669845, 560457.2269840044], [158484.86258061105, 560282.7076226723], [158475.18246073474, 560156.2442986767], [158527.29931420455, 560033.5982487218], [158509.68845137817, 559931.7171529894], [158535.4831692227, 559882.7641862647], [158607.31230488638, 559841.1355886442], [158542.8234389985, 559798.0441758933], [158620.12572755743, 559788.6363380763], [158670.8915498875, 559743.8856945743], [158683.05609672677, 559686.8565061631], [158658.63003605843, 559629.439419573], [158620.08788941556, 559696.6975011126], [158496.9490261824, 559703.1083761944], [158372.39343874363, 559851.8413035827], [158320.9560742851, 559888.069952947], [158333.28783695036, 560005.8820958828], [158259.66010435412, 560189.0135701174], [158130.0528868045, 560193.0348878127], [158101.62941960362, 560221.1436323739], [158093.57224700204, 560296.4583640363], [158057.44508499833, 560333.3573863906], [158071.5484392026, 560339.9085917677], [158106.3285796404, 560334.7941487714], [158132.12408176265, 560246.6212975904], [158228.13530717825, 560246.5424400866], [158171.11858204863, 560335.1384896531], [158191.6032268029, 560470.4546983644], [158147.72935047868, 560635.0673721872], [158109.8760072557, 560664.3041439243], [157836.43463205866, 560740.8234172574], [157831.67230305716, 560757.0776998064], [157868.5075817523, 560802.9091524244], [157934.03249781267, 560819.828791486], [158146.52395277197, 560757.8190261594], [158210.3877397194, 560716.6703814777], [158240.68352770948, 560673.1150533956], [158287.62995039893, 560509.5733145927], [158276.25977218724, 560357.152464192], [158370.75750724674, 560197.7496913876], [158386.94258462486, 560255.8692011253], [158326.9623798121, 560445.1300128126], [158313.7149086571, 560578.5758912354], [158326.10658963997, 560695.1124864249], [158274.64842275812, 560973.1426760736], [158283.0992082872, 561009.430338845], [158227.92147653474, 561170.8260545954], [158192.9925911212, 561206.1415627789], [158048.0442864189, 561495.6567460254], [158026.5493347289, 561622.0112503349], [158035.7752369552, 561742.8916499986], [158108.80796225675, 562026.4041772124], [158235.32399868034, 562185.6400321391], [158275.87851774265, 562264.5324123669], [158357.02309138607, 562344.9824366949], [158401.0023849033, 562367.0606919085], [158493.89676472545, 562373.6258717392], [158634.66386415667, 562434.1076217593], [158802.0025473317, 562423.8123792193], [158813.85458156653, 562521.0167447252], [158775.28458342084, 562767.2774215853], [158730.54535459477, 562873.0120445492], [158658.39010569532, 562928.5588640174], [158478.95884638713, 562997.6630451184], [158282.32153283246, 562966.8971719043], [158032.9433204157, 563082.704654079], [157958.4125652012, 563063.7234738071], [157788.12279937317, 563227.8503311448], [157550.2838561317, 563581.856392402], [157522.30925655944, 563762.7615805345], [157489.22826305192, 563851.1283496586], [157492.4244490184, 564020.4954163925], [157459.1539754932, 564100.5307649144], [157463.87754343433, 564224.0715818662], [157396.82373513217, 564198.4039909572], [157407.14806041005, 564461.9558419883], [157453.8614532799, 564538.7400767772], [157464.67944484475, 564608.8572956546], [157535.32399818697, 564726.9809974801], [157661.04730956466, 564813.9594413369], [157703.51264686463, 564914.2707613311], [157690.3452147334, 564953.6453942481], [157621.26113072154, 564985.0696635208], [157606.9971835269, 565009.1324724236], [157570.4727754466, 565224.8686352097], [157580.68845658776, 565413.0732100445], [157677.7866529269, 565770.7446821603], [157624.77002476892, 565771.6394870598], [157540.2594952125, 565713.4933735678], [157516.05177505882, 565613.8683565647], [157418.44299600486, 565803.5115557996], [157431.97376931555, 565806.5264700678], [157468.21705696746, 565747.846008219], [157512.48978779913, 565729.8312681781], [157682.80141702853, 565824.934492987], [157733.047487267, 566240.1236198234], [157873.27959618485, 566711.5392624725], [157950.97698611644, 566832.0544355585], [158146.82978259242, 567019.5406459193], [158154.3173241507, 567051.3722748787], [158100.35445539438, 567119.378700804], [157887.86190588181, 567275.8129142589], [157781.0829118471, 567417.7190418321], [157604.71933853842, 567520.6848135716], [157262.23307152008, 567853.0317660967], [157130.69130758193, 568097.6484922982], [157053.9470307407, 568341.984008978], [157016.976574122, 568537.2476054305], [157033.5897360896, 568849.2239025354], [157056.148340089, 568927.0580653872], [157125.3303273161, 568987.4765086046], [157148.60454681632, 569055.7789251835], [157133.06872942008, 569318.272049334], [157213.73610388036, 569673.9413799644], [157331.18560682872, 569991.7554254638], [157530.02727505213, 570385.940212077], [157533.2506905959, 570444.2428950936], [157654.0252758391, 570660.9521852409], [157989.90676935326, 571049.7065732962], [158129.76436350908, 571111.6799837968], [158155.40628315054, 571380.6088842454], [158132.76471926036, 571577.3262284354], [158172.3622849302, 571770.7105168104], [158265.2063628742, 572006.6194844302], [158339.01414901746, 571916.2398938995], [158354.26404492476, 571856.0750733307], [158239.97799792932, 571526.8647913455], [158229.38532014453, 571326.3770427657], [158248.30772394352, 571252.5271098051], [158180.80498001433, 571050.5732604272], [158052.281059234, 570924.0706235172], [157941.8359702833, 570763.2028104876], [157866.54224565724, 570694.8405076294], [157779.79412156885, 570467.7256570895], [157673.31573278812, 570467.951911628]]]}}, {"type": "Feature", "properties": {"rule": "mudflat_perimeter", "coast_clear_m": 30.0, "inset_ratio": 0.1, "site": "incheon", "lat": 37.4308576, "lon": 126.417128}, "geometry": {"type": "Polygon", "coordinates": [[[157892.44452006114, 520096.67041210324], [157898.13328589543, 519936.7836041747], [157834.34811557163, 519899.8711535466], [157717.90299404896, 519921.7855525115], [157645.69724808168, 520064.60925825767], [157672.15354954204, 520122.3037877737], [157651.92435844673, 520175.27708419843], [157657.51978874, 520222.1473560149], [157851.63438474174, 520328.380703141], [157837.3792402361, 520473.0858100815], [157871.3045323477, 520519.93020717445], [157921.07217513968, 520533.98285982246], [157977.6291711972, 520508.86492483114], [158040.7772062897, 520357.50549659505], [158006.78277322496, 520205.09242342843], [157923.08701719638, 520158.4615888513], [157892.44452006114, 520096.67041210324]]]}}, {"type": "Feature", "properties": {"rule": "mudflat_perimeter", "coast_clear_m": 30.0, "inset_ratio": 0.1, "site": "incheon", "lat": 37.4308576, "lon": 126.417128}, "geometry": {"type": "Polygon", "coordinates": [[[158344.37515812294, 513223.3788517935], [158316.6409494958, 513335.83233116876], [158363.51520924547, 513441.8306905221], [158464.2132627696, 513499.12790391245], [158581.13378528034, 513488.31912353856], [158586.25760433142, 513603.85120996676], [158661.96046112204, 513687.6514750643], [158752.72764281544, 513704.84533388953], [158828.26434522585, 513667.83881194546], [158865.24432753984, 513577.13230923], [158839.84349329685, 513472.2266727822], [158844.78795148287, 513374.65145566943], [158654.49724881488, 513016.2929583351], [158560.81862684016, 512965.3333249865], [158476.42426936745, 512980.4047619581], [158420.57349746698, 513041.7501848866], [158385.39042533463, 513162.73693502083], [158344.37515812294, 513223.3788517935]]]}}, {"type": "Feature", "properties": {"rule": "mudflat_perimeter", "coast_clear_m": 30.0, "inset_ratio": 0.1, "site": "incheon", "lat": 37.4308576, "lon": 126.417128}, "geometry": {"type": "Polygon", "coordinates": [[[159355.43358323065, 515009.6610473989], [159316.6652695157, 514989.52954120055], [159322.86381728406, 514952.7779733148], [159426.71994603527, 514928.5773983788], [159450.83640380073, 514853.71933980397], [159431.47529359194, 514768.7009294067], [159355.5146602892, 514690.9366060051], [159245.87635043668, 514662.48701347], [159095.61954947532, 514453.44105159555], [159091.9987363598, 514325.2605301641], [159043.00481104632, 514249.99993742676], [158990.8805787625, 514223.71535358723], [158922.82483425015, 514220.1441389328], [158829.11154569616, 514253.6315817163], [158788.53118063402, 514295.253006234], [158758.95806844655, 514370.47715769714], [158795.74850431227, 514720.4761354603], [158859.928272046, 514819.9754098751], [158887.8442228743, 514935.9662069724], [158942.8204413547, 514910.5784186528], [158978.1694232198, 514961.4055502785], [158977.4335294905, 515047.48629242135], [159022.07793501538, 515099.8671006145], [158995.9168581784, 515183.1870342437], [159015.8805171654, 515189.74628756463], [158989.78972438083, 515239.61478289886], [159052.87237286475, 515312.77050287294], [159047.6877977638, 515378.7721888406], [159070.66538028893, 515447.4066541797], [159133.73919106845, 515502.0159381929], [159208.30055833003, 515514.5188740844], [159272.83193939016, 515492.4105012061], [159369.86106720913, 515393.3920390538], [159428.95171726408, 515292.691758259], [159439.73297378302, 515196.02075393137], [159346.11053075537, 515032.3546573749], [159355.43358323065, 515009.6610473989]]]}}, {"type": "Feature", "properties": {"rule": "mudflat_perimeter", "coast_clear_m": 30.0, "inset_ratio": 0.1, "site": "incheon", "lat": 37.4308576, "lon": 126.417128}, "geometry": {"type": "Polygon", "coordinates": [[[160718.3316972192, 556883.4267194407], [160681.47533500395, 556766.4676373731], [160706.54601876973, 556653.1409562824], [160698.633482643, 556608.3843632541], [160812.3169451169, 556377.969547672], [160849.42507450996, 556355.6497513372], [160883.27535647777, 556370.3542811305], [161131.41766148413, 555821.5037147438], [161244.3863917395, 555734.5220181115], [161261.55453114436, 555686.7468324158], [161363.99161665072, 555580.4236902554], [161477.92852358607, 555384.2067178858], [161498.15650027813, 555268.8928043005], [161749.1898531661, 555184.1549922726], [161833.06941700197, 555097.3834492039], [161850.71881700042, 555008.7126586381], [161817.82329496113, 554911.7166563447], [161858.09096628535, 554764.5189237026], [161851.07652740218, 554603.781610866], [161865.14527598518, 554556.9845541302], [161964.94933203017, 554517.7427461335], [162101.58191255992, 554494.862219631], [162215.38929819252, 554421.4868056381], [162254.6039251251, 554360.184544201], [162280.8234830199, 554241.42441225], [162364.9581988285, 554213.0324717681], [162431.5035439776, 554111.2375487245], [162530.10308296987, 554013.2986556467], [162568.60005027318, 553871.0145627639], [162699.9300251886, 553640.0997825805], [162830.97615040766, 553552.1431190415], [162954.5864885903, 553255.2743855454], [162991.97295398198, 553048.8210858454], [163103.2988790283, 552805.78595212], [163236.31483620757, 552631.5631345916], [163252.54924306757, 552433.8700097451], [163323.07067927334, 552275.717329667], [163346.91109974778, 552080.0466658495], [163385.30255851703, 552000.3562488494], [163570.93253771367, 551887.2634134322], [163641.71458276358, 551812.5373176431], [163688.6319292046, 551708.2197417296], [163732.64956295144, 551692.4003462315], [163666.20837123005, 551682.0472551889], [163787.98152604143, 551533.3006661724], [163744.17864010675, 551477.7871856076], [163685.38426456825, 551453.2355612474], [163733.63730150068, 551283.3491642155], [163816.40692984476, 551154.1735285212], [163891.61470492583, 551082.5771893921], [163934.0158025317, 550991.3266064633], [163993.81428538877, 550949.1216582679], [164038.75611628176, 550881.9141152242], [164084.406582619, 550938.3859718874], [164157.07622965422, 550959.3161354064], [164225.866605886, 550944.2363626291], [164291.1095137419, 550885.4147905948], [164363.08880106904, 550701.134452351], [164401.4893584497, 550672.4831407901], [164441.3210940666, 550602.5904710925], [164449.25085683304, 550401.3969339352], [164464.77470961717, 550346.6014341862], [164524.16870131486, 550284.1793413226], [164534.3017683821, 550215.0611283337], [164943.88875397854, 550361.5777031976], [164448.09056567017, 550162.2591992842], [164471.24195491325, 550086.9266215326], [164754.0231980411, 550191.661735205], [164744.33291571584, 550125.7004068254], [164775.86859336382, 550065.8962463308], [164868.3143192149, 550102.9094101078], [164824.11328221386, 550219.3971763591], [164953.1483130718, 550261.0504455727], [165163.87623325502, 550291.2501778621], [165097.0706211942, 548914.1480466073], [165025.77726378385, 548941.0922539274], [164993.9304842973, 549011.0583728075], [165057.71108618611, 550177.9172333395], [164955.00535347985, 550157.4376340747], [164968.32813327428, 550093.6713309082], [164947.18597623348, 550040.7212534448], [164802.76329720384, 549969.1244528404], [164717.47750256438, 549983.6243724459], [164671.7288329904, 550053.7792393495], [164523.3708559216, 549998.1195964491], [164446.27079020895, 550017.2544269298], [164378.13580329024, 549863.5459161166], [164463.64658426173, 549679.2368817624], [164480.71557530266, 549484.2372187307], [164523.0362825098, 549420.9386267894], [164519.26432531216, 549362.748620177], [164483.63706719602, 549316.356139073], [164385.7023188247, 549445.9643822518], [164366.7369854286, 549652.8430422539], [164276.96832692745, 549854.324849114], [164335.07057525316, 549989.3211961205], [164357.66834010714, 550110.4364016205], [164435.26690794143, 550231.3464935842], [164375.88909158227, 550281.2124891445], [164347.3729977771, 550407.1159960175], [164346.2269699883, 550570.2607220095], [164324.56922634723, 550607.8967770023], [164273.73189614594, 550629.4422101206], [164222.23179426443, 550808.4858318252], [164181.50779819276, 550854.1230934062], [164139.11740830683, 550853.2213481178], [164103.66729396052, 550650.9515134834], [164078.6251718232, 550622.1665418887], [164045.96873090338, 550623.347000123], [163997.00464344004, 550683.1851264377], [163943.09707778876, 550849.0512643202], [163859.4238972016, 550921.5269231974], [163812.2410777288, 551021.0310082304], [163731.78177436636, 551090.074629606], [163705.88335447732, 551161.9667066045], [163637.7505573673, 551250.586627381], [163563.23425750493, 551514.021358667], [163583.38454074197, 551563.578802349], [163673.0478490764, 551552.9231583549], [163697.7034509535, 551595.5544427164], [163620.91996674484, 551605.3805966048], [163551.27291310573, 551765.5359959772], [163290.83762712122, 551955.4466711886], [163249.69384839054, 552052.0160383413], [163228.42093098682, 552242.1088447368], [163156.77508481598, 552401.8149386604], [163141.3215324497, 552598.9383380226], [163017.45044460517, 552753.2513639096], [162903.53264428992, 553000.0951703129], [162859.0054038267, 553224.4140332238], [162793.97361136664, 553354.1644043725], [162771.02457796808, 553467.6843959591], [162626.4306710076, 553569.2391386774], [162558.0622958481, 553668.5411587965], [162480.6002273423, 553820.6533259375], [162426.72742481873, 553986.2686110535], [162359.31642817127, 554040.587463702], [162298.9719504852, 554137.3098190175], [162197.8285539444, 554157.6582853751], [162146.05248834135, 554348.8196747627], [162068.1102453105, 554400.1640010546], [161943.1745180525, 554418.7557015326], [161793.5031390773, 554477.6986249989], [161749.90289213415, 554596.0285373081], [161761.68475582043, 554727.4134418761], [161715.38079624827, 554910.346466576], [161750.56669949216, 555016.3059760036], [161730.40104110926, 555076.771521402], [161476.77390716356, 555164.1274038329], [161401.43367901136, 555218.0269630763], [161391.05720522895, 555331.8136538289], [161288.51048294487, 555511.2673827399], [161175.27823885926, 555633.3644314404], [161141.77193509685, 555713.5312656037], [161073.59207151682, 555764.7859570842], [161070.01594338118, 555847.137067763], [161006.58249810248, 555932.604411998], [160980.03585170093, 556074.7672319193], [160906.00787129253, 556206.5431511896], [160830.38028563777, 556273.9369528551], [160669.64243516218, 556479.7771238922], [160588.82984375817, 556696.6950188237], [160617.1499835469, 556953.1897096593], [160589.1378937373, 557024.0974873209], [160493.58970303298, 557093.566847434], [160472.90254813377, 557131.628709965], [160533.90572600556, 557253.4358449135], [160458.7032460099, 557424.0948547284], [160456.5448217583, 557618.9362161327], [160415.24616293318, 557722.688108598], [160459.50776993553, 557883.6412109144], [160450.68948004954, 557924.9559938797], [160331.48972616752, 558046.9244113647], [160305.5301499192, 558114.6256534193], [160286.95808333816, 558271.2397953625], [160204.24426779576, 558390.6725975795], [160157.28396537117, 558512.2422540054], [160054.40547462457, 558613.3065416187], [159971.66177159274, 558765.3030147776], [159854.07627298718, 558886.3050244532], [159803.31989813983, 559060.9841939844], [159700.2781412024, 559133.0429633742], [159683.06173919945, 559360.1898402937], [159656.47347734403, 559446.3784535831], [159602.7044314003, 559529.2376052238], [159526.45808538148, 559854.3823928323], [159368.00646155648, 560086.2692515], [159317.75975046586, 560119.7003037815], [159248.3680796332, 560123.2214982272], [159277.02048185846, 560173.3351995132], [159270.9456893996, 560225.208779975], [159126.71248402732, 560370.6431747644], [159081.97654333853, 560495.9469347942], [159070.8504299582, 560668.9698772255], [159104.75241944465, 560704.4445975694], [159123.13477382885, 560771.5903733971], [159020.45085082334, 560942.6614373303], [158947.72538780345, 561218.3771877665], [158813.96505510222, 561453.0391214284], [158808.53039537324, 561530.9594795157], [159004.96096846196, 561319.683027653], [159110.06854814198, 560989.3591938346], [159218.8825586984, 560801.92956921], [159220.80617818824, 560721.3324688222], [159174.23716489077, 560629.4488520249], [159180.54805547648, 560518.2140886928], [159218.7302684988, 560412.5484600167], [159347.79390132756, 560289.8807014979], [159379.20090166392, 560193.585801498], [159469.1423706607, 560125.4374143245], [159618.565783837, 559894.4358195924], [159700.22458635469, 559561.4322947457], [159746.89110672247, 559490.1135356978], [159780.59812385446, 559384.1639675652], [159789.60355597676, 559190.764009901], [159884.62187307782, 559119.9595615643], [159925.01317147058, 559041.8900094795], [159950.28976469685, 558927.2111171198], [160033.58671224426, 558848.5081548933], [160122.27560079424, 558691.6895061311], [160243.36164785895, 558563.9987771453], [160295.47782624295, 558435.2366579385], [160382.08714681456, 558303.4665915436], [160420.1700691299, 558094.3523505529], [160487.88776856282, 558043.7631418428], [160543.1607172074, 557964.162822475], [160559.60031332145, 557875.2992765742], [160515.54366942012, 557730.4254804845], [160555.22390850773, 557637.659008347], [160556.86379288515, 557447.9369592733], [160634.3225984224, 557255.5705214735], [160594.93453906334, 557140.8886307896], [160678.16146649802, 557070.6045685335], [160714.8284372807, 556976.5782706705], [160718.3316972192, 556883.4267194407]]]}}, {"type": "Feature", "properties": {"rule": "mudflat_perimeter", "coast_clear_m": 30.0, "inset_ratio": 0.1, "site": "incheon", "lat": 37.4308576, "lon": 126.417128}, "geometry": {"type": "Polygon", "coordinates": [[[159822.83289472148, 560139.4203016912], [159940.5269977085, 559957.1741981459], [160056.32280766527, 559696.5468494432], [160266.3560036071, 559327.524948963], [160296.54025163726, 559189.3316810491], [160179.89276695624, 558990.4378868253], [160190.69542964065, 558980.4117958909], [160149.01915681126, 559013.7142204427], [160130.91284128453, 559059.041284445], [160136.31152666305, 559107.5514440943], [160191.3797117163, 559205.1663378347], [160158.82968180702, 559326.6161090892], [159968.21570393903, 559648.3260719405], [159743.28565636184, 560097.8332544477], [159738.01157420836, 560126.8497581678], [159822.83289472148, 560139.4203016912]]]}}, {"type": "Feature", "properties": {"rule": "mudflat_perimeter", "coast_clear_m": 30.0, "inset_ratio": 0.1, "site": "incheon", "lat": 37.4308576, "lon": 126.417128}, "geometry": {"type": "Polygon", "coordinates": [[[162339.76985975122, 549222.0597104753], [162320.02734795096, 549179.8711270015], [162236.98189245284, 549113.782479844], [162183.2350523209, 549017.6167997484], [162296.51796275857, 548889.0640300387], [162381.77743617672, 548854.3737401976], [162435.7449320128, 548745.329136623], [162477.50819304743, 548727.7631001482], [162529.11406859593, 548754.162496438], [162506.14596446775, 548690.0167752386], [162447.9951450996, 548655.4007237955], [162357.4622692215, 548683.1623302307], [162300.36950720023, 548781.2002803768], [162207.30278246937, 548834.8987410736], [162111.14652756127, 548940.2106202771], [162084.60416811777, 548998.6417163148], [162101.6814725532, 549099.575424871], [162271.79224066852, 549296.7738534291], [162354.64594962128, 549323.7025978896], [162428.0022680515, 549279.0326023342], [162339.76985975122, 549222.0597104753]]]}}, {"type": "Feature", "properties": {"rule": "mudflat_perimeter", "coast_clear_m": 30.0, "inset_ratio": 0.1, "site": "incheon", "lat": 37.4308576, "lon": 126.417128}, "geometry": {"type": "Polygon", "coordinates": [[[163661.34180045952, 528472.8773294694], [163656.59486292268, 528495.0504670386], [163682.3729352369, 528521.8482115038], [163860.2384010567, 528586.3691730355], [163916.5712542559, 528663.8177279715], [163932.8374438589, 528735.9799327828], [164015.04145101187, 528743.783743612], [164065.81346960075, 528773.1734292326], [164076.17456188466, 528843.9606042791], [164044.99996150867, 528885.3034647786], [164048.22659745064, 528919.6243817701], [164087.8366433761, 528920.1428605954], [164163.24029526842, 528840.429087286], [164245.05521188985, 528897.4159066608], [164252.34869350347, 528926.0099517464], [164212.62238864656, 529003.4674147826], [164345.03745836354, 529091.9226836166], [164498.24701841816, 529076.6660508518], [164594.758134979, 529123.7134260137], [164649.9701428923, 529130.1331875628], [164743.24971559807, 529081.8548670656], [164825.62828892755, 529112.6017038019], [164910.69538415645, 529094.4330805487], [164990.58671617345, 529164.9741512854], [165025.12063525128, 529167.7369555634], [165065.07718033233, 529116.0791249783], [165064.71566022147, 528962.1531634299], [165115.8139077493, 528789.4716263714], [165110.12039596858, 528716.5016131981], [165127.3234291152, 528681.3319084689], [165156.94997933746, 528713.8368818441], [165223.84073192207, 528915.5192690619], [165216.83959029953, 528997.814868154], [165167.86878046213, 529100.8484681005], [165318.65678774368, 529168.0470296753], [165368.99587256293, 529256.5262937217], [165393.36844362496, 529249.8231709833], [165410.38031147834, 529193.6165446347], [165445.1101363408, 529170.7251529598], [165775.87456548965, 529141.414880405], [165925.4138372243, 529174.0844015538], [166050.0853249983, 529105.5938804689], [166184.6023072875, 529178.9173240942], [166350.87546276022, 529152.8427121], [166483.49992431438, 529252.8158825407], [166616.290338586, 529242.0334113126], [166648.59326863702, 529326.7246731975], [166633.16332134744, 529373.5269245225], [166439.3306638278, 529518.3091283333], [166336.52861802973, 529518.8820297421], [166222.25176289165, 529563.9655900607], [166071.58502011545, 529584.5262097006], [166013.58821240492, 529693.150657342], [165931.89435522576, 529708.0778661064], [165779.33266515483, 529818.1056646171], [165693.3442525265, 529832.7232093188], [165668.73656865658, 529874.7835356124], [165704.56166133238, 529925.780807236], [165698.9171566004, 529942.9126576678], [165595.16146318294, 530051.2237238789], [165448.73748416186, 530119.3777776427], [165394.3964746966, 530197.2329415588], [165291.6219165102, 530195.055841936], [165228.93108854236, 530417.7456500453], [165252.50415769676, 530548.6302567935], [165221.51472188006, 530798.4311666486], [165203.74185869965, 530829.682139406], [165110.86510340046, 530889.5317132694], [165054.73066431354, 530988.6003679475], [165005.94573600788, 530990.0669053745], [164879.8711703833, 530907.2020435553], [164797.27032392175, 531002.2141720945], [164639.98195987058, 531058.1940947768], [164490.51914099668, 531037.0885741271], [164410.45518931752, 531061.206696172], [164393.45673884288, 531118.6009160401], [164407.892660403, 531182.1615906898], [164554.54148497642, 531350.8126553531], [164677.05991882502, 531387.6299332352], [164767.49488580803, 531463.3018395569], [164815.1217385113, 531574.0069271362], [164771.18887432967, 531660.6453716734], [164694.4694324222, 531682.5214754089], [164601.3790751805, 531669.4855925394], [164523.58740377883, 531555.3910548064], [164365.15552376286, 531492.0608241612], [164133.92125013965, 531498.333814467], [164096.59516111063, 531475.3381379272], [164026.42784327467, 531373.8438817606], [163994.3731077352, 531358.8902535959], [163963.61301217796, 531390.3267487992], [163972.26934094485, 531509.4565689426], [164020.82662177188, 531576.2401897184], [164128.02782184948, 531544.2592083287], [164158.4733040842, 531596.3457483961], [164145.60538017232, 531644.6392297791], [164042.40707501257, 531694.7063465407], [164022.8427556646, 531752.7491678636], [163806.47037210735, 531700.707578017], [163656.41381735925, 531708.0285819334], [163546.71284044726, 531610.9471922759], [163398.42534827508, 531534.0498022803], [163317.73982513184, 531370.7036626204], [163287.61971581768, 531348.8920934557], [163238.04598342002, 531376.2654922609], [163168.99957150646, 531501.748959946], [163168.25275496027, 531614.4285138826], [163222.25418900425, 531656.5758023842], [163116.74837102593, 531671.2475651226], [163067.15665603906, 531653.2892962957], [162887.7422892872, 531843.7040723715], [162940.88516055502, 531903.1310532307], [163053.28910839523, 531873.4640188033], [163042.08981178698, 531967.5456858041], [163063.79317549313, 532028.8066761845], [162907.6714573238, 532228.6997881093], [162752.2322044664, 532281.3158024955], [162649.03255703842, 532520.4889982676], [162698.1000919718, 532687.0402261668], [162847.37779423932, 532840.9489027516], [162901.43233201184, 532833.4845928929], [162943.57551478708, 532768.6233102953], [163024.60073504076, 532730.8377917794], [163097.21532904165, 532623.9317347825], [163194.23675411366, 532605.5491327521], [163251.08116035388, 532530.4984412241], [163439.61103630872, 532506.8670970129], [163582.24162386238, 532540.2672448057], [163662.6804377332, 532494.4686653495], [163901.49855534907, 532584.1768573882], [164070.6721998466, 532512.4284789644], [164108.5840822037, 532522.9827366312], [164131.93509449193, 532569.543683801], [164125.26882199716, 532604.2799516458], [164049.26269676676, 532634.9448222734], [164024.95503298604, 532623.1554036036], [163948.1991976229, 532645.280402919], [163906.14059124244, 532706.143509208], [163859.53048942477, 532734.0328369853], [163722.18833596603, 532761.4990944824], [163577.47464113546, 532765.5574892813], [163483.91405030282, 532711.6957253518], [163451.59196567477, 532716.8236723406], [163345.43594531837, 532792.7667152748], [163268.8756744433, 532807.1451089921], [163233.64709488687, 532856.1521026097], [163200.1221190868, 532965.0430667325], [163140.651613693, 533025.193001704], [163129.36472694657, 533169.8233799149], [163147.31854395242, 533268.726603412], [163104.4572795565, 533383.4824217513], [163171.98477248102, 533415.5878743218], [163258.73904824824, 533409.2231540517], [163288.0585543027, 533453.2228124345], [163296.2638008928, 533562.4357079577], [163230.7340576565, 533676.2110632497], [163264.35798417407, 533826.7470155285], [163245.8520043635, 533986.1785258681], [163295.72238253918, 533991.1735654137], [163364.96437618017, 533949.9509905223], [163499.70260771728, 533952.8073398792], [163572.1102646443, 533886.6499962292], [163657.83687140528, 533858.9340912264], [163705.38697466752, 533864.4735203518], [163943.7386271658, 533991.4460691394], [163978.1951867229, 533983.468576452], [164010.30985840136, 534023.9228576268], [164018.62302218692, 534099.8811540441], [163915.20686376197, 534201.6963782349], [163865.47936984058, 534190.1412819759], [163838.0356926425, 534121.0544198693], [163779.46144550366, 534076.2625957043], [163666.60615223515, 534143.6719166625], [163612.36066322034, 534205.370141336], [163448.88815237867, 534147.6817720796], [163312.27175565378, 534233.4167429495], [163369.48295982397, 534349.4035502567], [163346.2374933935, 534430.0883890523], [163353.23884374197, 534472.4274152318], [163434.5174363917, 534546.5308426515], [163570.65615538118, 534729.9461414377], [163573.7362133914, 534802.0010037737], [163629.16289602002, 534916.1845897202], [163655.76123992892, 535026.6003591677], [163616.99940453598, 535242.2004186844], [163665.9538344385, 535414.0011140879], [163737.26173474995, 535523.5212054941], [163778.34286586256, 535552.074093605], [163782.6670116213, 535647.593286324], [163848.34531596204, 535616.9476845185], [163876.1881330095, 535545.2939847282], [163855.72320964435, 535485.6359573277], [163799.3192067179, 535439.0722699261], [163751.89184898202, 535360.8030882279], [163715.09111063578, 535211.7525211204], [163751.65206087378, 535071.0774460437], [163752.0648615961, 534989.254098905], [163672.23346521772, 534772.3889118055], [163655.2204374984, 534672.9568503008], [163513.70634906585, 534484.7471779861], [163452.3194718394, 534430.347378569], [163469.68821165158, 534342.5469755895], [163443.88862312684, 534268.8215618872], [163463.76851811403, 534250.810962409], [163560.3585050688, 534300.7821077554], [163628.68222602102, 534304.4746906651], [163685.4292355686, 534281.3833961367], [163763.70560578554, 534210.5928426366], [163838.5147582979, 534291.364291993], [163952.56328260544, 534294.9305086872], [164028.27144350877, 534241.386874915], [164105.96493436187, 534149.4744548781], [164120.88186936502, 534077.046712809], [164108.96075463458, 534005.0520923433], [164080.78210936574, 533940.691044722], [164041.07509695448, 533904.064906518], [163884.22888978344, 533856.4825120382], [163718.2143754148, 533764.1234805849], [163571.3635482932, 533775.503099967], [163465.66325555366, 533854.9363625908], [163365.65059933532, 533849.4901902793], [163330.95781944366, 533689.1453006769], [163394.33097777475, 533584.1367201094], [163386.9748306046, 533435.7965279032], [163369.24981405595, 533379.2997129839], [163323.86022951995, 533332.7552728219], [163243.51696462822, 533303.5730903833], [163231.65412984745, 533173.868142309], [163246.3573569611, 533060.1693036397], [163295.61049261328, 532999.6461900433], [163324.90317366362, 532898.2376613711], [163385.45872431662, 532884.8877349785], [163471.85044071803, 532830.6363083496], [163550.23456469926, 532863.7455061172], [163693.73531390718, 532863.858403407], [163914.99332626595, 532821.8917411717], [164008.5123365481, 532732.5299322319], [164078.89188837676, 532730.914693142], [164196.9593106742, 532675.9278643075], [164229.44485108147, 532616.9043430142], [164230.03678437867, 532547.9992285662], [164183.81202931408, 532456.4330477997], [164101.26119576645, 532414.1223474806], [164021.64514316813, 532419.8578411945], [163890.55077229388, 532477.798795326], [163681.2040013972, 532395.7519864184], [163619.5954508033, 532401.1920580544], [163569.37214946767, 532436.3651638647], [163415.49563615036, 532406.3785992569], [163205.5645906191, 532440.9643863088], [163145.8717621789, 532514.6419245342], [163035.68830689555, 532544.5432554178], [162950.43717196683, 532656.1782774277], [162858.0039452399, 532712.6153258656], [162784.77557050876, 532635.113730361], [162750.77333598785, 532515.7208087273], [162828.5838420429, 532359.8168336024], [162900.1570718873, 532346.777677537], [162978.41855082675, 532299.9946257266], [163156.21588586923, 532068.1277610721], [163163.51417216982, 532017.7503477169], [163107.8243861478, 532030.4273956874], [163096.7233803198, 532003.5887037946], [163113.10032340934, 531967.284763842], [163153.5546028634, 531979.5924429065], [163158.60335377193, 531860.2537318113], [163128.75831046133, 531807.1880454079], [163080.219910045, 531774.783717996], [163227.41319511586, 531763.0490697058], [163300.03010609548, 531720.1290228424], [163322.18323718457, 531646.4619287555], [163269.21656401514, 531563.0173755361], [163277.08085477553, 531526.694191867], [163353.07074960775, 531626.2579209693], [163491.16690492106, 531696.4935819664], [163574.90379829874, 531777.8124805614], [163654.26138686188, 531809.6475307727], [163799.07211043336, 531801.0129260402], [163987.52598990093, 531850.6913418821], [164058.0846232083, 531846.8029603551], [164221.6415111973, 531710.2640108359], [164253.04679960082, 531650.8686184369], [164258.700485274, 531591.5247929649], [164275.65795285234, 531590.09519238], [164336.99778349843, 531590.4393132812], [164466.2476438393, 531642.601915751], [164519.76548487376, 531734.2304095743], [164590.57000209167, 531771.4384007517], [164722.4193688551, 531780.8979643451], [164825.11923286942, 531745.3780190874], [164881.5570527599, 531686.661657695], [164914.74090089666, 531594.9918240584], [164909.56653624398, 531536.2827595618], [164865.93074770414, 531433.6112265165], [164775.925664394, 531329.7859601042], [164620.97250811892, 531270.2282590701], [164517.72123913484, 531141.9688122608], [164660.8644452976, 531156.4388244695], [164839.72719868642, 531093.2389978027], [164894.37851154958, 531043.7252702733], [165007.35550023138, 531093.0378965753], [165121.23257266742, 531063.8705565701], [165180.58434320567, 530964.3433293193], [165279.20271555064, 530896.9867614264], [165317.0515821184, 530829.4281575638], [165352.71081845954, 530560.6907930059], [165329.24205042902, 530424.8809661956], [165365.15345669593, 530303.3746064337], [165446.07072000223, 530283.3600423001], [165517.5055029059, 530194.3427862491], [165658.41053194142, 530129.2471845249], [165779.74512490488, 530003.0260562915], [165804.7228945261, 529915.2643406867], [165967.55939802597, 529806.5451896645], [166076.0577836383, 529771.7996101636], [166132.68634665845, 529672.7758208816], [166243.30989499405, 529662.1728208655], [166350.53551139153, 529618.5049389375], [166457.2495288682, 529617.1373600572], [166517.8263068466, 529589.1082288834], [166711.2432155476, 529436.7063138174], [166748.99632287925, 529329.4324045042], [166731.3060778018, 529236.5655752594], [166673.59288623618, 529159.5438777778], [166601.4741528504, 529135.1911307623], [166507.86665302984, 529148.7979678573], [166419.31752845383, 529073.5548173572], [166348.10932271834, 529049.249880223], [166194.10614000336, 529071.633212568], [166115.1152997103, 529020.5153723548], [166042.24443800948, 529005.4608409603], [165967.60417991335, 529024.1306041538], [165908.62420805366, 529071.0057027657], [165765.12607840696, 529041.514315139], [165444.32577490705, 529068.5934334378], [165382.63001521223, 529090.721887294], [165306.9257236087, 529042.2737363215], [165322.34979306383, 528895.9215655492], [165247.71608836215, 528670.8296898581], [165199.23388573513, 528607.1781500853], [165143.0536897687, 528582.1317874519], [165069.23783257374, 528598.2479181783], [165020.79651419865, 528659.8391738432], [165017.80440787182, 528767.4307196048], [164960.71281916727, 529005.3851074149], [164901.24337651144, 528994.439257432], [164834.8644047787, 529012.3352376799], [164735.1499588494, 528981.7424350174], [164637.99814655434, 529029.4174773664], [164509.45392183855, 528976.8536747368], [164376.71007600686, 528996.2620068444], [164341.04907249662, 528977.6015182306], [164349.9156112634, 528894.3965130142], [164318.1989788593, 528828.5820889291], [164226.84662086223, 528753.7042518284], [164163.39325034618, 528739.7008103821], [164086.99218452635, 528664.630024969], [164015.13402733018, 528642.5650341125], [163917.13999985612, 528503.6025543775], [163864.84953216993, 528472.1177946648], [163661.34180045952, 528472.8773294694]]]}}, {"type": "Feature", "properties": {"rule": "mudflat_perimeter", "coast_clear_m": 30.0, "inset_ratio": 0.1, "site": "incheon", "lat": 37.4308576, "lon": 126.417128}, "geometry": {"type": "Polygon", "coordinates": [[[163679.63842860414, 545055.8826590324], [163677.50508486628, 545018.2096221073], [163638.0897283607, 544971.0560377853], [163639.83751915523, 544935.6841239097], [163742.42555005063, 544898.7320638134], [163760.25329855704, 544847.9550518114], [163820.94417475013, 544777.0512402947], [163809.0584569099, 544655.7896893453], [163851.806305453, 544500.1236374181], [163888.8977358209, 544394.997257625], [163977.17189434078, 544355.4006803499], [163984.36003436032, 544264.9213108949], [163932.86079485875, 544150.6937410692], [163867.6947011461, 544124.4324576735], [163759.610165385, 544012.1906115178], [163658.48660004803, 543943.725000097], [163510.91859255175, 544104.9148228664], [163436.5759395517, 544115.2736478508], [163309.5999830472, 544242.0546168376], [163300.66051873122, 544322.6518591221], [163326.0669990661, 544488.9536164815], [163307.65234758775, 544550.3171004545], [163265.88088774175, 544597.52687586], [163289.3368342554, 544732.0661553725], [163270.38248831325, 544796.4025064905], [163187.06248190947, 544826.2520122515], [163181.66179902724, 544848.7871141112], [163190.71584340592, 544890.7013735444], [163244.37645853628, 544875.0120969914], [163344.43024025616, 544979.379871248], [163443.9008354381, 545036.9976953081], [163466.66278206598, 545087.9851585286], [163539.7237135422, 545142.74451965], [163679.63842860414, 545055.8826590324]]]}}, {"type": "Feature", "properties": {"rule": "mudflat_perimeter", "coast_clear_m": 30.0, "inset_ratio": 0.1, "site": "incheon", "lat": 37.4308576, "lon": 126.417128}, "geometry": {"type": "Polygon", "coordinates": [[[163665.59398303705, 550066.5885912362], [163738.67706314338, 549993.8873845614], [163838.84232352534, 549732.0913289108], [163811.43968750976, 549642.0016383118], [163842.03857823292, 549495.2972595306], [163826.1578950626, 549245.6904786523], [163869.18837937125, 549107.188549261], [163859.01806282657, 549071.6259085542], [163832.82830111665, 549056.8920160625], [163804.76612206476, 549067.8469806069], [163773.16920682223, 549120.0541208867], [163767.62778501998, 549256.4466944378], [163718.57385529616, 549413.1030448616], [163611.42361740657, 549506.3938966548], [163467.92365457743, 549766.7993238021], [163297.38072151406, 549934.2473288357], [163240.42933504772, 550042.7003951136], [163266.61179208697, 550134.8578787517], [163348.73989236163, 550261.3641756471], [163378.47290470093, 550295.6864973253], [163429.7966035669, 550313.3420876152], [163474.33014698807, 550306.4137600912], [163520.92474238883, 550265.0267153378], [163559.89298066683, 550114.594096502], [163665.59398303705, 550066.5885912362]]]}}, {"type": "Feature", "properties": {"rule": "mudflat_perimeter", "coast_clear_m": 30.0, "inset_ratio": 0.1, "site": "incheon", "lat": 37.4308576, "lon": 126.417128}, "geometry": {"type": "Polygon", "coordinates": [[[164592.85173377482, 527222.3410795724], [164635.02786868016, 527221.9215357128], [164653.68752947147, 527318.5149191295], [164694.9942973653, 527303.8414706459], [164659.09376127267, 527331.2064890533], [164693.3655697618, 527336.2198269275], [164738.5374997488, 527250.9899410948], [164657.5633999866, 527153.8932991794], [164638.20742691332, 527071.7274021636], [164597.36835111512, 527056.0491745676], [164505.94093782236, 527063.5520756526], [164416.3946624276, 527013.5588468309], [164317.721349252, 527146.6988952649], [164285.90652555137, 527154.4008306705], [164273.8711095686, 527038.6219131434], [164145.99459913242, 527040.1808397393], [164098.01148583036, 526941.7829067328], [164060.40167522687, 526912.5157177271], [163978.27399405645, 527049.6467830155], [164029.04132119106, 527125.6801020376], [164021.4290629631, 527166.1156944112], [163838.10203089286, 527188.8615750885], [163759.63018552295, 527237.6413788442], [163681.50704454797, 527255.7388734627], [163679.63418727586, 527313.5783194291], [163648.90892744, 527387.4019658508], [163749.28651510604, 527376.2293873286], [163779.7158997749, 527409.3290269214], [163772.4979459849, 527455.2107009178], [163709.19425034075, 527519.437666647], [163735.56791096166, 527581.3129247148], [163713.64921500158, 527640.1719353674], [163826.71498354748, 527638.3733880925], [163830.0657975897, 527542.4980281995], [163879.57727953003, 527437.6954295625], [163872.85859719905, 527371.7452135632], [163834.3677433897, 527311.3970721604], [163866.2843658777, 527288.962660923], [163969.40626441676, 527283.7148176238], [164070.472112823, 527253.7677586792], [164114.8797312133, 527206.4861834546], [164131.46363120907, 527141.0234999708], [164175.5954451938, 527145.7681532071], [164206.32491438906, 527219.7821795132], [164274.72125697075, 527254.7536909276], [164371.49938333887, 527231.5283014856], [164441.68227547416, 527144.137565429], [164553.70208000686, 527165.2189935896], [164592.85173377482, 527222.3410795724]]]}}, {"type": "Feature", "properties": {"rule": "mudflat_perimeter", "coast_clear_m": 30.0, "inset_ratio": 0.1, "site": "incheon", "lat": 37.4308576, "lon": 126.417128}, "geometry": {"type": "Polygon", "coordinates": [[[165639.00792707416, 537048.3343139867], [165612.20920641057, 537035.5437951767], [165584.92739101528, 536982.3666063667], [165559.81625488048, 536984.1926581875], [165359.73116960656, 537055.1901028823], [165254.87230920163, 537128.4240744999], [165219.26475698786, 537192.9038394019], [165199.9027427943, 537341.0886085228], [165223.88594422257, 537423.8741271256], [165277.12095515113, 537477.093246688], [165256.45585406502, 537565.3153997067], [165195.59278484018, 537594.9366452878], [165070.09879442028, 537607.1831903241], [165007.32217944606, 537683.5650095971], [164802.81273632718, 537637.286443529], [164671.951408585, 537563.3450589873], [164580.6041809269, 537577.5681985875], [164420.8257682778, 537515.5278440589], [164327.58098744066, 537507.5015512261], [164153.02676937464, 537431.8798463247], [164056.66149170196, 537422.1747132739], [164087.480559453, 537264.2035195503], [164068.00956805525, 537176.3430886646], [164106.83310407892, 537103.517249106], [164096.22498055323, 537001.8764318204], [164129.01203633918, 536889.4664342873], [164114.57248776164, 536792.9593620504], [164128.65435928156, 536746.3923273355], [164208.70835665107, 536670.0811087877], [164216.75684365042, 536581.5937705063], [164170.7935810868, 536502.2368155835], [164042.8873420589, 536412.5047190347], [163944.09423299416, 536366.6661216562], [163871.92071054233, 536387.2882313924], [163917.43498033533, 536453.1611152767], [164073.16659530642, 536550.3463371354], [164118.13512121682, 536600.6164142299], [164116.17775040664, 536631.0146011624], [164089.37408040452, 536654.0729660686], [163995.66006451962, 536639.5216470647], [163962.81564512342, 536669.6397535714], [163978.99117103883, 536712.3454016844], [164029.11393338908, 536732.9804173305], [164007.12901924012, 536780.806716255], [164029.43677886625, 536876.3183085957], [163995.2673952118, 536999.1027837547], [164009.38271037606, 537077.689399854], [163957.63352440431, 537161.441649729], [163987.06358786684, 537262.0735131025], [163939.36785013837, 537387.4149318642], [163957.092887762, 537434.4194172188], [163949.53437574764, 537489.0756999244], [163982.90947786518, 537519.7547608983], [164123.43568300863, 537527.8614733045], [164177.28148682456, 537569.9835226438], [164252.60983722936, 537575.3553092306], [164292.88580410636, 537617.8692369995], [164395.15808921505, 537612.6322999893], [164574.64418036304, 537682.8984952418], [164645.9578611165, 537660.3627924179], [164766.11310937814, 537731.0110812644], [164965.04487857543, 537774.7348232383], [165103.41550917987, 537830.5185291122], [165142.8204151378, 537825.7603471675], [165142.07866427416, 537798.1173827074], [165098.73466904694, 537743.5586971793], [165116.62946892105, 537696.1944336616], [165231.33770241513, 537697.2216598978], [165292.8193639638, 537663.9021989629], [165305.80780443898, 537708.161771067], [165258.5396284362, 537724.8165445025], [165249.58622757357, 537751.7694497759], [165259.02198357385, 537801.9736720686], [165287.73729089275, 537812.3258149597], [165358.17483847018, 537700.1313758839], [165520.3306076186, 537633.7535899369], [165537.75016885786, 537602.9018015933], [165495.6761159562, 537556.9742787385], [165362.97868188878, 537581.9737334629], [165362.0989252653, 537530.6383854072], [165449.65956075327, 537432.3628285837], [165494.46150462766, 537349.7987323105], [165482.4275240702, 537328.7057812575], [165458.42638672175, 537328.8529508264], [165379.3235151442, 537400.0557357158], [165317.8688702645, 537383.6882615198], [165300.31970744138, 537343.2189420814], [165319.59736364192, 537209.3983452367], [165399.82002235382, 537147.2823880934], [165579.3684096285, 537082.710769998], [165644.53753771354, 537110.3453981052], [165682.86120031914, 537190.8129044927], [165704.19390825633, 537175.5139545015], [165639.00792707416, 537048.3343139867]]]}}, {"type": "Feature", "properties": {"rule": "mudflat_perimeter", "coast_clear_m": 30.0, "inset_ratio": 0.1, "site": "incheon", "lat": 37.4308576, "lon": 126.417128}, "geometry": {"type": "Polygon", "coordinates": [[[165734.17825445332, 539205.9203699477], [165758.69383449652, 539290.6977312558], [165707.23706980693, 539360.6115918466], [165630.51124188185, 539382.7351315314], [165581.006386646, 539360.6827142434], [165463.37715609375, 539079.1633446345], [165399.7144489063, 538980.5543682838], [165330.35385753264, 538779.3162305974], [165100.50472236326, 538456.1629951495], [165010.25877568393, 538246.481613167], [164900.29289541114, 538099.3867937655], [164809.03774786586, 538063.1978483674], [164653.13378871948, 538065.8278598364], [164631.50032495, 538039.632509696], [164641.73693129435, 538014.8946098643], [164714.63491421164, 537987.5640483946], [164659.68471720806, 537974.3815642429], [164588.54297994744, 537919.2585656177], [164429.91138185436, 537864.8577024696], [164345.66115818947, 537869.3519360126], [164227.18007648893, 537844.461401023], [164065.1987512575, 537855.5257725953], [164070.78529613867, 537903.0228661357], [164125.27786436156, 537954.5458167339], [164226.82043412916, 537945.2782119157], [164333.17595876183, 537969.0124844019], [164408.76113298934, 537964.252449451], [164492.283628, 538002.00921792], [164161.9995136573, 538002.0183335779], [164103.79281929473, 538051.5469457011], [164019.6148977665, 538056.9488396634], [164008.63923019514, 538102.0889560943], [164856.84014560742, 538102.9249636045], [165095.9852368694, 538576.7205539476], [165107.90934724052, 538570.1953091539], [165127.81636519078, 538607.2180386486], [165116.5056559496, 538616.8753393979], [165178.84750952607, 538738.7673570036], [165240.02926685684, 538824.4869388466], [165276.11237563993, 538926.7798690714], [165551.72808493543, 539461.4427269219], [165617.79741258654, 539482.316992079], [165827.7935308179, 539372.6891374763], [165734.17825445332, 539205.9203699477]]]}}, {"type": "Feature", "properties": {"rule": "mudflat_perimeter", "coast_clear_m": 30.0, "inset_ratio": 0.1, "site": "incheon", "lat": 37.4308576, "lon": 126.417128}, "geometry": {"type": "Polygon", "coordinates": [[[164580.760824918, 548273.4382600328], [164669.74212532077, 548270.9916117707], [164712.3837644098, 548196.2437596082], [164761.4318061512, 547974.4954719712], [164753.8309010595, 547805.3328352476], [164845.1042963297, 547439.5177729622], [164847.99628504782, 547292.6663704306], [164877.04988064404, 547246.5802460484], [164876.84973676057, 546993.6899471076], [164815.2029448325, 546949.2070834945], [164733.52993855922, 546929.4457241268], [164836.4206919324, 546861.6520106129], [164870.29045189614, 546781.7085535038], [164851.0040596894, 546690.4439389576], [164832.61048915653, 546666.0019822037], [164822.92853081974, 546709.3726470111], [164825.1115631635, 546658.537762133], [164788.0724135886, 546634.5463186397], [164824.173515447, 546490.7521864529], [164823.39797638945, 546399.5460447486], [164852.32331373522, 546394.3520352694], [164885.51640391484, 546312.1190591502], [164895.53670342424, 546090.7790757742], [164917.2501701321, 546063.8433880035], [164829.6105316499, 545973.8359300283], [164815.1515076274, 545930.3001747344], [164892.5627587662, 545934.1281697784], [164951.29989858044, 545914.6965254246], [165034.31048788398, 545833.5307090543], [165043.81992925325, 545791.9142547253], [165266.00656312684, 545705.607495119], [165261.2555287402, 545682.1827045471], [165337.6660195997, 545655.5704413821], [165347.54238619312, 545679.9128842312], [165739.77756714894, 545537.7696973073], [165731.7913386791, 545524.2743128055], [165581.21393563974, 545578.0750015568], [165553.2004109667, 545504.516254241], [165524.73959736218, 545489.9794433246], [165328.8356944125, 545458.49609683], [165528.3169329748, 545484.468503477], [165582.45864097102, 545499.8262224642], [165706.12607569844, 545497.0174618245], [165751.71403892475, 545459.0130204565], [165836.50497153145, 545451.0847341327], [165851.84137556388, 545416.2594114847], [165833.44903785046, 545390.929273344], [165739.21840253685, 545381.3260371601], [165742.66127070956, 545301.7398491045], [165621.98129695322, 545284.7793335888], [165054.6797966213, 545271.8305596333], [165037.99326108306, 545280.8220886788], [165028.4190780782, 545368.4392735414], [165027.5165939479, 545176.0020680174], [164978.1225901898, 545197.2503562189], [165015.3085208236, 545131.0424981118], [165007.3467649318, 544989.7336707019], [165026.5758009513, 544985.890299298], [165025.9161087334, 544806.3687317666], [165026.00767587122, 544884.1952123609], [164955.98981546308, 544889.771381061], [164926.451535053, 544842.6436074234], [164927.11723925476, 544889.9061741696], [164868.2503975446, 544878.1445697437], [164913.81341940357, 544864.1763584701], [164913.1121118492, 544600.9916276047], [164896.9571583425, 544574.8330231394], [164870.20852467214, 544595.2662478777], [164881.85973369898, 544666.1531688172], [164899.41006510443, 544681.2804042374], [164881.5035254474, 544673.0599069376], [164873.15786213148, 544765.7176807296], [164878.79133076136, 544798.4805286411], [164849.93442303507, 544860.716154837], [164866.1312088341, 544882.1629276057], [164834.72911702024, 544935.4148713757], [164842.0131801502, 544966.1970894223], [164912.9232067274, 545023.548108332], [164910.2175837102, 545042.7459923731], [164884.052717054, 545061.527623587], [164879.59240159788, 545068.8787185275], [164900.45830966742, 545062.3333471274], [164890.33066210072, 545077.2599049206], [164915.62115671535, 545118.7732460096], [164887.35020954048, 545140.6118639363], [164850.67272418126, 545206.5567442272], [164859.3866271592, 545252.108756367], [164834.81094214617, 545289.523176932], [164831.63389270921, 545346.1945371858], [164849.32536875474, 545378.3387213937], [164869.80139761284, 545379.1058589576], [164877.79614872337, 545308.766178499], [164921.9878627683, 545286.8596107408], [164964.9560403296, 545307.0866698135], [164971.7827038075, 545345.234858058], [164960.487236389, 545376.7473476569], [164810.11212365783, 545470.309774818], [164769.52715606397, 545634.4605210787], [164780.9691967368, 545688.3328527907], [164801.5889206668, 545708.9320367256], [164821.57557126338, 545693.4359607846], [164830.31450020504, 545641.7528028329], [164880.92108442096, 545629.5771530815], [164954.858071989, 545641.6492713838], [164973.5333894508, 545726.2560562582], [164957.46534993727, 545768.9649281617], [164882.5342772188, 545834.1905158743], [164803.17280152594, 545819.1608252989], [164771.59760113884, 545767.2246166746], [164762.65136809502, 545778.4411359971], [164754.56536987878, 545811.9013483782], [164709.92296275176, 545898.1525203689], [164730.48471253683, 545990.7219105717], [164716.3207609629, 546018.2356387262], [164820.69105294018, 546094.5845800516], [164834.39012035623, 546136.004131058], [164667.63764242528, 546687.6294786355], [164679.53618323593, 546720.385018399], [164756.79498999566, 546732.0280215784], [164770.3687113011, 546771.5227365777], [164755.33411155036, 546800.7524316213], [164629.18182175455, 546875.0770531888], [164604.13850954067, 546931.4242932248], [164644.3787638596, 547002.5978410234], [164771.44605584166, 547039.6141616236], [164811.56335424012, 547084.9704914023], [164797.5475214995, 547183.4303501634], [164749.71308775345, 547268.0767346123], [164747.54518045, 547415.6363153273], [164654.8578783733, 547787.1958116037], [164655.55133451527, 548004.4779016733], [164611.38258132528, 548180.5529598463], [164559.87116439207, 548250.6196076112], [164568.3534199243, 548347.1923466853], [164580.760824918, 548273.4382600328]]]}}, {"type": "Feature", "properties": {"rule": "mudflat_perimeter", "coast_clear_m": 30.0, "inset_ratio": 0.1, "site": "incheon", "lat": 37.4308576, "lon": 126.417128}, "geometry": {"type": "Polygon", "coordinates": [[[167361.14695495684, 527618.0395014068], [167257.3848476554, 527623.7181448948], [167176.19991449988, 527585.2462466182], [167076.68125684257, 527575.3885519321], [166983.5997827006, 527540.4774630786], [166802.33918318208, 527519.575952152], [166725.9926105425, 527531.2106041712], [166544.17730609493, 527508.1096872548], [166388.73025463973, 527520.8513906742], [166280.0839942487, 527454.2645729501], [166124.8625998438, 527441.2274779045], [165962.73043670764, 527380.4152607846], [165790.49875784243, 527392.1764005981], [165697.73816524158, 527330.9735094233], [165607.5377410684, 527350.5186303145], [165521.99504484644, 527282.8273686176], [165403.6439669293, 527238.8186314943], [165281.75291162834, 527239.4881975406], [165228.63559390808, 527320.1201674888], [165205.1992618572, 527307.0604402858], [165210.6917625326, 527264.9860017109], [165190.8043154784, 527238.9379871966], [165109.42732843795, 527223.9640573512], [164980.6045523628, 527146.1061261339], [164954.92652658044, 527157.2352490836], [164982.97659827786, 527221.1776786782], [164947.3603878618, 527331.1665659911], [164950.73090938872, 527436.7461282396], [165027.9307869945, 527463.3825694636], [165029.26090931246, 527525.2904828633], [164901.43800570612, 527585.8390674394], [164834.6477629146, 527570.4709736211], [164764.64801863866, 527612.5755929704], [164711.40312325198, 527615.4971619876], [164778.98760745372, 527616.6663243134], [164779.06330551254, 527633.7521296255], [165055.38900775946, 527634.2493992026], [165085.2804666575, 527612.9079046198], [165127.36197866857, 527551.1236229284], [165138.10450669788, 527477.0650457288], [165112.95151903993, 527409.2414613359], [165052.10894364386, 527363.1057082141], [165064.27189691627, 527313.6187078629], [165105.77837130465, 527328.3838241546], [165148.6133930767, 527393.6071044379], [165211.07715820722, 527419.0130714088], [165277.24477343756, 527411.3448825317], [165346.5579255232, 527342.6974514987], [165380.70077170417, 527341.5267904236], [165467.48427461172, 527371.5095823124], [165504.64266037545, 527410.8147499583], [165585.29233449878, 527448.463752687], [165679.91576091648, 527441.6108103311], [165787.83640259015, 527493.0717790864], [165948.71765746266, 527481.1904991482], [166099.36098453036, 527538.2708134752], [165864.38019600246, 527542.6911264211], [165810.0401943704, 527583.0266322853], [165793.13573746744, 527638.8347308683], [167390.3652643868, 527638.4344668788], [167361.14695495684, 527618.0395014068]]]}}, {"type": "Feature", "properties": {"rule": "mudflat_perimeter", "coast_clear_m": 30.0, "inset_ratio": 0.1, "site": "incheon", "lat": 37.4308576, "lon": 126.417128}, "geometry": {"type": "Polygon", "coordinates": [[[164872.34664027882, 547752.3814896607], [164887.1616007274, 547661.1620571172], [165603.22891846945, 547658.0639531303], [165619.7487733803, 547577.1271015605], [164878.3123143139, 547571.0994373088], [164876.92715990572, 547478.6449684376], [164823.69091715524, 547533.4444689272], [164812.9108564488, 547661.4556164938], [164830.19456040574, 547717.1474301487], [164872.34664027882, 547752.3814896607]]]}}, {"type": "Feature", "properties": {"rule": "mudflat_perimeter", "coast_clear_m": 30.0, "inset_ratio": 0.1, "site": "incheon", "lat": 37.4308576, "lon": 126.417128}, "geometry": {"type": "Polygon", "coordinates": [[[165678.6972943662, 539087.4138216084], [165551.01814570712, 538814.032437401], [165573.80561058217, 538779.4370801239], [165806.45873534883, 538663.6904645445], [165775.58785113555, 538629.6814108167], [165794.51690937125, 538615.4141892552], [165810.82375396794, 538661.4134161139], [166254.4872424273, 538431.9853713473], [166077.23879814066, 538086.9313369201], [165544.89014179527, 538365.9159888038], [165489.5599168925, 538298.2360458893], [165412.61444846328, 538291.718004996], [165329.17993514275, 538108.2268272256], [165277.17304788646, 538038.4029264972], [165306.40518695585, 538021.2942588889], [165374.3596236182, 538035.391531357], [165358.35229978373, 538001.0131995815], [165491.1371105839, 537932.8625305968], [165470.30746621484, 537861.0575176753], [165412.5037284861, 537881.4862045561], [165386.48377807066, 537930.9382209735], [165294.1688549236, 537911.915698651], [165095.89439042317, 538037.8911249847], [165108.48519972706, 538080.0523456042], [165223.21200201334, 538127.2401712866], [165313.59123966433, 538329.1739677894], [165374.10578613103, 538390.2128550855], [165461.5813307563, 538388.7563413896], [165528.3468015971, 538425.4728277026], [165586.6721685734, 538396.0047196188], [165649.88462246567, 538392.1268525862], [165684.23593873405, 538337.0386391181], [165772.48000034987, 538331.0354922573], [165838.32862281715, 538264.0520409702], [166021.3092542037, 538146.4712025209], [166063.89899586985, 538168.8298939198], [166166.24787711652, 538364.8928957703], [166129.41643749102, 538427.8667662886], [165874.82833569893, 538527.8484126384], [165622.1224373713, 538661.7475442358], [165545.4550352017, 538681.1224810743], [165467.93559441896, 538654.7722825235], [165467.5844428455, 538755.7261931768], [165491.70761623356, 538858.9965526459], [165614.59166338682, 539016.6171001421], [165648.0821201367, 539106.5440700476], [165678.6972943662, 539087.4138216084]]]}}, {"type": "Feature", "properties": {"rule": "mudflat_perimeter", "coast_clear_m": 30.0, "inset_ratio": 0.1, "site": "incheon", "lat": 37.4308576, "lon": 126.417128}, "geometry": {"type": "Polygon", "coordinates": [[[167009.98568152686, 544220.8158692098], [166950.45398076973, 544165.4213029146], [166863.37821139744, 544196.5744061002], [166768.6779568809, 544166.6225885048], [166734.98414894077, 544138.0918587929], [166743.94192102764, 544074.6514813552], [166721.33985909357, 544031.8237996107], [166665.76552399568, 544045.1132758765], [166567.80396431155, 544032.8751256891], [166497.20469402906, 544052.0645961169], [166410.50652020384, 544001.7342960364], [166348.05889758724, 544016.2058869192], [166252.32192897756, 543973.8248072263], [166057.50297814907, 544044.692663853], [166003.84276318733, 544094.6820507308], [165875.53254886667, 544154.3231883745], [165775.11632805812, 544168.2358398738], [165720.33956748567, 544146.8516983821], [165640.47994576304, 544160.8907469298], [165594.07836977008, 544143.2258985196], [165581.4733686719, 544208.5699332432], [165294.67310436573, 544204.1674348704], [165294.28373826688, 544110.0600526842], [165218.11476882824, 544056.2025065006], [165197.2670517649, 544178.9304659949], [165116.85635617492, 544301.8860239141], [165757.94751102262, 544312.4278306114], [165684.89815813568, 544306.9268415894], [165681.47760213213, 544192.5070204881], [165710.78697393904, 544192.8772027828], [165723.9363501757, 544262.2961213728], [166062.77080687025, 544258.9871077461], [166061.39577072853, 544105.9827783479], [166067.20874499273, 544259.0867115358], [166097.72878833595, 544259.7710363971], [166092.58582712017, 544106.3137314649], [166101.76453312888, 544259.8615010299], [166709.39608814378, 544273.4897376004], [166706.05060974663, 544245.6738971936], [166766.06856105354, 544274.7619360753], [166985.99818045247, 544279.6983309807], [167004.30730039402, 544298.4790964108], [167049.18357606215, 544284.763367836], [167088.49759986784, 544241.9735984539], [167009.98568152686, 544220.8158692098]]]}}, {"type": "Feature", "properties": {"rule": "mudflat_perimeter", "coast_clear_m": 30.0, "inset_ratio": 0.1, "site": "incheon", "lat": 37.4308576, "lon": 126.417128}, "geometry": {"type": "Polygon", "coordinates": [[[167086.94284516588, 543770.4165956763], [166765.87250620697, 543699.84671179], [166784.6731935303, 543664.3526588156], [166692.73096169735, 543617.3704607348], [166672.51319483892, 543664.5137655014], [166359.76047274008, 543547.0960006372], [166279.98419731017, 543551.7948617674], [166168.4190295692, 543528.3008265067], [166093.1871250316, 543538.9951373716], [165897.41982035176, 543379.259836964], [165779.72625688807, 543344.7542820477], [165715.4671403208, 543274.8772542919], [165584.63222843586, 543229.5774931143], [165470.3082572796, 543236.2735277241], [165337.16345505812, 543106.281387194], [165236.8400444865, 543075.6136345326], [165242.63585647734, 543159.0170816614], [165423.14909436647, 543326.1584219458], [165461.2615866348, 543343.172384568], [165573.00011426906, 543329.3412091137], [165666.98398349798, 543362.8402500032], [165716.5800116698, 543441.6501900288], [165843.66063317045, 543464.1011883417], [166063.1793619138, 543653.529786975], [166153.1340662478, 543628.4382889969], [166265.6822058639, 543654.5810591906], [166342.45067241436, 543645.9296462612], [166564.0696353694, 543721.4247503619], [166679.08643111173, 543717.429889995], [166916.66632120643, 543841.9247409952], [167030.42152687462, 543864.5930371138], [167100.98477516513, 543840.2147112483], [167145.9571806685, 543852.217154423], [167125.37921961895, 543800.5002542292], [167086.94284516588, 543770.4165956763]]]}}, {"type": "Feature", "properties": {"rule": "mudflat_perimeter", "coast_clear_m": 30.0, "inset_ratio": 0.1, "site": "incheon", "lat": 37.4308576, "lon": 126.417128}, "geometry": {"type": "Polygon", "coordinates": [[[165625.05793170808, 537865.2909356377], [165941.08660729625, 537703.4338944254], [165952.73901206267, 537673.1726566565], [165771.91993422693, 537309.1323676413], [165710.85998803904, 537344.763584249], [165755.72427766465, 537354.4426981894], [165780.68018809686, 537387.0061292445], [165845.68463488843, 537546.1483027826], [165856.7677900715, 537643.5478417284], [165744.5832915989, 537744.9378255582], [165776.77368546958, 537728.7147295782], [165782.81848658234, 537740.7312270543], [165682.85159002966, 537792.6659522093], [165676.94284476066, 537779.0267051157], [165730.538899683, 537752.0158353663], [165657.21330864957, 537752.1357855131], [165586.19772098993, 537815.7250504135], [165625.05793170808, 537865.2909356377]]]}}, {"type": "Feature", "properties": {"rule": "mudflat_perimeter", "coast_clear_m": 30.0, "inset_ratio": 0.1, "site": "incheon", "lat": 37.4308576, "lon": 126.417128}, "geometry": {"type": "Polygon", "coordinates": [[[165758.58277173192, 510408.1335153445], [165702.30459697422, 510456.1140288201], [165665.95491205322, 510522.21256820735], [165657.09397299236, 510587.36039174], [165675.41955937704, 510651.3115059428], [165739.95897253937, 510720.02458567714], [165840.31055243843, 510759.53684231616], [165878.73748133786, 510989.1139197272], [165927.6039744268, 511066.89529116155], [166033.23557645932, 511164.3867789622], [166066.5166991555, 511297.1661021326], [166169.8612078713, 511414.0075629796], [166239.04909138364, 511542.1639375717], [166350.467962141, 511626.7058032786], [166470.5843981292, 511618.4956281758], [166544.95616108234, 511539.7107318238], [166551.03760575107, 511402.622794731], [166469.093839317, 511197.7890214373], [166369.22413849935, 511056.2251524596], [166329.9468952532, 510904.36626445863], [166246.45135891016, 510800.275398996], [166180.09139203533, 510636.11997910996], [166042.80303907167, 510465.25311108463], [165965.3966173885, 510407.23482727754], [165853.69302042245, 510379.7996278427], [165758.58277173192, 510408.1335153445]]]}}, {"type": "Feature", "properties": {"rule": "mudflat_perimeter", "coast_clear_m": 30.0, "inset_ratio": 0.1, "site": "incheon", "lat": 37.4308576, "lon": 126.417128}, "geometry": {"type": "Polygon", "coordinates": [[[169197.5869969763, 528321.1746614946], [168835.16079070888, 527867.9377259397], [168640.41214882606, 527736.8823470101], [168518.62812958687, 527691.4824433206], [168400.9895831566, 527666.0944037985], [168157.83076790292, 527667.3472061491], [168209.03708300812, 527728.1243079405], [168447.26396367277, 527785.4230301899], [168626.68273973884, 527863.8536379503], [168680.06643230622, 527913.8635762958], [168773.75443538665, 527920.1600944747], [168780.28986845518, 527998.9621243096], [168847.1583488685, 528047.5386438523], [168861.45825069808, 528116.0979336994], [168839.9865425226, 528200.2762394939], [168794.63720800175, 528274.5027096221], [168734.80292809726, 528248.6945097395], [168716.24147761537, 528189.1552789231], [168621.76008417626, 528158.3394139039], [168540.23246627033, 528104.6708954377], [168391.389785129, 528070.0164439756], [168045.37645888847, 527928.9277928799], [167722.05973012987, 527830.3239413613], [167566.8587927443, 527724.0287153339], [167533.5705171987, 527659.5950929649], [166411.9218812122, 527659.5492229013], [166402.63131004525, 528468.1336595352], [165732.57877916406, 528480.198008997], [165761.50630434908, 528541.3779656608], [165822.67973733987, 528570.3192839931], [166399.67704074003, 528570.6831749246], [166472.3806709227, 528540.4262271692], [166503.90422229684, 528461.8229229238], [166501.99905081833, 527760.0398791956], [167502.27827625634, 527761.1413648393], [167499.06568722788, 527798.0244923375], [167679.33377443318, 527921.222774246], [168005.1408942521, 528022.8782035229], [168360.08211310857, 528165.451944617], [168499.95128321456, 528196.9746123515], [168635.30673329887, 528266.347651876], [168667.18880083566, 528323.2267236869], [168755.02346777625, 528374.6414875129], [168818.14610405022, 528372.3851979851], [168866.40147578967, 528344.8433268045], [168956.15603399838, 528171.7651901825], [169094.3954815011, 528333.226683296], [169152.19142454592, 528340.9683561256], [169197.5869969763, 528321.1746614946]]]}}, {"type": "Feature", "properties": {"rule": "mudflat_perimeter", "coast_clear_m": 30.0, "inset_ratio": 0.1, "site": "incheon", "lat": 37.4308576, "lon": 126.417128}, "geometry": {"type": "Polygon", "coordinates": [[[165770.3423213501, 536792.8858160131], [167467.58431069227, 536806.0184817729], [167183.6300441001, 538714.1008851348], [167254.94207231866, 538685.9814077895], [167247.67873301037, 538748.4860245797], [167172.51051166272, 538791.1256843114], [167164.1772632163, 538840.1375396494], [167168.96351709406, 538887.366559588], [167267.14540721255, 539013.2109907111], [167239.24976468418, 539056.6149831464], [167283.99469342208, 539098.2216999655], [167320.58999510377, 539031.0340297255], [167340.9989287975, 539030.638058807], [167384.34318397308, 538617.9359129096], [167410.0779010034, 538595.7106454555], [167653.17905282232, 537082.0415238832], [167530.7478144816, 537061.1314718337], [167544.28070447978, 536980.911488155], [167667.67272308667, 537001.2867348563], [167849.83699456963, 536038.0683353161], [168035.0316609947, 535253.8049799972], [168226.682929494, 534901.6444695877], [168220.85583954566, 534848.3697540986], [168193.95219052723, 534834.3501722728], [168226.59629575984, 534834.5752795899], [168259.67331378418, 534774.2089502632], [168291.86159822886, 534817.461430763], [168675.94888565323, 534412.4352351774], [168560.95547761102, 534388.3596128412], [168497.91483181983, 534425.1951010367], [168447.39511364687, 534357.2044742139], [168247.0915644254, 534313.2700754482], [168067.92474758372, 534314.340098389], [167820.17312623165, 534395.430227199], [167637.80504277593, 534539.5777109385], [166790.8502227701, 533973.523619476], [166955.20099920093, 533652.1005400243], [167037.46112561153, 533354.4189695143], [167060.1851447384, 533120.0074937858], [167018.34535763453, 532732.4110057453], [166991.44869684614, 532736.5144557122], [167015.14043129326, 532719.1029150212], [167000.86425674718, 532661.086143177], [166295.18330403473, 531744.6205268878], [166065.65887628726, 531404.5530045115], [165954.10180757777, 531297.3355941597], [166004.679793546, 531217.9066774381], [165957.44118781132, 531213.3475141592], [165881.17376578393, 531269.4740564], [165885.46937067327, 531364.0703363759], [165986.72958510745, 531467.6418407813], [166216.22282112646, 531806.6958621579], [166899.5007115206, 532693.4193667585], [166892.7311839577, 532755.0335744579], [166929.5883796291, 532815.5024721185], [166950.13617673816, 532948.0338794696], [166959.58644403235, 533119.8734750475], [166938.29837539457, 533337.9087307237], [166861.6023180431, 533615.5816129545], [166694.4280259031, 533942.043917495], [166691.4071464823, 533989.418384671], [166713.17379545837, 534037.1984005914], [167608.96227209552, 534635.786856499], [167688.6156167293, 534627.0069503947], [167796.98390957934, 534529.997002564], [167918.52973538198, 534458.3907905117], [168080.78843988894, 534414.004331157], [168234.1865972081, 534412.9397049887], [168375.7302287895, 534442.7333917257], [168443.56704390768, 534511.5817017229], [168287.69296792525, 534675.9796798794], [168210.35774990465, 534686.7099201586], [168109.90695083866, 534779.3546924978], [168091.56292413973, 534840.3261426234], [168112.02353763333, 534902.4436587223], [167939.71141144837, 535222.1481460363], [167752.1608698828, 536014.6700495636], [167586.88180985345, 536886.1463688696], [167558.96247448397, 536881.6201651806], [167567.436994787, 536795.1765912975], [167549.92932112163, 536747.9642549452], [167514.7002147316, 536714.9220715028], [167463.50161691077, 536701.8014713548], [165861.9961737495, 536693.9001244619], [165793.8181638769, 536729.4139826667], [165770.3423213501, 536792.8858160131]]]}}, {"type": "Feature", "properties": {"rule": "mudflat_perimeter", "coast_clear_m": 30.0, "inset_ratio": 0.1, "site": "incheon", "lat": 37.4308576, "lon": 126.417128}, "geometry": {"type": "Polygon", "coordinates": [[[165809.9973248899, 542804.3778537846], [166120.95769382018, 542928.411911884], [166114.36749561774, 542948.5598379187], [166129.36073693377, 542931.5431316833], [166344.19501643145, 543014.7774586172], [166404.88754004292, 543065.8807598427], [166321.5917957664, 542894.3155823763], [166247.28305002686, 542897.8924242287], [166221.3885929269, 542840.6162112029], [166106.94889517303, 542742.1775695325], [166122.92833801394, 542697.5367404318], [166110.26604046798, 542684.9215612492], [166081.20512260782, 542674.0072229427], [166062.88088648062, 542726.9296259135], [165860.77544910318, 542653.0011684889], [165873.14857538845, 542745.2171469637], [165809.9973248899, 542804.3778537846]]]}}, {"type": "Feature", "properties": {"rule": "mudflat_perimeter", "coast_clear_m": 30.0, "inset_ratio": 0.1, "site": "incheon", "lat": 37.4308576, "lon": 126.417128}, "geometry": {"type": "Polygon", "coordinates": [[[166246.54119950885, 514605.96269013634], [166214.6137292697, 514678.1768654175], [166246.41684481676, 514727.24494977423], [166239.1242543236, 514764.1145643713], [166264.13357888855, 514732.06016683154], [166262.18139813867, 514678.52057064726], [166276.9073852859, 514677.2908672317], [166280.88559434382, 514719.63160691975], [166194.2664015122, 514841.3182157197], [166196.89729722822, 514909.0496978228], [166212.27584334766, 514969.1783829715], [166248.3114121026, 514979.46390175965], [166303.49526537387, 515055.8151914119], [166356.41197012743, 515238.59750868625], [166431.56182163063, 515319.21218823007], [166642.7686958472, 515229.6979306784], [166625.32405694365, 515098.09826003126], [166578.93205827544, 515050.8995495029], [166580.55621177814, 514854.5685471986], [166495.1315322435, 514733.5266240531], [166491.89686121076, 514659.6733246455], [166451.91276120942, 514593.9736175192], [166464.87321275676, 514498.82814629126], [166445.48699006482, 514376.7162269047], [166391.6816805854, 514287.0043252706], [166331.8104545791, 514246.63743271545], [166239.14363658603, 514266.12510188494], [166210.49792844406, 514305.6447779725], [166205.41685183987, 514363.73511444236], [166251.32379029822, 514437.28927050077], [166268.34512246365, 514330.44248425076], [166315.38453147083, 514352.4372239395], [166348.6551179922, 514403.393814144], [166364.43505971233, 514499.35967523797], [166349.0018927004, 514628.4193659059], [166395.06466986143, 514686.34975297627], [166394.29883951228, 514773.45005670923], [166455.74036967813, 514833.4396597099], [166491.1914996702, 514905.444118033], [166510.02069117228, 515076.043154942], [166540.35215347336, 515160.3308386056], [166542.35305004695, 515235.83916828426], [166525.2503086578, 515261.3173794281], [166474.50063245543, 515195.6153683835], [166417.19618755815, 515157.2772225896], [166378.65293869117, 514982.32409770804], [166314.23245874606, 514893.90203032584], [166254.15463216288, 514876.68682359543], [166286.96816244247, 514854.190296927], [166320.96527724015, 514714.22495952866], [166255.21964023617, 514550.09131821594], [166246.54119950885, 514605.96269013634]]]}}, {"type": "Feature", "properties": {"rule": "mudflat_perimeter", "coast_clear_m": 30.0, "inset_ratio": 0.1, "site": "incheon", "lat": 37.4308576, "lon": 126.417128}, "geometry": {"type": "Polygon", "coordinates": [[[167313.5408048837, 543802.7189436879], [167297.06300767514, 543803.7465075584], [167321.0655014793, 543702.593070659], [167272.60896162354, 543710.9411370268], [167230.65636269058, 543744.1069696514], [167180.9514312863, 543887.920570008], [167229.01982739975, 543901.1741104729], [167320.26850451942, 543868.2499980251], [167501.0013860709, 543865.1618425109], [167884.61063045464, 543986.9981693873], [167939.1330246637, 544034.3528074234], [167951.89863604624, 544008.164676046], [167313.5408048837, 543802.7189436879]]]}}, {"type": "Feature", "properties": {"rule": "mudflat_perimeter", "coast_clear_m": 30.0, "inset_ratio": 0.1, "site": "incheon", "lat": 37.4308576, "lon": 126.417128}, "geometry": {"type": "Polygon", "coordinates": [[[168073.38066175184, 529606.8817714337], [168088.62606653877, 529566.1968523301], [168106.3475046914, 529583.224228047], [168150.76187007743, 529552.8365963408], [168241.4731936967, 529661.4914815134], [170514.47166583277, 532610.9057189425], [170935.2673640289, 532307.4483672618], [171022.24232949442, 532264.6734002335], [171936.299487246, 532056.3323164709], [171884.99212841666, 531769.7502676996], [169353.006423066, 528520.8743134291], [169316.20446523256, 528589.2233599051], [169336.60876530793, 528663.3390781652], [171704.1048349011, 531705.6550587803], [171797.1997628792, 531831.5834150544], [171829.753618994, 531980.8340581948], [170985.2510937518, 532171.2937793934], [170876.23022758812, 532226.1912344618], [170537.0987420059, 532476.8097339419], [168250.0117476487, 529512.2142922721], [168190.0065977091, 529471.7941417738], [168122.719942018, 529479.0256545205], [168071.60337291373, 529536.4414321238], [168073.38066175184, 529606.8817714337]]]}}, {"type": "Feature", "properties": {"rule": "mudflat_perimeter", "coast_clear_m": 30.0, "inset_ratio": 0.1, "site": "incheon", "lat": 37.4308576, "lon": 126.417128}, "geometry": {"type": "Polygon", "coordinates": [[[171688.8844970479, 528679.144399325], [171628.76791437704, 528644.0084517207], [171678.9997312127, 528497.0015868533], [171637.76884506608, 528427.5352991632], [171539.33787669, 528367.6947943163], [171493.6875588626, 528291.9077622321], [171390.70031116589, 528199.2800045607], [171243.55676095648, 528146.284154855], [171220.35030827092, 528064.4092712433], [171102.39887743033, 527934.5860340965], [170984.38916903271, 527930.774861139], [170725.4728404698, 527765.4013638111], [170680.05237734242, 527679.8685578238], [170578.29543527946, 527652.0240393035], [170552.66301284655, 527622.728498277], [170547.64444382617, 527549.7709381107], [170525.6768214588, 527521.2894877784], [170486.3568258801, 527532.0655445327], [170470.98321880875, 527607.4196312411], [170446.20384184393, 527628.2254269416], [170334.2221711554, 527528.8447324082], [170175.62754949366, 527583.1178762584], [170028.67782380944, 527582.6319739642], [169908.15848272314, 527543.1236215024], [169760.37519984588, 527551.3865358159], [169655.03455826637, 527506.4646991496], [169606.64743456917, 527437.4336911881], [169520.02328279085, 527376.4690069162], [169434.21047556066, 527401.1860747106], [169386.21391778978, 527468.7078318623], [169306.90789239545, 527465.0911262155], [169288.94866926115, 527491.8698222496], [169297.94401245183, 527551.3628306052], [169258.71885906655, 527572.3314047114], [169211.08867969608, 527559.4468323233], [169195.31679337178, 527498.8258634468], [169165.7175811584, 527487.4638650331], [169102.50333854044, 527576.2747409514], [169058.72064318936, 527598.287560421], [169008.6299568272, 527609.7282282135], [168908.6104145755, 527592.4841339627], [168879.72528449027, 527625.3132434387], [168791.7435176111, 527659.485154752], [168653.47705303028, 527590.2703500454], [168285.674212738, 527516.9774095038], [168240.03061689486, 527534.2626835696], [168204.33534802473, 527609.7638841422], [168166.6557175872, 527638.3603187974], [168282.96082538395, 527629.2350300075], [168523.5513979011, 527669.7128606664], [168743.48888661395, 527769.8198164124], [168932.7215676987, 527943.7280763187], [169215.65617901814, 528306.360828154], [169253.66465069787, 528239.541435496], [169238.95358974626, 528173.4855992937], [169119.46484350672, 528019.8965516725], [169075.08679195453, 528003.2349924691], [169067.01507500635, 527952.8463537331], [169010.25913168382, 527879.8842725375], [168945.64575909087, 527808.817192558], [168921.4247093816, 527824.2148408626], [168939.29675538835, 527801.9280813233], [168868.55715300576, 527739.7372082907], [168946.2275949636, 527700.4480168206], [169081.524410402, 527696.5904174806], [169168.0031581192, 527652.4775499715], [169236.71419212304, 527674.3277223301], [169313.76612167142, 527660.7954678942], [169372.3922221112, 527620.063938682], [169398.45068866885, 527569.0786049429], [169464.94001673046, 527540.1019946084], [169513.28404069453, 527487.4212975216], [169600.95589265958, 527591.1027699936], [169747.79829544068, 527651.0355527984], [169899.541464733, 527645.6535870326], [170069.90371935948, 527682.8573161509], [170173.50097015343, 527683.5349204806], [170310.2684510511, 527642.4403133212], [170387.50722318856, 527716.0895308382], [170444.07667574292, 527728.642458736], [170499.0499080585, 527714.5469288452], [170541.18793785406, 527748.7763824644], [170613.4779438265, 527770.9085815919], [170665.92621407314, 527846.2858765115], [170937.30098988677, 528019.4924382854], [170996.33961869407, 528038.9429178403], [171057.9626355674, 528032.556720607], [171137.0932831569, 528122.8316339328], [171169.6043525928, 528195.397036331], [171243.08426709258, 528253.3427925893], [171331.10091384148, 528280.7429157458], [171413.3411133256, 528353.7686849091], [171473.77587054158, 528443.7850595268], [171574.33552789313, 528506.4785636561], [171548.99295838224, 528588.6403747087], [171576.71068481402, 528660.3425559604], [171637.1806936602, 528690.7262167148], [171688.8844970479, 528679.144399325]]]}}, {"type": "Feature", "properties": {"rule": "mudflat_perimeter", "coast_clear_m": 30.0, "inset_ratio": 0.1, "site": "incheon", "lat": 37.4308576, "lon": 126.417128}, "geometry": {"type": "Polygon", "coordinates": [[[169369.61319832676, 528504.3571884799], [171977.3267951546, 531855.3089121543], [171940.4569406574, 531943.1306643506], [171966.3988289646, 532056.1574998009], [172071.12873888554, 532032.6985559793], [172012.70622584465, 531933.8197374066], [172021.68434564339, 531866.1998932747], [172039.7938745994, 531855.2844983848], [172115.02910508937, 531973.1235917218], [172254.97972970371, 531936.1229354929], [172302.5786436119, 531981.3932605163], [174352.26422625454, 531540.6332808668], [174388.5052659791, 531704.0857067239], [174424.91747773043, 531724.0727146495], [174683.92094808715, 531567.1171718882], [174726.29549109747, 531522.7521438543], [174833.76311674443, 531511.7115664193], [174994.55167020144, 531526.2536348316], [174986.04119401175, 531473.3968097483], [174947.31629983115, 531429.7999394323], [174789.97517539113, 531412.0799627199], [174679.26616527533, 531434.0033544388], [174626.79947380157, 531484.3909148992], [174461.70971942085, 531572.1460269486], [174431.0200602944, 531475.4704944765], [174342.48601530434, 531440.6708294132], [172343.17173056147, 531870.4527827163], [172265.00106022935, 531836.0516492337], [172162.06033456666, 531854.7192063165], [172106.94744822016, 531776.7744800884], [172027.10171612393, 531755.6486928593], [169510.5570847175, 528521.993262563], [169443.73769205823, 528483.984790883], [169369.61319832676, 528504.3571884799]]]}}, {"type": "Feature", "properties": {"rule": "mudflat_perimeter", "coast_clear_m": 30.0, "inset_ratio": 0.1, "site": "incheon", "lat": 37.4308576, "lon": 126.417128}, "geometry": {"type": "Polygon", "coordinates": [[[169750.0873467266, 525279.5035787261], [169752.80729715427, 525367.8245828225], [169705.81000683113, 525479.7161845777], [169697.592116828, 525588.9279742283], [169774.76025063344, 525693.5711606666], [169946.07196413007, 525814.0206786444], [169888.53922822513, 525897.9989776831], [169936.5354993495, 525985.5232587216], [170057.31617164947, 526105.724110582], [170001.02570657613, 526286.0428794746], [170046.9086147977, 526473.4075697045], [170127.0602182592, 526530.1096308293], [170205.86263117497, 526526.5270203617], [170280.8772668544, 526577.8698986099], [170372.64710404252, 526705.8250352988], [170418.22803228835, 526814.4257610171], [170473.67007359336, 526829.9758015525], [170488.20020472462, 526886.9454655552], [170543.5687429983, 526937.7163217785], [170590.50666643234, 527075.2238026101], [170633.17495590105, 527104.7549665716], [170732.8765516774, 527105.6780129183], [170793.98915393127, 527162.6649187937], [170797.1679611677, 527198.5170760979], [170736.74259304896, 527233.0853750451], [170725.63779890904, 527261.6032146198], [170732.39899501723, 527314.2517401507], [170757.97336229944, 527346.2964549332], [170804.2022219333, 527370.0274037931], [170831.7698613459, 527362.1725859788], [170875.76635924293, 527297.5974020271], [170884.8739606391, 527239.4090639135], [170963.78105340165, 527292.8974062168], [170950.20720061255, 527368.2897744327], [170967.00296517514, 527388.725581389], [171130.66478116327, 527374.5010238821], [171161.68214821015, 527519.9853167585], [171238.65956646172, 527571.6202221072], [171323.9671876334, 527570.8010147569], [171377.121518648, 527600.6794468637], [171404.37284149876, 527677.5144322015], [171483.58290808942, 527778.7019581283], [171523.36786125618, 527882.0552100833], [171617.98145402712, 527937.689046749], [171740.5498715103, 528159.4326972576], [171840.74737525175, 528261.3149423308], [171885.3922557591, 528228.1316368548], [172041.19704446296, 528213.0536173664], [172103.75554421803, 528232.7553297323], [172137.1465554985, 528267.5909962626], [172162.84015861334, 528354.5194487821], [172168.56157508199, 528491.1320479241], [172122.38944706798, 528592.5639997105], [171929.24005351827, 528790.4956613742], [171903.01046966872, 528775.3761766223], [171851.01545446686, 528782.8072968277], [171802.40081526845, 528816.9377993655], [171742.19520896263, 528740.9820773401], [171716.312774189, 528788.6080144171], [171729.3480920249, 528864.3678695102], [171782.63986193083, 528906.0784925094], [171981.34890325752, 528876.3605138393], [172198.17035974824, 528658.4833321051], [172262.40650433072, 528527.160713436], [172262.16028507033, 528339.5656000946], [172222.87733776754, 528215.2618640175], [172177.53352514643, 528160.97699381], [172090.48833472814, 528118.3620790757], [171861.6771378085, 528130.6758146607], [171830.63530882786, 528110.065863059], [171699.79983479923, 527879.4322215881], [171599.20269983035, 527809.8057899995], [171570.57200006093, 527728.4923675307], [171498.94400619826, 527636.3861698706], [171445.47250498342, 527527.0842854944], [171386.82091170596, 527484.5319191486], [171272.96022161777, 527475.085698542], [171240.40608580166, 527452.1220525734], [171235.4185048315, 527365.9987278505], [171200.23925003514, 527302.0614049488], [171139.62824421367, 527271.668958641], [171062.20075053442, 527273.2809919032], [171032.00273722442, 527219.0933167564], [170893.29709033642, 527139.3871310923], [170800.03452658726, 527027.8482420155], [170737.16322895748, 527004.0545709948], [170666.3863788358, 527007.0751162737], [170629.42653624038, 526885.5958416426], [170589.4398790049, 526847.2646433896], [170550.69611983406, 526765.272880937], [170492.25267817822, 526730.2255057273], [170357.84860960604, 526513.3445740853], [170247.73143376195, 526435.2302050836], [170147.9627282143, 526429.0807778805], [170125.11897584377, 526409.8903773985], [170101.36695794467, 526291.7501616202], [170154.9293106042, 526136.1100862435], [170151.47992174685, 526070.7771038776], [170087.22198337247, 525978.9738638916], [170008.48286577495, 525914.3738158139], [170047.43182679397, 525829.0888670095], [170020.23661623537, 525740.1489871298], [169841.3625050785, 525617.9055263471], [169794.3707400487, 525555.5530262784], [169845.0932819272, 525415.5544597298], [169851.8151473212, 525324.4667529471], [169750.0873467266, 525279.5035787261]]]}}, {"type": "Feature", "properties": {"rule": "mudflat_perimeter", "coast_clear_m": 30.0, "inset_ratio": 0.1, "site": "incheon", "lat": 37.4308576, "lon": 126.417128}, "geometry": {"type": "Polygon", "coordinates": [[[177066.8752336778, 533338.3738113996], [177129.63666666156, 533077.5970806411], [176971.76303764855, 532942.198812524], [176951.3538986373, 532941.3482701308], [176917.2271404325, 532998.3877646608], [176900.04970150505, 532991.8900837773], [176925.14022533753, 532910.2077253141], [176859.44195699587, 532821.3286300019], [176796.52239059508, 532801.3255828335], [176788.6788001755, 532730.4937005928], [176461.68973112945, 532300.218184312], [176437.42021262378, 532172.4547813244], [176462.0642708303, 532100.2145170064], [176520.3985656408, 532036.5884520892], [176569.08463067084, 532016.7428227991], [176756.34043571915, 532148.8941356413], [177062.5760872118, 531995.5782296717], [176980.06783327824, 531849.2059697242], [177019.5530629856, 531829.5299452696], [177017.8148081646, 531785.5087765739], [177147.3639467616, 531719.4961989416], [177191.9752259776, 531744.6249727446], [177281.70659743852, 531923.8075969883], [177298.40073513647, 531913.3679615337], [177334.4055903877, 531858.2495876765], [177233.36103360885, 531644.1088018154], [177154.944024594, 531619.0549171483], [177082.72669911047, 531638.3221545978], [176933.07115549876, 531731.5249023599], [176879.68606544763, 531845.799241499], [176919.82179474155, 531954.6375287786], [176766.01661137346, 532031.5060551603], [176635.80555561287, 531935.801196299], [176540.30790036506, 531920.5139035342], [176463.0321104824, 531954.1433495509], [176388.030862882, 532032.338456296], [176339.88526595998, 532148.4748044835], [176339.28585021957, 532251.0245348563], [176375.59579277303, 532351.9476622553], [176692.17292723796, 532768.526233842], [176717.88521782443, 532863.8099822355], [176816.7679309365, 532929.1519783341], [176789.69531908288, 533030.0086298543], [176550.79116258776, 532760.7797528694], [176526.10565325717, 532682.8253671437], [176446.2041023232, 532645.5614748829], [176065.50710049516, 532153.4777150652], [176003.76594305903, 532125.768180801], [175935.3522025896, 532145.9194500231], [176399.4286153771, 532747.7532407225], [176450.45943030596, 532748.8992202417], [176426.84202437737, 532771.5498446289], [176744.45579010612, 533137.9680599659], [176769.48078617273, 533137.029611174], [176799.50153314252, 533216.1276158765], [176818.01743065973, 533211.5516541118], [176839.17050189275, 533118.2685159073], [176868.39947934155, 533100.4295771533], [176885.89509096113, 533130.4139118635], [176902.42743769378, 533117.9164489161], [176888.67202526768, 533160.9848753755], [176933.6196934814, 533201.5298187226], [176954.90533815316, 533193.7389586624], [176940.5821788704, 533208.032481563], [176968.01917485645, 533259.8039438891], [176985.3397168682, 533275.2188418461], [177005.15786800365, 533261.0790909645], [177066.8752336778, 533338.3738113996]]]}}]}