{"type": "FeatureCollection", "name": "tars_keepout_corridor_outer", "crs": {"type": "name", "properties": {"name": "urn:ogc:def:crs:EPSG::5186"}}, "features": [{"type": "Feature", "properties": {"rule": "mudflat_perimeter", "coast_clear_m": 30.0, "inset_ratio": 0.1, "site": "jebu"}, "geometry": {"type": "Polygon", "coordinates": [[[143487.8098948212, 512335.41815350717], [143417.24384919275, 512375.06842547207], [143332.70544011792, 512339.664367679], [143287.67559193366, 512368.45151032164], [143383.5365284719, 512411.62205702125], [143428.48967961647, 512411.809008355], [143561.39591834677, 512360.51344680146], [143540.24035483802, 512336.2397617017], [143487.8098948212, 512335.41815350717]]]}}, {"type": "Feature", "properties": {"rule": "mudflat_perimeter", "coast_clear_m": 30.0, "inset_ratio": 0.1, "site": "jebu"}, "geometry": {"type": "Polygon", "coordinates": [[[144552.82149762515, 512017.4500208632], [144521.9927406135, 512028.78680089704], [144516.86080129232, 512066.4009019839], [144613.75701671303, 512043.2152931696], [144552.82149762515, 512017.4500208632]]]}}, {"type": "Feature", "properties": {"rule": "mudflat_perimeter", "coast_clear_m": 30.0, "inset_ratio": 0.1, "site": "jebu"}, "geometry": {"type": "Polygon", "coordinates": [[[144596.73753009143, 512214.9317175733], [144638.53353785982, 512260.7888349053], [144688.26398710973, 512247.07110598014], [144716.91137775805, 512193.8015145652], [144710.02356853912, 512089.16692140035], [144664.97181248356, 512111.45709332055], [144648.21941613898, 512201.5913183463], [144609.62283042975, 512192.68101069244], [144596.73753009143, 512214.9317175733]]]}}, {"type": "Feature", "properties": {"rule": "mudflat_perimeter", "coast_clear_m": 30.0, "inset_ratio": 0.1, "site": "jebu"}, "geometry": {"type": "Polygon", "coordinates": [[[145498.5572538331, 502160.85478330986], [145751.13684456947, 502044.176220005], [145821.0433992794, 502050.3361127777], [145956.0166372991, 502007.1169668497], [146057.24870284, 502017.56160190364], [146109.97879888545, 501978.4225847379], [146216.9603047712, 501940.6761507989], [146260.60447733788, 501884.8459654793], [146365.8067335678, 501818.8122871139], [146364.08649221662, 501789.2138370326], [146338.55445597923, 501768.4887613099], [146269.2344047885, 501782.9662013396], [146187.62286815076, 501765.3100017199], [146207.8286696094, 501702.1112788873], [146202.33796771182, 501625.99620136176], [146248.99037220224, 501540.1045963084], [146270.44058454863, 501417.807567726], [146266.4049609725, 501272.5989935385], [146299.33873073102, 501165.9184724259], [146277.83943113702, 501066.46670375933], [146303.01168674423, 500991.49750911305], [146281.3703073067, 500898.7926282704], [146284.69578797318, 500740.86419446947], [146339.75657825102, 500591.0250394903], [146344.69505205195, 500523.8170980935], [146235.9939351418, 500364.59241076466], [146196.9216038289, 500259.333261278], [146072.7581850186, 500160.65756862605], [145972.082601174, 500123.0383892509], [145910.65121388077, 500126.4949239651], [145786.84598887214, 500180.3877451636], [145497.1788134459, 500461.222684116], [145300.94904556932, 500486.8249129585], [145190.90062978322, 500467.5861535978], [145171.23718356926, 500505.0466041719], [145171.08977888757, 500596.8233732114], [144960.7791157546, 500639.73804971954], [144924.31299514417, 500690.6569775346], [144907.61396405604, 500810.86596200336], [144830.80693461437, 500872.9976276507], [144785.60252015438, 500946.54459010676], [144790.1907363654, 501009.14014432864], [144864.8202837364, 501161.709215255], [144847.49212684363, 501312.34208829666], [144777.77475037944, 501423.34061394254], [144827.44242657608, 501483.4598822275], [144843.00147112465, 501419.95765429403], [144895.91602029462, 501342.7516591384], [144870.03915753806, 501460.3232136868], [144879.53010496497, 501619.1192013233], [144903.54358970234, 501729.5473225818], [144952.77399626345, 501830.75072832574], [144919.1077451405, 501840.95434731274], [144984.64457260456, 501971.2204001307], [145003.5879447346, 501995.96278576116], [145158.3110201171, 502015.1276131282], [145304.8623926819, 502114.96302148374], [145422.96663854114, 502165.2000216612], [145498.5572538331, 502160.85478330986]]]}}, {"type": "Feature", "properties": {"rule": "mudflat_perimeter", "coast_clear_m": 30.0, "inset_ratio": 0.1, "site": "jebu"}, "geometry": {"type": "Polygon", "coordinates": [[[144928.46376423354, 500912.2894060637], [144970.29313396322, 500904.0263653756], [145051.94115367916, 500896.63866465946], [145026.56026331056, 500854.78123613907], [144969.32078750525, 500847.08554090466], [144927.86086880587, 500873.1107029541], [144928.46376423354, 500912.2894060637]]]}}, {"type": "Feature", "properties": {"rule": "mudflat_perimeter", "coast_clear_m": 30.0, "inset_ratio": 0.1, "site": "jebu"}, "geometry": {"type": "Polygon", "coordinates": [[[145126.19600427887, 512189.31536865584], [145224.44996650255, 512126.8899775753], [145315.82095511924, 512104.8188724597], [145384.4788871539, 512052.377907031], [145368.7058636559, 511981.4363800161], [145269.8343494333, 511902.85052294354], [145180.14070665638, 511936.31645401835], [145064.32428747579, 511946.38754604605], [144996.9306386796, 512021.33898965985], [144959.40271754214, 512134.6549365396], [144978.9067325713, 512195.70636062534], [145126.19600427887, 512189.31536865584]]]}}, {"type": "Feature", "properties": {"rule": "mudflat_perimeter", "coast_clear_m": 30.0, "inset_ratio": 0.1, "site": "jebu"}, "geometry": {"type": "Polygon", "coordinates": [[[145286.9592218913, 500678.0338171204], [145341.32233829462, 500642.4947566438], [145341.3223382946, 500642.4947566437], [145293.9824657719, 500616.5759043093], [145246.45551985005, 500637.57995345927], [145229.4547723749, 500685.20972999017], [145255.09294350832, 500726.91006690956], [145286.9592218913, 500678.0338171204]]]}}, {"type": "Feature", "properties": {"rule": "mudflat_perimeter", "coast_clear_m": 30.0, "inset_ratio": 0.1, "site": "jebu"}, "geometry": {"type": "Polygon", "coordinates": [[[146366.48059838972, 517085.27547500737], [146333.1141511058, 516909.2590686262], [146329.61995890253, 516734.4362276732], [146371.74381916758, 516644.8109052504], [146150.39910934123, 516637.33792124735], [145908.7557589343, 516522.17123446404], [145930.01427045197, 516450.7458782343], [145863.9171702896, 516279.2417363979], [145885.43386257254, 516142.2129517187], [145923.84801258694, 516119.1183576729], [145979.34978380514, 516153.79049530346], [145984.64861049526, 516214.339400743], [145936.2158937503, 516245.11292849295], [145981.3231743308, 516286.70647468045], [146005.8790497, 516369.84954376897], [146042.0375090399, 516414.86287450243], [146173.38550857053, 516483.3872621267], [146271.61392808938, 516478.46255423536], [146360.98948079732, 516438.4756844763], [146507.00474765792, 516408.4981191374], [146533.17053737098, 516330.73862824077], [146528.5042125474, 516211.390744098], [146631.47661518285, 516095.81648160395], [146633.75136290016, 515988.11519684247], [146597.1189211078, 515908.5917154263], [146531.1127142085, 515861.5729148133], [146497.47770452028, 515811.7376091631], [146508.17561384034, 515729.9638032857], [146491.45831610097, 515699.86106448754], [146439.87246236866, 515706.5214014795], [146417.29018624529, 515756.293953169], [146372.31777291826, 515782.18787440006], [146236.29370475083, 515771.7209013767], [146161.53792311458, 515798.6413992351], [146092.80055255353, 515767.3776203925], [146047.2693596783, 515769.9780759728], [146003.63695269963, 515853.9308637184], [145977.38868066942, 515793.00182013505], [146035.88441530115, 515686.48844687856], [146164.56745388103, 515655.2067299993], [146353.70256482245, 515671.87315791403], [146387.87127191407, 515647.4232680121], [146404.10305845144, 515559.1415326048], [146187.27404757112, 515373.18808677094], [146088.3813639952, 515353.3496131163], [146044.09708446194, 515297.28956867714], [145955.00229643157, 515267.7831367242], [145808.4862647705, 515271.2670632475], [145721.21442951928, 515346.5950052612], [145706.88505917735, 515401.4167664867], [145723.51820723727, 515463.8922268214], [145842.30618271243, 515617.40003248723], [145855.42562255455, 515676.83274827234], [145842.22567977002, 515720.522596237], [145769.18992612683, 515737.2297924638], [145663.2712379327, 515709.36773991364], [145565.07459414186, 515714.29349396983], [145472.962198595, 515763.1911893006], [145386.90024252902, 515765.5293534242], [145308.95815297, 515830.8822839545], [145292.74230266587, 515918.0391220328], [145356.01758600856, 516037.74913589115], [145466.91516299365, 516063.4351896285], [145477.95363616647, 516212.69835967117], [145678.05345585724, 516511.86022851], [145728.16789519976, 516715.72964423825], [145756.35894903998, 517023.9474866465], [145806.63297459172, 517193.6334930643], [145866.60319260773, 517248.73194612836], [145925.70406641613, 517246.90829139313], [145932.82815565472, 517222.7994454503], [145983.17393449918, 517218.98839070834], [146211.07850968337, 517379.83382738795], [146252.98616561812, 517348.31323865], [146288.3133314078, 517258.3284343975], [146332.01872619818, 517243.2338715128], [146362.09190896503, 517179.1195739394], [146366.48059838972, 517085.27547500737]]]}}, {"type": "Feature", "properties": {"rule": "mudflat_perimeter", "coast_clear_m": 30.0, "inset_ratio": 0.1, "site": "jebu"}, "geometry": {"type": "Polygon", "coordinates": [[[145626.0802570367, 515915.67876132805], [145539.41801298488, 515937.9093749673], [145436.99361886384, 515906.31760398735], [145431.6298661463, 515935.1503290147], [145460.66095023236, 515980.64809372457], [145541.5767030117, 515995.11431375344], [145616.92471729396, 515963.4207698856], [145626.0802570367, 515915.67876132805]]]}}, {"type": "Feature", "properties": {"rule": "mudflat_perimeter", "coast_clear_m": 30.0, "inset_ratio": 0.1, "site": "jebu"}, "geometry": {"type": "Polygon", "coordinates": [[[145699.9985723156, 500487.542816611], [145759.7779491832, 500442.62857579754], [145812.76185394955, 500362.4979930123], [145773.7467010236, 500353.51734411484], [145735.8372564095, 500375.4840056791], [145691.06972175481, 500444.64834332024], [145699.9985723156, 500487.542816611]]]}}, {"type": "Feature", "properties": {"rule": "mudflat_perimeter", "coast_clear_m": 30.0, "inset_ratio": 0.1, "site": "jebu"}, "geometry": {"type": "Polygon", "coordinates": [[[146197.55203994474, 517473.89111558313], [146206.04557125174, 517447.57076527417], [146198.38625391753, 517434.40905368654], [146197.55203994474, 517473.89111558313]]]}}, {"type": "Feature", "properties": {"rule": "mudflat_perimeter", "coast_clear_m": 30.0, "inset_ratio": 0.1, "site": "jebu"}, "geometry": {"type": "Polygon", "coordinates": [[[146493.08200034878, 516108.997314968], [146353.15591441092, 516145.0796984342], [146361.66125873683, 516160.04821069876], [146416.7060403405, 516180.89542839275], [146476.4661225619, 516160.346736018], [146493.08200034878, 516108.997314968]]]}}, {"type": "Feature", "properties": {"rule": "mudflat_perimeter", "coast_clear_m": 30.0, "inset_ratio": 0.1, "site": "jebu"}, "geometry": {"type": "Polygon", "coordinates": [[[147770.976949901, 495173.6806893143], [147802.9878854836, 495109.4479387441], [147784.5031307176, 495063.5906187247], [147713.62548483632, 495010.61579202494], [147682.8369462762, 494960.07794000616], [147620.5751643904, 494948.018511174], [147548.07749584148, 494980.52486978663], [147526.44874823064, 495047.6634538387], [147561.74908469003, 495109.1554579823], [147554.93293449687, 495208.1365902665], [147591.45861370408, 495322.4198769594], [147663.52870689318, 495338.57626039453], [147722.5140969665, 495317.160768532], [147751.49159061586, 495287.0204058553], [147770.976949901, 495173.6806893143]]]}}, {"type": "Feature", "properties": {"rule": "mudflat_perimeter", "coast_clear_m": 30.0, "inset_ratio": 0.1, "site": "jebu"}, "geometry": {"type": "Polygon", "coordinates": [[[149103.7467882568, 496396.4636609871], [149306.94937157532, 496270.98814607516], [149356.64249863842, 496264.78339063574], [149449.3474119427, 496288.10878398723], [149530.3491586487, 496345.78952191817], [149555.77647135194, 496332.72286869097], [149607.39902446856, 496234.80840009596], [149649.334105892, 496203.36240427615], [149744.9372977817, 496201.0765728404], [149902.25748375276, 496154.3232006179], [150151.97915898616, 496172.4514283727], [150283.9510867, 496152.290046857], [150361.39797547547, 496172.6693292074], [150435.71046907952, 496117.7321843923], [150554.8025353083, 496091.8621460424], [150684.84412001836, 495911.6584985781], [150738.80947040906, 495729.8545540452], [150855.172549567, 495637.9887537005], [150873.32557202195, 495567.4793305669], [150940.78715343712, 495456.62751071394], [150751.84873354877, 495546.53279798117], [150734.0509746464, 495600.67084336194], [150771.3040315371, 495600.2750492821], [150815.40161299813, 495571.3946549695], [150805.32877703398, 495608.91620487423], [150718.05086065512, 495669.7429804852], [150631.44524439835, 495890.22870985966], [150530.04420998547, 496039.76647470123], [150337.6781224405, 496088.97522836906], [150345.0149537699, 496106.4115108679], [150239.06270679348, 496096.988073508], [150142.58720311814, 496113.8588869801], [150134.7804729528, 496057.5571425645], [150078.09019959572, 496032.23776515335], [150030.1526251044, 496055.87076188106], [150021.5778201043, 496111.16963887116], [149879.01307047327, 496098.47718087595], [149733.01281824015, 496144.9521139369], [149613.9433366699, 496155.56900098134], [149562.82852134615, 496198.88438005955], [149519.7444375945, 496270.60825496423], [149450.33598943017, 496225.93075636413], [149363.87050502244, 496207.995884194], [149291.2889689169, 496215.92621046863], [149235.79743754762, 496245.61390137085], [149188.03751908595, 496165.73942045815], [149172.94631530068, 496091.86512379674], [149218.94884308832, 495829.69078879873], [149339.39124765058, 495761.24458460696], [149404.89454700353, 495679.7074433651], [149542.76742786315, 495618.76814202947], [149566.07449788973, 495561.7400976108], [149373.8997049518, 495630.6309927736], [149303.09686079074, 495716.97515444766], [149170.1811835237, 495797.74554592976], [149118.03596773063, 496011.4316855042], [149115.52306513596, 496097.07845916314], [149133.5660816967, 496186.0026203436], [149178.41687410028, 496268.37857112125], [149113.71620673768, 496352.0060484528], [148997.855596507, 496281.2933768534], [148855.42752114305, 496273.31873955514], [148830.24027821366, 496232.99310171953], [148812.0604665349, 496276.98313889565], [148752.3275712516, 496278.2901926801], [148775.0053828723, 496246.0678803918], [148769.24869262864, 496202.63378400804], [148583.08065543373, 496321.9961867087], [148393.60338072243, 496302.36384677095], [148342.69198450388, 496237.64067152137], [148340.84910923662, 496099.6430447136], [148315.94099876232, 496104.72164033295], [148292.782501418, 496010.8609758973], [148322.5437144637, 496008.1154494296], [148302.67201217098, 495959.43110842665], [148305.0420731023, 495846.75606229366], [148268.4706372349, 495817.2079218832], [148251.21157011847, 495901.2506624761], [148233.95528114543, 495804.48255374643], [148188.7176257808, 495764.2992694187], [148267.2687021407, 495588.7871558381], [148292.82183199786, 495574.88362146594], [148330.50422214888, 495587.84539137135], [148398.21574475055, 495553.73387260595], [148396.1497048455, 495280.932708477], [148375.9725471413, 495220.86839571805], [148264.87752835578, 495068.2335892722], [148250.4184455619, 494976.8538589256], [148180.6265723558, 494866.1820114205], [148256.2638493977, 494817.2416927145], [148283.50706980028, 494737.2195472316], [148335.720498361, 494735.59662876115], [148383.52484046866, 494704.11775920284], [148415.06033423115, 494641.40795095736], [148471.1503413496, 494406.89471265965], [148444.33189310308, 494277.8229622676], [148512.14769507633, 494091.05786438065], [148512.2526105927, 494010.5294912828], [148563.80338384383, 493936.02102984453], [148546.09599682744, 493876.34421599784], [148471.96124566946, 493810.9036012945], [148570.2229174785, 493773.1793943486], [148616.85965975237, 493718.2939217462], [148691.0756108972, 493706.34150526323], [148771.51294272006, 493772.3050097837], [148848.24164947486, 493779.5816862624], [148919.99336382595, 493746.1546500174], [149012.22841948885, 493656.5128484456], [149105.41148344203, 493635.7542229524], [149224.8763906367, 493721.12099954556], [149258.0643388745, 493792.4878574794], [149292.30443240522, 493751.10136998683], [149312.17664311832, 493758.65424309846], [149465.92308017958, 493884.2177793935], [149917.31316146726, 493951.44907382585], [150067.44063496334, 493900.27964670456], [150194.92583029784, 493908.6498134815], [150526.98752178907, 494087.36417038314], [150680.68327835746, 494144.5948043185], [150685.54583089863, 494166.0542349708], [150872.10309447086, 494106.37963650184], [150987.50181009536, 494046.931135072], [151061.29272383632, 494055.2390819185], [151133.4377030139, 494226.37908323226], [151095.83598895435, 494332.5571957523], [151143.5651966725, 494334.13473612553], [151193.3607149624, 494392.01560028055], [151227.04069658066, 494587.9752696745], [151211.75909546527, 494619.1678053607], [151093.0353295496, 494701.31544425845], [150956.12999988516, 494928.1686705356], [150946.72909966318, 494991.80110278435], [150966.14106124223, 495070.08559625054], [151013.5668741757, 495107.1775883979], [151010.08325750017, 494947.3026966903], [151137.2108198445, 494737.7241111026], [151271.3651194247, 494641.2942360148], [151284.21303100788, 494592.0638270836], [151248.866195318, 494364.8181429094], [151197.97548968438, 494316.49739872443], [151129.20672862136, 494108.54925852397], [151078.62094110265, 494044.98501754773], [150985.75223170442, 494029.4070545506], [150863.10170432588, 494082.9537600731], [150728.3131403447, 494096.6196698351], [150552.61391739966, 494036.1747885528], [150356.59333082766, 493933.0523177899], [150131.4005886775, 493869.3171529241], [150062.5872163692, 493860.0576715947], [149918.51665978882, 493894.2160714937], [149506.7922402709, 493837.1839851947], [149360.62871789018, 493718.6104519641], [149087.3198577978, 493587.6138733437], [148961.61897142918, 493617.97095497], [148914.34151320538, 493679.1018660346], [148834.35742629596, 493724.0452719842], [148782.6425296673, 493713.45793717797], [148763.29291589613, 493679.9261609778], [148691.03549982002, 493666.1569019662], [148482.07852824987, 493756.63840428763], [148430.92998549418, 493833.562888711], [148506.70582844422, 493931.90591969434], [148456.4956402022, 493991.50625944836], [148457.09567530832, 494075.3626395138], [148387.1031354861, 494269.5154856512], [148414.29608119035, 494400.2120435893], [148352.4257407992, 494648.9107130393], [148315.73873592017, 494681.95155318175], [148235.76947898258, 494697.95718942635], [148212.81027721887, 494779.9743876193], [148136.3505962155, 494825.61622287205], [148117.6845745758, 494864.4423106621], [148198.7153799464, 495001.4273806537], [148211.56032116618, 495091.8222907905], [148327.94483098882, 495252.01969497406], [148347.7083698177, 495349.81015936704], [148328.39639097615, 495454.903810692], [148345.67045511564, 495531.01697358023], [148286.70261929382, 495515.7455475081], [148220.16930064905, 495551.8772521335], [148150.41484870017, 495727.40969622217], [148192.61045989767, 495853.29685374885], [148198.91456002355, 495946.17931088724], [148247.38467544585, 496052.698733465], [148276.67943358823, 496230.31459918735], [148354.55973504702, 496342.9528433245], [148502.47222598165, 496376.81445282575], [148703.9395468411, 496333.8027814993], [148866.87178971298, 496328.85534299345], [149054.03753915377, 496404.9178732403], [149103.7467882568, 496396.4636609871]]]}}, {"type": "Feature", "properties": {"rule": "mudflat_perimeter", "coast_clear_m": 30.0, "inset_ratio": 0.1, "site": "jebu"}, "geometry": {"type": "Polygon", "coordinates": [[[148767.6620752708, 490609.64450857963], [148877.2980501157, 490614.3230236941], [148907.26681189693, 490592.0153940341], [148918.25592778594, 490545.6837633458], [149042.59629379108, 490551.7963824271], [149084.88820480465, 490574.52869942406], [149123.59602963456, 490542.69368480396], [148214.2850476607, 490511.54699505336], [148200.39398940728, 490534.915008625], [148196.70517212944, 490619.5219802939], [148278.92608506943, 490625.3751893422], [148325.23524795522, 490663.17610698857], [148402.76223535137, 490647.14908175974], [148424.1027868573, 490677.92551881267], [148496.6280343071, 490707.9493565692], [148548.56382985815, 490706.54068236187], [148619.6902529164, 490654.5977724261], [148767.6620752708, 490609.64450857963]]]}}, {"type": "Feature", "properties": {"rule": "mudflat_perimeter", "coast_clear_m": 30.0, "inset_ratio": 0.1, "site": "jebu"}, "geometry": {"type": "Polygon", "coordinates": [[[148991.38076397788, 492089.9707527212], [149069.02305197838, 491961.2900536674], [149215.3069356321, 491960.8021522739], [149231.57383344442, 491892.4967142981], [149205.67577037108, 491760.70865903073], [149158.62360230935, 491791.926236574], [149174.42941450514, 491915.2507386471], [149110.96179399115, 491898.9865314309], [149048.6999594253, 491907.79713572323], [149027.14508248694, 491953.5239399084], [148981.3081639306, 491977.7684361371], [148962.02478046395, 492035.65185518225], [148863.7183376465, 492090.10359286505], [148816.454564787, 492096.50803632854], [148764.75911004812, 492071.5126912347], [148778.227900549, 492052.5517823475], [148745.45720105752, 492027.6493861052], [148677.01780979533, 492044.3381677782], [148583.1592340196, 492019.177152638], [148560.5096386152, 491931.4339191528], [148625.03106729442, 491848.63972842414], [148677.45043561127, 491847.7767238024], [148790.09690406325, 491802.4334414233], [148942.34531629813, 491601.7047874669], [149066.6131947678, 491599.06557154394], [149075.72998625727, 491547.4092958476], [148990.7852100408, 491533.42567807843], [148899.16846724594, 491559.50137038704], [148774.63698283475, 491738.04026007745], [148574.27914761362, 491839.8293536261], [148514.5486510779, 491903.5737725405], [148504.86588468726, 491943.49509602017], [148519.51241428402, 492032.4279668982], [148592.70471698616, 492085.7161709572], [148806.45432687228, 492153.28704795445], [148893.56249232445, 492141.5397073156], [148947.02859736021, 492096.1322793308], [148991.38076397788, 492089.9707527212]]]}}, {"type": "Feature", "properties": {"rule": "mudflat_perimeter", "coast_clear_m": 30.0, "inset_ratio": 0.1, "site": "jebu"}, "geometry": {"type": "Polygon", "coordinates": [[[148540.8546961498, 495449.14387155906], [148587.1015994594, 495403.9222293426], [148619.95712002422, 495347.04591082584], [148577.59871073448, 495340.58463504957], [148545.26942984955, 495361.62118843873], [148525.4909556733, 495418.1325332698], [148540.8546961498, 495449.14387155906]]]}}, {"type": "Feature", "properties": {"rule": "mudflat_perimeter", "coast_clear_m": 30.0, "inset_ratio": 0.1, "site": "jebu"}, "geometry": {"type": "Polygon", "coordinates": [[[148554.87419935488, 494692.0710799335], [148651.22983111933, 494654.244061334], [148670.9426021268, 494639.26458637515], [148635.1534669738, 494605.8674050082], [148582.92585048257, 494609.7151395763], [148547.17967286328, 494656.4777876299], [148554.87419935488, 494692.0710799335]]]}}, {"type": "Feature", "properties": {"rule": "mudflat_perimeter", "coast_clear_m": 30.0, "inset_ratio": 0.1, "site": "jebu"}, "geometry": {"type": "Polygon", "coordinates": [[[148657.02905944575, 495277.1190617312], [148683.6712137636, 495106.89376379625], [148600.02724229952, 494851.7535982627], [148568.23835461453, 494873.5981765553], [148558.14664660912, 494916.2340492538], [148623.67305474606, 495110.6226262293], [148615.7122675453, 495235.1970248719], [148657.02905944575, 495277.1190617312]]]}}, {"type": "Feature", "properties": {"rule": "mudflat_perimeter", "coast_clear_m": 30.0, "inset_ratio": 0.1, "site": "jebu"}, "geometry": {"type": "Polygon", "coordinates": [[[148725.25268024235, 494233.53614024277], [148737.4249465618, 494123.3680161583], [148712.95249148118, 494001.94941269286], [148682.16699356522, 493951.1172013685], [148654.66031716455, 493997.0347398855], [148692.19809255312, 494059.15909866116], [148674.5821618019, 494093.56636665587], [148673.94470813088, 494185.19563592563], [148692.24187485728, 494219.1504981816], [148725.25268024235, 494233.53614024277]]]}}, {"type": "Feature", "properties": {"rule": "mudflat_perimeter", "coast_clear_m": 30.0, "inset_ratio": 0.1, "site": "jebu"}, "geometry": {"type": "Polygon", "coordinates": [[[148721.8012164283, 494456.7328491199], [148725.7325841801, 494241.3686237498], [148686.35496101843, 494260.5796363562], [148672.02700010303, 494296.39064747066], [148673.1555721533, 494415.75023958547], [148721.8012164283, 494456.7328491199]]]}}, {"type": "Feature", "properties": {"rule": "mudflat_perimeter", "coast_clear_m": 30.0, "inset_ratio": 0.1, "site": "jebu"}, "geometry": {"type": "Polygon", "coordinates": [[[149217.22484825604, 490459.2310969394], [149595.60917576635, 490428.2175205779], [149580.257538287, 490392.3687960171], [149545.9467954294, 490374.74801551254], [149249.43815298626, 490397.9925245941], [149439.9749575985, 490164.22654088197], [149610.23649447234, 490102.37236562575], [149662.5245373836, 490111.3448052696], [149826.6468731582, 490087.24556642014], [149843.42583560257, 490077.471240111], [149821.3499911486, 490032.0060291844], [149660.02003298348, 490054.1539631542], [149604.05603421302, 490045.0129961161], [149406.54003603332, 490115.48511906207], [149079.81207600742, 490516.3900401197], [149128.1317677981, 490525.2681932932], [149147.67572888656, 490491.5041770556], [149217.22484825604, 490459.2310969394]]]}}, {"type": "Feature", "properties": {"rule": "mudflat_perimeter", "coast_clear_m": 30.0, "inset_ratio": 0.1, "site": "jebu"}, "geometry": {"type": "Polygon", "coordinates": [[[162199.9969226007, 522097.54211919545], [162308.97615787212, 522053.7813939289], [162365.74574337213, 521947.8343650235], [162568.53664708807, 521994.8288084914], [162725.08388173315, 521898.5078697783], [162814.41583315635, 521896.3966767721], [162894.2979533816, 521919.96249650535], [162933.2214671309, 521903.6343585109], [162857.63248838094, 521848.94085943716], [162766.76962715646, 521836.51164339104], [162736.82798139847, 521838.77763208037], [162687.3721696955, 521895.0361987805], [162624.9582411413, 521925.72696508066], [162533.81651315634, 521930.41527844785], [162585.90276105056, 521918.52787265787], [162585.0320102549, 521895.8385681395], [162637.288027645, 521878.76611238526], [162655.6124954912, 521830.6588325762], [162609.79661612413, 521757.775701413], [162533.79834836998, 521746.68198038434], [162439.8108410872, 521824.09753285465], [162448.29706193993, 521905.4388740303], [162372.28019544747, 521890.4372789495], [162330.58607663438, 521902.34422704444], [162293.67911021816, 521942.3852687911], [162271.39352853308, 522010.281163824], [162184.3799210893, 522037.2129811311], [162119.22737570174, 522118.5936332891], [162061.6632337511, 522108.8000414854], [162046.84358704177, 522046.3859325743], [162042.91678483004, 522123.6461890773], [162121.48301742243, 522131.8253917045], [162044.5236756114, 522132.85219123814], [162034.88577005448, 522126.63807411585], [162044.8370120561, 522040.51476913656], [162025.94409193195, 521989.51174966194], [161950.61859038705, 521938.0404357478], [161856.5602410558, 521944.7709899792], [161748.1433348692, 521986.26131696196], [161581.3096580035, 521902.0448454069], [161425.49369448042, 521863.45968142606], [161182.51824853392, 521845.98532650643], [161072.1842651578, 521805.29160286137], [160921.63907416974, 521801.154371021], [160772.54065146967, 521740.96022639185], [160411.0027457699, 521724.1798614404], [160321.96392420764, 521754.7863619919], [160236.8318492069, 521707.40417932335], [160083.00839937225, 521692.6403177194], [160026.7893262522, 521717.3586980609], [159821.2906992553, 521690.81109531596], [159784.99158329034, 521674.01772277034], [159708.6865757923, 521579.9203126255], [159652.42933398744, 521549.4536597291], [159496.6702552842, 521512.21438711457], [159332.21419304077, 521551.1337726477], [159245.99451706355, 521479.72737614857], [159065.6428715246, 521457.7886030578], [159016.18229426275, 521378.2434857366], [158931.86720275105, 521328.94055811194], [158921.9515446766, 521239.11885677936], [158854.29817997265, 521183.3079066093], [158755.63501456202, 521170.0082432082], [158709.91486700083, 521206.41661761294], [158686.80033718387, 521257.17359875457], [158633.88359906443, 521217.6607738533], [158544.73991398094, 521188.39181705075], [158528.823425666, 521174.06495659286], [158535.17002021213, 521114.2723838139], [158654.9810369541, 520966.6291882712], [158671.87247305468, 520891.24753800523], [158664.0901491679, 520823.28887037904], [158717.62642751107, 520733.8714367091], [158704.668708726, 520580.4381792542], [158666.70211934927, 520535.64563001756], [158683.93273656003, 520460.48689485126], [158658.34428460881, 520388.5350085745], [158679.7699343802, 520284.5118136189], [158587.42012296905, 520015.4568720251], [158403.9713780318, 519841.346900862], [158445.11808606546, 519759.4805802948], [158411.99143639312, 519696.8934791979], [158357.5579915812, 519667.66691875184], [158376.77784158156, 519577.9195170365], [158364.3828541494, 519511.76223470684], [158237.79638090616, 519344.09605076606], [158123.37105716264, 519251.64145406045], [158092.85509156427, 519188.8762075561], [158019.35083922482, 519144.6572381275], [157999.05168575078, 519079.4093254488], [157943.86435430095, 518999.84910988586], [157863.9413601317, 518953.18437658454], [157826.99894160868, 518843.4360943421], [157775.35978371804, 518766.47982166783], [157644.68314153492, 518704.05600093346], [157341.31276995785, 518346.18848635326], [157283.77725020607, 518311.3115260182], [157166.4469149086, 518284.9484574227], [157142.35429654928, 518205.6231145], [157036.94186477788, 518108.18374698923], [156995.29285385954, 517952.0380394493], [156820.66679651447, 517866.0989012192], [156776.6339703797, 517806.2395173745], [156716.40320603037, 517595.3476418019], [156636.29620155078, 517488.738897228], [156616.8878514928, 517372.9545709325], [156549.65994839976, 517197.3437365617], [156454.59736538318, 517138.84160723176], [155551.58986787006, 517137.13805024896], [155469.95446470153, 517174.6940960574], [155464.17464511536, 517240.6790142284], [155430.68740215298, 517288.4322470542], [155478.39497995042, 517380.1255575705], [155527.68442508078, 517389.69404334406], [155532.18960080112, 517423.0699492405], [155560.26951295798, 517432.31918882753], [155547.61694675413, 517481.9204286201], [155561.34603356317, 517517.45865636144], [155641.31023968413, 517531.4026342687], [155703.41128787652, 517630.2417772025], [155730.7538495116, 517719.9935436079], [155777.7893221144, 517716.0932455723], [155820.28604974752, 517870.4050586964], [155950.32763782193, 517967.4768982346], [155953.66936621696, 518144.9996739163], [155991.05603153913, 518273.2502273294], [156072.10427759084, 518332.9087796419], [156125.3725084755, 518455.90411141503], [156219.86107392688, 518514.4781213845], [156240.30920989526, 518608.5413341833], [156320.68298883276, 518680.17839865905], [156403.164865348, 518882.1897835497], [156519.88268865013, 518961.46399231866], [156489.66116908303, 519024.85888006835], [156493.2279827331, 519079.00451905763], [156603.21709996002, 519259.823673213], [156688.86004420495, 519318.2750073155], [156653.31775884447, 519367.2372071478], [156635.57622875425, 519462.44380965835], [156545.93105566426, 519449.40619663196], [156472.94374998385, 519481.7950321248], [156434.8698545872, 519545.6850058398], [156412.30856111768, 519663.03625742195], [156474.8313811201, 519899.27753853926], [156448.98953031085, 520045.3726748937], [156486.13396712302, 520104.9642198797], [156561.62148390705, 520132.3016529504], [156572.13256979178, 520592.87584090943], [156612.07032285203, 520746.5216742003], [156594.37771121145, 520786.74071658694], [156541.0086418241, 520812.06621905626], [156217.42983405347, 520795.474206132], [156186.78934817467, 520827.4382778481], [156140.17740834353, 520959.3390007791], [156046.3357947584, 520893.6727269246], [155922.07112523488, 520914.8347225665], [155838.82563307186, 520754.62353925465], [155789.4185480957, 520721.68981092103], [155727.83845670958, 520728.65981931356], [155690.51218344702, 520774.93247297767], [155609.9049123836, 520730.0347683473], [155519.6299581482, 520754.4029237343], [155327.43950861716, 520628.9981048218], [155048.67229142468, 520585.9979940805], [154945.35446076488, 520603.4494286348], [154800.29591201313, 520666.97757747397], [154710.33491402227, 520729.1204544172], [154520.70054907215, 520736.1969227865], [154314.23294466938, 520824.1386930061], [154069.51672224907, 520814.001792189], [153825.7061639592, 520944.8517645655], [153642.0299315103, 521001.2733799947], [153525.00343627742, 521005.5530295106], [153417.22313415507, 521093.5499040052], [153359.3523159797, 521248.0399053089], [153165.7069961538, 521290.54883718933], [152931.82466505107, 521139.5858287056], [152850.00045676844, 521167.88166751823], [152754.81125205272, 521143.5998586414], [152565.84306242305, 521184.2722277151], [152465.51666734373, 521171.96674766554], [152393.93980238316, 521191.13746714377], [152236.99409947917, 521160.95225544716], [152145.27368682038, 521204.6101756027], [152040.4740601613, 521093.87211762083], [151993.5630647477, 521100.061948283], [151966.28129584613, 521127.0753667277], [151890.35680297905, 521105.32063596084], [151799.09038277183, 521125.9625522662], [151663.53324198755, 521063.6767574574], [151687.50927502743, 521014.8476913819], [151683.3098478742, 520964.8019912754], [151603.6570492396, 520912.4393475445], [151440.16931784863, 520974.55031203997], [151312.60328944598, 521089.1794017196], [151227.48306239655, 521129.29464825976], [151228.18420797016, 521036.9070692876], [151182.15727472244, 520986.49297066435], [151212.07513782123, 520912.2873065295], [151200.5470937576, 520866.5332096852], [151141.25741003786, 520829.54053582594], [151044.00200015854, 520822.33685498853], [150978.52019674823, 520796.5253130868], [150928.2379297512, 520672.4534535003], [150837.64993523806, 520603.7809233398], [150760.50249140005, 520511.10339308117], [150714.21516179063, 520393.6063073826], [150601.67836511187, 520315.8325185579], [150539.78987243114, 520186.9778314153], [150445.13726523204, 520121.0545772975], [150384.15633393184, 520018.2119915704], [150330.53629181627, 519978.8971745477], [150206.07957991204, 519954.8597922973], [150154.29866521936, 519888.66458920366], [150089.55745590295, 519843.631363652], [149874.37059890624, 519829.70764409215], [149855.2300157837, 519751.93098328327], [149779.99057840128, 519610.7710541415], [149787.83995566712, 519417.3981574888], [149766.11116972743, 519305.8264901817], [149658.01237623044, 519144.42191209755], [149663.40037092014, 519063.67627455754], [149641.66691385026, 518978.86758420325], [149579.92192115643, 518916.30414766923], [149572.5190333496, 518732.5304554023], [149525.76352835604, 518668.6716845404], [149419.98652400763, 518588.0191329446], [149409.3473875565, 518556.4602978784], [149443.11333164765, 518432.2751404099], [149400.38518983236, 518422.74512122455], [149356.1944994352, 518522.1054005571], [149350.54295052247, 518564.27084596537], [149371.80339834274, 518619.97059486527], [149519.3373696772, 518753.714780107], [149523.66374071143, 518930.9483474201], [149589.278994922, 519001.94508221594], [149603.01999346225, 519162.42440044356], [149711.71445499442, 519323.66079393635], [149730.76490362288, 519421.8144226879], [149723.8734076186, 519622.17060294957], [149812.50022561094, 519798.0457332941], [149824.34020867152, 519861.7966556485], [149885.65824639617, 519893.3432546008], [150067.60893533533, 519896.5022196036], [150172.07780334502, 520008.89937319414], [150283.87185896636, 520023.1378317454], [150345.09209474706, 520060.0575430792], [150399.08719736175, 520157.5127941853], [150492.11583645, 520218.66775500984], [150559.12983769167, 520354.77371358115], [150669.65977554524, 520429.54907467565], [150709.54343438213, 520540.018874391], [150797.02069386258, 520644.61975533114], [150893.0083140634, 520720.65043198003], [150928.94879102687, 520829.5368979388], [151024.86563908434, 520877.87811833376], [151154.32315967343, 520900.30320941785], [151124.60334209749, 520995.6608062356], [151173.49899936817, 521053.8361249115], [151171.3801200918, 521154.0429432201], [151197.18896520042, 521180.839180543], [151291.68404033722, 521172.274480893], [151411.5522097045, 521085.87018398324], [151453.56375091785, 521033.25762520754], [151529.1208493002, 521015.1049783079], [151596.61215967225, 520969.2498614935], [151631.05536313826, 520996.8537157222], [151585.01136660483, 521057.71325094666], [151597.44901546487, 521089.0510515295], [151696.3720823675, 521151.89381144283], [151785.59880537598, 521181.8904572111], [151925.55184044008, 521167.2401798477], [151994.3992522565, 521279.44804975635], [152112.53776486212, 521369.07296872686], [152148.14633728153, 521365.77118122287], [152179.59071146022, 521255.0511183464], [152239.7007450154, 521218.13388741144], [152396.03194950274, 521248.44016655907], [152470.31945058174, 521229.0105750032], [152570.27365630993, 521241.62438092334], [152759.76971557623, 521200.6303645452], [152859.4860682565, 521225.2393719051], [152922.42113242752, 521196.05385982373], [153044.02312632638, 521293.8931451497], [153177.42252137588, 521346.8402134949], [153394.85663613954, 521293.3115195043], [153421.97574208415, 521259.6341535939], [153464.36442928668, 521126.0270229888], [153543.58146815156, 521059.700251931], [153650.4490450091, 521058.70987948787], [153845.59656592278, 520998.77191514464], [154081.1138347929, 520870.0604395577], [154322.91591206565, 520880.86073676107], [154531.887641451, 520792.3388316271], [154725.93417661387, 520784.5038647915], [154843.5930558289, 520709.1765815093], [154967.37131538737, 520656.2918649591], [155053.40412123213, 520643.04775087954], [155305.47719390702, 520681.863232238], [155502.54467473977, 520814.7682202398], [155603.29386279805, 520786.89740095905], [155687.03631527536, 520861.0144095572], [155720.5890948852, 520848.5983095161], [155750.58701585178, 520782.53289984004], [155773.00528776908, 520776.5320378052], [155906.02268345765, 520990.4303513879], [156025.3559517074, 520948.373715921], [156084.82332127687, 520995.9296859646], [156149.26358332578, 521016.8866521345], [156187.6207152534, 520995.3531270255], [156240.8221034439, 520847.7223323848], [156550.04817817718, 520868.6360630275], [156612.47544709858, 520846.33017682494], [156661.34127877164, 520778.860643632], [156668.14785118442, 520705.2516088344], [156629.27317976326, 520589.40948024613], [156638.0183009862, 520510.2942065182], [156616.05152798397, 520427.3890243642], [156618.14434596238, 520109.9833003138], [156600.99217739032, 520080.55698345933], [156522.98528944718, 520061.1573139501], [156503.28738434942, 520027.2396108678], [156534.91738042765, 519901.4031822119], [156470.27860781536, 519656.15237417625], [156516.66120181, 519518.7524315191], [156560.3947810899, 519506.6763815376], [156634.50045201977, 519523.9933775491], [156671.07418154788, 519507.6408297464], [156696.6943674605, 519480.556227898], [156713.42365973507, 519374.7493838812], [156774.50262749603, 519341.4687086292], [156784.5945055178, 519312.4698967506], [156768.96083934017, 519288.07593705965], [156648.7249277941, 519225.0946857532], [156545.71150173768, 519056.1452715403], [156592.19514204518, 518944.99831046077], [156449.1154743374, 518848.04880380887], [156371.55967084106, 518652.7772567224], [156291.32907780795, 518582.5790915542], [156264.5561052328, 518477.8844475185], [156165.71896076878, 518415.29341391416], [156118.29631443095, 518290.2866621438], [156040.19584178802, 518243.88453283964], [156010.73855679893, 518140.508298795], [155999.27327065222, 517934.75852969266], [155866.92352884513, 517837.20851508743], [155839.82823264488, 517716.69433730945], [155776.56750377308, 517685.66900359106], [155678.17010297242, 517509.0838005772], [155605.62434872935, 517481.1751095364], [155590.9802100815, 517393.9564007609], [155529.26606456333, 517353.0572973707], [155486.58796396077, 517283.02840163984], [155507.70339562226, 517217.4349452341], [155560.62718611403, 517193.6658473325], [156436.4324717081, 517193.12882121385], [156519.02479512492, 517247.66748770623], [156582.8414680828, 517509.5727877504], [156664.36622296993, 517619.205918314], [156723.69571634306, 517828.8113734652], [156774.88797228457, 517901.1459516771], [156949.65211128548, 517986.59216483904], [156986.05175250798, 518134.86736144876], [157045.0414883667, 518212.3670383814], [157094.58208048966, 518237.1648382467], [157114.58721121732, 518319.4035167576], [157303.5496591116, 518389.21188026137], [157353.30619486998, 518466.6416998617], [157467.78622061491, 518568.0026667509], [157506.52069908855, 518637.9493118282], [157608.26085921354, 518748.7916684758], [157731.6654125296, 518803.464506209], [157823.10218568982, 518997.03050603624], [157902.5982998166, 519039.5250183374], [157948.62236428948, 519106.5008093711], [157969.81500498566, 519186.60842590604], [158043.7286633004, 519220.3285481661], [158071.453446475, 519280.35468155507], [158195.79004727714, 519382.98734669725], [158313.75881377386, 519538.4880929759], [158314.7717305458, 519614.76300312625], [158286.11935025064, 519691.9422715331], [158372.13078830333, 519737.9811135667], [158388.05662003928, 519764.06905053055], [158336.18102845945, 519849.72652286233], [158537.65195646873, 520043.7445825609], [158622.73592951667, 520289.42986743996], [158594.87293482642, 520391.53340173484], [158625.88333988743, 520483.1308515479], [158584.03491743462, 520548.08916820266], [158649.83886560268, 520596.8927612067], [158639.1527312797, 520665.1701146983], [158660.64952538157, 520728.33089631255], [158611.33919657636, 520796.3384171571], [158604.36639802196, 520939.88552939787], [158511.37675501886, 521036.7366044277], [158481.1624466883, 521094.10046548425], [158473.78467439592, 521193.980573807], [158522.7866441034, 521244.9878560695], [158694.2836962524, 521314.61724850175], [158729.91848900577, 521296.8699897658], [158769.59516795125, 521227.2680157339], [158831.37167192594, 521235.76207892137], [158871.2599966649, 521265.71644923324], [158878.85140404917, 521358.0220118821], [158977.68923773416, 521420.6150512405], [159033.8487492787, 521506.30687685387], [159125.5074715602, 521534.4964180258], [159228.30078440087, 521534.1699770106], [159324.1236411272, 521615.2002893615], [159495.07670840767, 521569.4378575835], [159638.13737238126, 521604.8865452539], [159713.1103372142, 521666.30330093094], [159746.20770772442, 521721.6311954249], [159802.3686682108, 521745.19502766355], [160021.81364653914, 521774.96207890037], [160088.09855216014, 521749.6592208021], [160235.68980479115, 521765.03095392097], [160272.0377090482, 521782.7535392421], [160269.63974468032, 521834.0808439842], [160295.69794686534, 521844.1870986221], [160395.9170999775, 521782.8732458531], [160765.93477790582, 521797.8234605473], [160914.88352811072, 521858.2890407893], [161065.03867309535, 521862.0895383717], [161165.66353222542, 521901.9073130889], [161418.29086181498, 521920.25038635], [161567.75885802764, 521957.6635543471], [161733.3298198129, 522042.1701526621], [161937.9616045087, 521993.8693321424], [161975.04882047005, 522015.71740376524], [162014.39437487238, 522149.1204745253], [162110.03345550745, 522176.08228262287], [162150.96035940188, 522173.0099806976], [162199.9969226007, 522097.54211919545]]]}}, {"type": "Feature", "properties": {"rule": "mudflat_perimeter", "coast_clear_m": 30.0, "inset_ratio": 0.1, "site": "jebu"}, "geometry": {"type": "Polygon", "coordinates": [[[149433.16148093215, 518167.7755765686], [149663.50417085126, 518123.6483014612], [149726.5808241017, 518045.07999539067], [149722.0707404234, 517993.8103037823], [149752.21244262424, 517929.61342503957], [149743.75575743883, 517849.2978592909], [149781.40418584057, 517800.35583491577], [149766.0284092782, 517725.2962810998], [149697.52877451293, 517679.915667262], [149688.07094586687, 517611.2600247611], [149768.2415518393, 517586.8634112935], [149951.94999214364, 517403.1007671512], [149951.73073036387, 517295.19675208535], [149922.13843748454, 517190.5070812415], [149872.52511135396, 517181.7793255975], [149867.90593009588, 517127.1037137554], [149905.85898705202, 517106.93060091074], [149904.6496668667, 517064.3308418868], [149820.52644001806, 516924.29765611084], [149894.53387159423, 516736.6013228867], [149952.94933670774, 516670.8378784871], [150045.24783927214, 516659.31123537704], [150102.11991757283, 516618.00852490065], [150076.22077938844, 516580.71445411746], [150099.37275602663, 516572.24687676784], [150094.6423955129, 516469.7187265933], [150011.47984091018, 516353.64927206235], [150021.02230468433, 516317.0496956209], [149586.2591231875, 516318.6172402948], [149560.99486726776, 516364.9720833286], [149605.9443322089, 516380.0176339481], [149960.6556060551, 516380.03048677935], [150043.8647022108, 516504.2990868856], [150023.75979788287, 516603.5665004225], [149955.31581045018, 516605.36862462625], [149910.37163166518, 516632.57295986085], [149845.48384304016, 516707.08590889664], [149770.4731472289, 516875.3776602478], [149767.53493769688, 516947.89780628774], [149842.54774624063, 517070.50917561253], [149812.15374996405, 517114.1129718708], [149816.6939637763, 517194.42637759884], [149838.02583634906, 517229.31857787847], [149877.93507453517, 517243.8955603855], [149894.97364448704, 517386.1234396829], [149739.02466945036, 517534.756650722], [149669.66160242743, 517553.50851306366], [149634.47070123994, 517591.1583148812], [149646.31277774446, 517705.48882974085], [149709.81859704934, 517747.1881568954], [149721.68091113033, 517787.01350217446], [149687.89515947204, 517836.78152760176], [149695.1177869649, 517925.11228953087], [149666.14179549314, 517981.6030074744], [149671.9985696376, 518025.5409518828], [149609.65949753748, 518085.375735477], [149441.0711379877, 518109.8257059309], [149433.16148093215, 518167.7755765686]]]}}, {"type": "Feature", "properties": {"rule": "mudflat_perimeter", "coast_clear_m": 30.0, "inset_ratio": 0.1, "site": "jebu"}, "geometry": {"type": "Polygon", "coordinates": [[[149555.23777568393, 517616.0891231671], [149503.55534349178, 517753.37307437987], [149442.33958120976, 517840.4552585274], [149462.7679936128, 517872.6996531662], [149541.0935438146, 517911.29260203923], [149545.84577576118, 517936.3306836813], [149462.39870553164, 518015.13055436255], [149442.47092360014, 518098.8409331871], [149491.38928319758, 518082.91712063603], [149601.51494466563, 517949.67266995204], [149589.7884818113, 517879.6983496882], [149514.71397783034, 517832.4126267348], [149563.97097409097, 517758.7968815506], [149582.52162828067, 517676.17916355334], [149555.23777568393, 517616.0891231671]]]}}, {"type": "Feature", "properties": {"rule": "mudflat_perimeter", "coast_clear_m": 30.0, "inset_ratio": 0.1, "site": "jebu"}, "geometry": {"type": "Polygon", "coordinates": [[[149636.75206468158, 518541.22650269535], [149596.04581763205, 518494.39775191416], [149522.94737187822, 518492.5577074199], [149475.806424584, 518544.0943106019], [149478.21063157145, 518609.17019615386], [149520.8807558507, 518647.89106230915], [149590.77923552215, 518644.99211152643], [149628.3250684269, 518607.2159660905], [149636.75206468158, 518541.22650269535]]]}}, {"type": "Feature", "properties": {"rule": "mudflat_perimeter", "coast_clear_m": 30.0, "inset_ratio": 0.1, "site": "jebu"}, "geometry": {"type": "Polygon", "coordinates": [[[149556.51489321556, 516372.51371130167], [149515.72616797578, 516474.7452275302], [149519.93837268447, 516544.5847391025], [149588.08432508542, 516603.5248287622], [149608.21530929842, 516655.9504840827], [149534.86891111865, 516715.49527350836], [149529.05767967048, 516763.7791409332], [149617.74559415923, 516898.40386406204], [149610.99188915855, 516991.7619440554], [149557.77716678768, 517055.87237570196], [149601.5631650435, 517073.3754032176], [149637.24832238222, 517058.73680606], [149661.64201379387, 517018.4383350892], [149676.71205166407, 516917.93744523183], [149660.40836804605, 516847.31368141033], [149630.7874099906, 516809.7008204375], [149596.01037265026, 516800.1700980212], [149585.32932797467, 516745.1278483591], [149645.36860678275, 516709.3942375482], [149665.3860985143, 516641.8749871638], [149647.18970898626, 516587.6312057444], [149596.12637144947, 516561.7116705988], [149575.33273905513, 516518.0416408601], [149589.33312202984, 516399.810445384], [149556.51489321556, 516372.51371130167]]]}}, {"type": "Feature", "properties": {"rule": "mudflat_perimeter", "coast_clear_m": 30.0, "inset_ratio": 0.1, "site": "jebu"}, "geometry": {"type": "Polygon", "coordinates": [[[149531.58558644977, 517126.3353088873], [149576.33423309756, 517241.78178187803], [149596.82607480657, 517361.6364152662], [149606.271284799, 517359.8624503684], [149646.61819178337, 517317.00616069965], [149630.11917874694, 517222.1796241995], [149590.74353341473, 517137.1770030255], [149531.58558644977, 517126.3353088873]]]}}, {"type": "Feature", "properties": {"rule": "mudflat_perimeter", "coast_clear_m": 30.0, "inset_ratio": 0.1, "site": "jebu"}, "geometry": {"type": "Polygon", "coordinates": [[[150569.57121574634, 501808.16060214577], [150552.15214746192, 501774.44978814054], [150441.5215140388, 501781.901058429], [150163.20648641445, 501700.1170316506], [150167.5099561538, 501573.1285418818], [150147.9240306561, 501494.84060622245], [149996.63951360094, 501394.7787904774], [149877.87872307765, 501208.2767835407], [149809.17986935814, 501193.20500828157], [149627.86308868811, 501203.011936613], [149582.12684947916, 501218.67381760944], [149553.52819148754, 501260.44684047066], [149542.50568575936, 501335.7149826872], [149573.69200963998, 501534.62276354514], [149619.66412937397, 501592.3412810897], [149778.41479745365, 501680.63815887965], [149799.14661694944, 501809.1222973519], [149863.86952190122, 501873.4859851239], [150057.7315032977, 501883.4439530635], [150210.49906598686, 501996.537331841], [150285.61894053064, 502014.61948874325], [150333.08591220455, 502001.369255229], [150412.7638507652, 501915.7965560642], [150569.57121574634, 501808.16060214577]]]}}, {"type": "Feature", "properties": {"rule": "mudflat_perimeter", "coast_clear_m": 30.0, "inset_ratio": 0.1, "site": "jebu"}, "geometry": {"type": "Polygon", "coordinates": [[[149550.48694897842, 500928.1312213967], [149565.85505424862, 501010.4551408888], [149606.0097739739, 501009.0507377414], [149632.48325203554, 500983.60807984386], [149644.371752346, 500923.6080911878], [149608.79352788086, 500876.85868437856], [149579.89134125167, 500876.84384825797], [149550.48694897842, 500928.1312213967]]]}}, {"type": "Feature", "properties": {"rule": "mudflat_perimeter", "coast_clear_m": 30.0, "inset_ratio": 0.1, "site": "jebu"}, "geometry": {"type": "Polygon", "coordinates": [[[149617.02428819647, 500765.906403839], [149652.3955689831, 500741.7683086512], [149638.24506437063, 500709.97799544013], [149608.28421466204, 500732.97228677], [149617.02428819647, 500765.906403839]]]}}, {"type": "Feature", "properties": {"rule": "mudflat_perimeter", "coast_clear_m": 30.0, "inset_ratio": 0.1, "site": "jebu"}, "geometry": {"type": "Polygon", "coordinates": [[[168358.49283496916, 510705.14334095374], [168410.16708833826, 510664.2254438961], [168551.64889564272, 510286.44470385567], [168614.87794264933, 510313.0144916391], [168621.7376385783, 510356.82728754485], [168644.19796098597, 510297.4043433678], [168716.02895196012, 510338.29992978944], [168794.22153471416, 510335.4892473434], [168884.8818887975, 510300.3232454336], [168986.2498100529, 510196.86462531117], [169066.83628003122, 510174.898127427], [169035.12097414504, 510233.7869040483], [169043.77193669358, 510291.30341555394], [169203.84079247614, 510255.6694283545], [169181.67209403848, 510182.5335316891], [169106.23713933493, 510154.98733266274], [169132.92932280345, 510101.64220439125], [169126.6108127528, 510035.461471859], [169059.3342596577, 509920.8009042643], [169000.60413944954, 509869.6145015165], [169042.46149306095, 509841.1598715336], [169112.6909151412, 509900.7763144785], [169158.73558090947, 509904.6995211033], [169225.73657886186, 509984.30840336584], [169289.106442711, 509979.6976841632], [169173.04002730455, 509830.6160272275], [169140.17895293448, 509850.56204616325], [169107.43995603846, 509809.09605184966], [169066.55902952218, 509822.8599806581], [169098.2989529631, 509796.6081063663], [169058.85697366443, 509745.26095483184], [169089.1699946607, 509720.8661149067], [169013.78997095948, 509623.1980880315], [168971.73899987445, 509625.49497490283], [168956.2330571832, 509582.1840073513], [168975.92798161745, 509562.41914108116], [168926.99263753332, 509580.74611393746], [168913.83383384903, 509633.08822243917], [168934.2007345898, 509668.7146880391], [168985.913868002, 509682.360454865], [169010.4816660199, 509714.27242008486], [168960.33634629496, 509691.7715768351], [168895.47539055796, 509718.22722313594], [168840.4582508338, 509699.17266445217], [168827.50386180988, 509660.6263440555], [168725.8422979376, 509555.3016030776], [168625.60723657542, 509500.8564940763], [168637.14697224085, 509399.46978161], [168685.82209683818, 509292.836456943], [168676.24700240255, 509236.9478149581], [168643.29235716193, 509190.20641987526], [168511.5896569139, 509129.36769645277], [168366.45518522168, 509143.27709758974], [168300.98549007167, 509005.9090422771], [168234.95893998485, 508960.21418647043], [168184.68520509865, 508952.6724827784], [168109.05369572126, 508965.49313912675], [168064.04775126113, 508994.32664444763], [167997.80292842642, 509154.56173128047], [167940.09076096502, 508968.72172800626], [167888.11869433662, 508918.11043588317], [167765.4485800382, 508869.65077660163], [167476.744422931, 508970.00505872874], [167372.06359375373, 508970.7307174802], [167159.30510354266, 508881.85568640387], [167009.66278725414, 508937.4832571274], [166882.5996572192, 508955.74054918566], [166806.07007224936, 508926.293497269], [166782.57989831737, 508854.4603872402], [166751.43374856742, 508824.5198219299], [166655.9268340586, 508821.8315770937], [166617.18434078994, 508840.63591639424], [166575.53006923932, 508902.73257428326], [166510.1287119646, 508924.3593804957], [166467.7068956401, 508994.6982825392], [166426.1182929135, 509008.5419620651], [166215.0484002602, 508845.40486981935], [166142.20618465016, 508814.4341080623], [166012.9816096331, 508822.67790249677], [165919.41784402728, 508867.1179877417], [165847.52119006898, 508792.5671425037], [165722.61514155843, 508731.8705561411], [165674.98737546027, 508611.90614680934], [165608.4586623199, 508538.2056831275], [165458.14311160418, 508501.3318446983], [165302.8996451047, 508434.49763029785], [165116.67357272684, 508300.65422375797], [164934.98862507998, 508271.72859434586], [164813.02929699037, 508188.5790392388], [164620.344840805, 508151.37258286553], [164630.57213084828, 508007.7272889663], [164579.41026077364, 507882.5988131334], [164503.75193025626, 507820.9475488613], [164338.21974894797, 507746.5944668204], [164302.9392957787, 507705.5623309924], [164204.3070354414, 507465.6487755363], [164211.9729632824, 507297.3892308252], [164160.4021075549, 507079.93108606176], [164405.3142832422, 507052.4929167247], [164546.77949455057, 507002.05421549437], [164977.99739335923, 506673.8800150922], [165154.92708905402, 506617.112815219], [165388.9601981773, 506484.1097432915], [165527.52807174175, 506346.4639641188], [165738.75650901577, 506284.3926741202], [165904.46504763459, 506361.2612046768], [165958.01083012365, 506361.0603776236], [166017.1936135463, 506333.4765395157], [166099.49346400207, 506233.4878901919], [166151.3967021745, 506112.2049567406], [166248.14526434892, 506062.2890016566], [166483.7560654404, 506004.2204735579], [166558.46973337818, 505929.27813346515], [166581.33299995508, 505806.8113232911], [166680.88172177973, 505727.23209672066], [166781.71420393797, 505699.0239705931], [166875.04343070637, 505617.89631694567], [167004.97516776237, 505636.9186650149], [167074.13088542243, 505600.0195029586], [167099.83727649818, 505506.7858522703], [167087.25128344732, 505302.3960962031], [167314.41086715698, 505133.65798453544], [167355.4041909883, 505032.65701073053], [167442.30962884598, 504998.13079218235], [167474.53998156468, 504951.98251326464], [167479.75448165994, 504849.7971259363], [167537.1846587319, 504726.6965933342], [167643.56733836175, 504728.72701119044], [167702.9966570136, 504708.4658878223], [167770.62671001014, 504592.34279661695], [167878.06535837235, 504537.09198925865], [168029.26344605332, 504549.78327588376], [168388.1120617958, 504384.8519116552], [168521.6751650107, 504261.1820365721], [168632.53734184278, 504199.587850345], [168686.00431958094, 504114.4272780774], [168757.90392427574, 504148.77863816766], [168814.60662955142, 504148.4084063101], [168990.91338020735, 504054.96653638314], [169122.49811067642, 504023.8936510974], [169251.8642374429, 503840.5787520256], [169276.941523859, 503661.01395356515], [169411.39886891222, 503703.2217295738], [169489.61270658276, 503698.244532774], [169655.1649613365, 503614.712474835], [169710.90295110055, 503542.67614829907], [169768.2204273516, 503525.34844223526], [169799.27296813315, 503491.2216199305], [169802.41938930415, 503427.72175089834], [169760.72568336365, 503381.52850498474], [169463.80706064435, 503328.3740329709], [169470.208884646, 503303.17870423076], [169906.17150387148, 503267.6681503288], [170549.25205385263, 502960.4036130633], [170618.94473555332, 502901.90921750164], [170719.72171194153, 502753.3752828763], [170815.20003805723, 502719.06577751716], [170866.97450551615, 502638.93951116025], [171108.2024747519, 502464.73370013066], [171166.06645217258, 502370.72432442155], [171272.13669924458, 502340.0963373297], [171337.0152860678, 502173.0030080048], [171275.20358051703, 502174.7146457343], [171232.13495307683, 502299.14605933684], [171129.20456643694, 502318.3553228599], [171057.5254826857, 502434.10736936406], [170830.44109331872, 502594.34087808087], [170780.16919799073, 502673.78989863675], [170676.10412708513, 502714.97719231364], [170574.3828076338, 502865.9745609114], [170517.48521693618, 502912.78079252015], [169886.9441258535, 503213.74809006625], [169426.13612150055, 503257.8585425449], [169401.0477695873, 503336.55585347], [169417.8992764365, 503371.21083509317], [169547.10713940166, 503389.262280997], [169647.0664295733, 503427.24630972324], [169721.2983018225, 503428.0600127002], [169746.51230647002, 503443.9129436267], [169747.26592544187, 503467.298148722], [169676.17641007892, 503493.3656713206], [169624.2554133765, 503566.5288177605], [169474.15926448922, 503643.1241545857], [169423.69143801657, 503647.31146478304], [169252.19269335465, 503606.4451458022], [169208.44331624327, 503669.2792105166], [169200.04986184428, 503816.2408095184], [169087.9232233237, 503978.2686346184], [168970.79195958225, 504001.05304025195], [168794.49696129357, 504094.03498971486], [168725.31915167515, 504072.8881254851], [168669.57660546797, 504013.3335785117], [168634.14068703336, 504012.180736334], [168612.56687133815, 504139.26876048726], [168483.68763804514, 504216.060435812], [168359.19271526346, 504335.44810248725], [168011.79525743698, 504495.2678895178], [167880.2717297161, 504477.3077493089], [167753.23515262656, 504529.6981745081], [167693.47611375395, 504596.6322148754], [167662.69695949735, 504665.0051074444], [167501.03592864817, 504670.1462793015], [167420.47114475656, 504843.4632514263], [167424.15959075268, 504920.5475662014], [167398.10951352213, 504961.752024068], [167356.73056484212, 504974.75624928356], [167321.6179625119, 504942.1387400143], [167241.32712689665, 504930.6022026435], [167228.5079257264, 504980.1799120397], [167293.50823768237, 505018.4277564851], [167291.17204790024, 505066.25757297804], [167242.30138712405, 505120.7321969053], [167059.56786102726, 505236.39115071023], [167037.57719019492, 505272.93071958923], [167031.48894266147, 505561.82618310116], [166999.77705973558, 505579.909502268], [166912.95845141524, 505555.3903326308], [166856.43642850802, 505563.6372617031], [166753.91075574275, 505648.9836545208], [166649.8730715674, 505678.54356186517], [166536.5658017711, 505770.9130964531], [166511.4104698429, 505894.9553448143], [166448.1051097366, 505959.4312525157], [166238.01975657855, 506005.13954853505], [166109.86978175983, 506072.56900079077], [166051.70010240824, 506201.9782162532], [165986.5679947651, 506285.1119198188], [165912.2461971214, 506304.54684426583], [165813.16133822047, 506244.45386878226], [165736.95896149302, 506227.0964271993], [165511.19189133545, 506290.84264003707], [165463.17777339148, 506313.5824398969], [165408.57734082744, 506399.6881228856], [165354.9521758731, 506438.06064576376], [165130.50265902342, 506565.33915220544], [164952.3817020369, 506622.33874732285], [164520.3856979458, 506951.2562582033], [164395.33728373668, 506996.1233820005], [164126.0618493309, 507026.0738692317], [164105.65352074584, 507054.6457254451], [164155.15751790584, 507304.3942383787], [164144.21532755686, 507448.7361484695], [164160.05575740366, 507511.19952646736], [164273.53877641482, 507764.35990592866], [164343.73420127147, 507816.0935415054], [164477.19710922166, 507871.66151581303], [164552.2293019196, 507944.49867079477], [164574.44183201203, 508018.9724886851], [164553.41653477866, 508138.6626566072], [164570.99016763055, 508182.6614323022], [164644.03624654343, 508223.70469176985], [164794.14822712995, 508242.62133901485], [164916.4361880118, 508327.2060864682], [165098.05550720065, 508354.78769399796], [165274.8170716341, 508485.27479286434], [165437.05284251034, 508554.70107978873], [165578.94734497534, 508587.2581765682], [165625.35327617184, 508640.4284390031], [165678.09821357677, 508768.30042944726], [165815.20993691855, 508839.8222785633], [165899.0264163328, 508926.6278531448], [165937.49014387303, 508925.5327548749], [166025.6135011436, 508878.51248211396], [166126.14988325522, 508869.3819028286], [166198.04244369036, 508903.27568244695], [166384.89385242318, 509057.72849616746], [166422.9992062505, 509065.84526428336], [166512.11982079814, 509034.15965076024], [166547.38632433623, 508967.82126361784], [166607.34622272497, 508952.6613314543], [166656.5550201316, 508882.1932812329], [166693.57764068915, 508864.2225210454], [166733.43332735027, 508883.8147655565], [166748.74732679848, 508935.57939076726], [166734.38128565007, 508963.3412580764], [166661.04270075663, 508984.2962031198], [166659.07220703908, 509014.75717287086], [166689.7194157684, 509047.1560972419], [166726.88489491097, 509036.1266483575], [166779.06866144523, 508982.78512912174], [166891.39203791556, 509014.93788764195], [167029.42359440855, 508992.1280601814], [167158.48233731603, 508939.0954280166], [167358.8144123884, 509026.7648443781], [167483.41595060573, 509026.89272190374], [167761.27038578817, 508926.7437503985], [167861.14629505435, 508968.6035506724], [167894.23642369703, 509002.9919004289], [167933.4621639022, 509155.08223709476], [168003.6991838856, 509265.635664186], [168069.58264959508, 509143.2643258417], [168087.25117609467, 509060.8798545678], [168154.57354894278, 509011.7951809779], [168212.86525291196, 509013.0245448832], [168254.69762050148, 509040.4093149413], [168331.04291935024, 509193.28280136164], [168482.3935003716, 509183.2238139594], [168590.26232730813, 509222.5022994563], [168628.58917492063, 509291.62914052163], [168582.23886186548, 509382.50364475383], [168568.48602708324, 509532.22692607576], [168688.40153495068, 509598.6058087754], [168867.7216781304, 509769.4033791266], [168907.54449632688, 509775.29076088424], [168978.91887098545, 509746.27780100045], [169007.49743121615, 509766.4761825337], [168996.8857161609, 509806.63111205574], [168937.4256521511, 509827.8164092108], [168925.38397311757, 509864.3783165598], [169047.75827783658, 510002.5346740518], [169074.17384672648, 510101.851013196], [168944.4274725057, 510155.55651040794], [168842.82089376388, 510259.4227255415], [168723.04455582876, 510280.8982081375], [168560.60549278147, 510126.20780669595], [168400.03063537407, 510069.81569767324], [168213.89280823935, 509970.3807297845], [168210.69261662674, 509933.18475321203], [168268.58149629197, 509892.0272056675], [168282.10136835263, 509847.8085017551], [168267.99266602838, 509794.0062064846], [168218.70036666305, 509742.4618900969], [168082.17335596183, 509740.957244599], [167938.3284343934, 509710.04558380344], [167807.46723437682, 509620.32464966405], [167696.49201845902, 509609.4362293972], [167573.6193825606, 509527.33755493717], [167499.25842996797, 509533.76994163817], [167421.37311554345, 509579.8810915949], [167402.5389774797, 509656.2090030307], [167379.73927239186, 509676.26107955235], [167335.67534880695, 509651.517173603], [167301.8062900288, 509529.6050382999], [167187.01117016008, 509424.87819449266], [167025.06265820365, 509513.01665378915], [166811.91053539104, 509499.3951310329], [166737.68627492205, 509592.89969615836], [166435.70030826714, 509556.8715389579], [166367.49769735197, 509506.1475164216], [166289.3448908345, 509581.25512976304], [166204.05839492456, 509618.9593220503], [166066.8430700842, 509616.0649745354], [165915.7286840797, 509644.6300248657], [165827.1700189767, 509634.7611814263], [165766.20603578823, 509599.222703431], [165695.57972358278, 509441.9710205939], [165646.6121861514, 509385.43372072617], [165272.7928036198, 509332.5456879084], [165103.76315974322, 509272.9763178048], [164974.54987864214, 509202.24597991013], [164898.20603768333, 509129.38056169247], [164830.61642938742, 509017.07185855694], [164659.86526688037, 509006.9076400288], [164578.26160995453, 508964.12088735274], [164519.38900252315, 508901.5000258931], [164387.6787869562, 508986.66599520954], [164303.4253332265, 509069.89486998087], [164257.07732635966, 509076.9803904835], [164189.72997081734, 509045.80798444024], [164127.72459402593, 509044.3752690943], [163991.2265203541, 509131.25263655314], [163955.86750848638, 509180.7602481594], [163961.98685420357, 509219.2044774251], [164081.16513491192, 509295.973346772], [164250.01375913917, 509147.7622622615], [164308.7987812907, 509143.7010792189], [164399.23279674706, 509190.1115646933], [164425.03162415017, 509233.9087509152], [164421.361019678, 509267.0837337276], [164355.9799241119, 509363.4617049984], [164299.00753706973, 509498.2696743473], [164246.6935121746, 509538.16911876807], [163940.11544746422, 509552.70386090747], [163738.3643819619, 509603.9520858124], [163664.45473657612, 509602.3930179964], [163609.59678564, 509574.73407745606], [163467.74814438744, 509415.98160204303], [163368.11170725006, 509382.1279081941], [163267.94781864638, 509374.7647987911], [162594.2044249092, 509397.55608896166], [162416.05808241715, 509457.30249340215], [162196.96512820807, 509486.24563778413], [161587.04414396384, 509455.5670463637], [161476.44703914318, 509489.0331174804], [161192.81020904955, 509370.7468655421], [161013.29587631478, 509369.46068620915], [160947.86372002543, 509279.76305794023], [160841.54838164028, 509234.2369043618], [160592.66696703306, 509284.0842275761], [160528.25714353414, 509332.9783583755], [160505.52730848183, 509409.00305114], [160517.68139367583, 509459.51223802415], [160483.14911611396, 509484.4727020945], [160509.9513062112, 509536.05639958684], [160563.54988734482, 509536.9840428024], [160562.54837342922, 509584.46531606076], [160500.79375979706, 509633.41554478265], [160384.18199370534, 509654.70692030457], [160283.7492947129, 509784.5954043629], [160206.94259194803, 509795.9760259546], [160106.9435623136, 509780.8656798031], [159924.40410808832, 509703.9490096554], [159753.41722284022, 509767.9079817914], [159636.80604819185, 509789.1994245008], [159283.718018377, 509755.49977941933], [159229.57517982367, 509944.36694952974], [159178.37910688337, 509993.53933820885], [159077.49478896713, 510020.41249829205], [158773.3208192317, 510045.74727006693], [158674.72861672906, 510088.4194419517], [158607.58446087368, 510142.5054805339], [158469.75552141026, 510292.6045954366], [158061.83875469668, 510606.2629672441], [158043.88701842946, 510706.1386250549], [157991.6364980036, 510805.29052603873], [157752.5861684135, 510998.25516899204], [157666.0316515006, 511096.9331163261], [157650.42252881214, 511147.9809120795], [157725.33387105775, 511164.18721651775], [157776.870486482, 511223.2771585926], [157797.96866439458, 511350.47784734843], [157774.8602748603, 511443.6815692532], [157680.30653878488, 511546.00323171186], [157641.79161692908, 511619.19369095087], [157666.5754340729, 511790.53647315677], [157628.54629189568, 511872.174984883], [157172.57379345063, 511960.30600185203], [156882.6836122317, 512059.69199063757], [156712.42135102628, 512058.8488399897], [156604.71747384444, 512096.07716225495], [156370.21173597872, 512291.760281238], [156370.83815244003, 512418.6531845302], [156333.88609991953, 512512.18920618854], [156058.92196623713, 512686.57950805547], [155940.52930625068, 512792.3342345368], [155909.52706743198, 512884.1829164403], [155928.56668546656, 513108.8429115598], [155918.51703795072, 513208.8842472449], [155896.76292926064, 513302.30325331003], [155809.2776869859, 513475.399879634], [155799.27293130904, 513605.1306718953], [155882.125580669, 513807.63687869266], [155913.7940097403, 514183.0687382387], [155903.27397399975, 514306.8510878553], [155944.27390222333, 514427.90834500187], [155933.33512813266, 514508.24284578895], [155947.58773259373, 514676.86227505084], [156098.72681096708, 514802.2457319512], [156161.6480503395, 514995.7846342925], [156269.0056326145, 514990.59829860367], [156419.7559855026, 515041.1586014265], [156437.26435859327, 515087.78007891576], [156415.35012198528, 515187.6336524721], [156390.60101279593, 515233.42516178905], [156305.6497765709, 515279.2422535103], [156279.85419171964, 515477.97042855195], [156243.6743568019, 515565.5846745344], [156155.19160457014, 515629.7183441073], [156036.86992204218, 515637.7196790676], [155872.72247997054, 515565.6253117416], [155827.78122991868, 515506.5490671221], [155788.5625642249, 515393.65426557884], [155761.8817731403, 515375.90264631034], [155711.13389913694, 515403.83196155936], [155636.1651595459, 515328.24607528903], [155651.01251753018, 515281.12047696015], [155737.99322326866, 515256.64411820524], [155765.16970981413, 515220.2167539455], [155788.95958325203, 515148.0368023021], [155764.9997949784, 515103.9590672076], [155678.97150246904, 515051.89064440783], [155568.612128625, 515025.8091539727], [155468.17212994368, 515031.6883346558], [155423.9168720034, 515058.5047549636], [155402.0875392808, 515107.5452393528], [155396.60107268387, 515218.43308756565], [155255.2541698491, 515339.70211786556], [155217.2358330664, 515439.6523682263], [155239.04172324293, 515540.61620293517], [155310.01596543955, 515692.8702216257], [155360.83535038953, 515753.10777399846], [155372.80701278697, 515808.8706960194], [155377.64091366803, 515945.9453586485], [155333.13364059554, 516281.0264014167], [155302.88262137404, 516333.8452706407], [155228.48234429175, 516388.2373420724], [154970.1241537761, 516443.94574971887], [154948.43590382842, 516496.50872229127], [154957.05925303284, 516597.1939460009], [154937.9481943179, 516759.5454089328], [154887.58560827648, 516657.9783682297], [154839.0238357666, 516634.20172887505], [154801.12741689285, 516586.7122421282], [154706.83426163637, 516590.095456084], [154663.24832786885, 516629.2383071165], [154640.73550021174, 516561.7608664797], [154753.37884301366, 516528.69405014924], [154743.51649490904, 516453.9287275288], [154703.10069581014, 516328.57115453476], [154668.89167112595, 516361.3495671228], [154615.57413487177, 516237.7038651373], [154566.9748000955, 516201.19192540797], [154554.14342172016, 516114.6839512085], [154527.32006016496, 516067.91291294503], [154520.77200470248, 515995.6474641666], [154555.9426076071, 515987.24941217277], [154578.35045332034, 516002.9262593847], [154588.74555895824, 515963.5196434567], [154488.0878314841, 515687.51051849243], [154473.1857270991, 515486.0648492897], [154361.41070436538, 515397.57665448554], [154317.7579578373, 515311.5273512245], [154362.80565533723, 515210.9289839773], [154479.87228320018, 515170.19685811736], [154421.77575357823, 515145.0943222338], [154360.95607757318, 515167.31439670274], [154335.35202509022, 515157.64454184036], [154298.95759184286, 515068.2484328803], [154240.2483475399, 515000.94413667056], [154080.22662574233, 515057.06643615913], [153964.56779175182, 515037.43590104557], [153938.07872120308, 515003.03188711026], [153953.73761879274, 514927.64176239254], [153903.2889473243, 514880.38771100587], [153701.93624954848, 514782.8832252907], [153605.97393348927, 514680.35420058656], [153458.72199557108, 514626.9934232672], [153166.87746606625, 514395.8253258589], [153139.73802799755, 514321.0006447318], [152990.02838944885, 514270.088507683], [152936.1336948324, 514216.1992085899], [152919.2382966096, 514110.59020747314], [152993.917090521, 514085.9164185086], [153070.37817204653, 514092.2809367088], [153158.39789042913, 514159.1565476494], [153150.10211768423, 514254.5617583225], [153166.59690446148, 514285.97325544496], [153375.26364975033, 514244.9406499412], [153475.16489060616, 514294.5042448041], [153484.1692469661, 514406.6034612543], [153611.73621888048, 514407.46890108875], [153667.87866842686, 514383.2163181872], [153551.71232177003, 514303.4489134886], [153475.1104521503, 514212.8136743961], [153477.66746028446, 514183.3825971342], [153538.25239938247, 514118.56640340574], [153534.70967107255, 514060.0838826387], [153507.2928530073, 514027.2542504899], [153391.7086680951, 513983.18777249794], [153372.51099934735, 513950.1566591894], [153392.51009367962, 513909.890470589], [153450.65573130865, 513875.3047345275], [153439.70508005354, 513827.07239658287], [153226.8263494113, 513710.0751616333], [153154.0841329602, 513641.5379548051], [153053.52633402383, 513644.16494518233], [152880.04224257666, 513585.5010325803], [152683.9541884684, 513466.6088938047], [152526.7433008792, 513432.0392558962], [152294.13879501645, 513283.56340365484], [152162.05661677857, 513249.58691868704], [152030.06057191564, 513182.2991625503], [151887.76261502926, 513205.54568370106], [151764.08529200402, 513169.43415758817], [151518.5455231637, 513011.24836573406], [151287.0478129647, 512754.8577120248], [151150.84772331276, 512632.48108035396], [150787.89518612289, 512438.7393872501], [150740.86660952354, 512441.8249878243], [150563.2403258818, 512584.2609923429], [150594.03287809298, 512652.97813571274], [150598.35859178856, 512730.82029250823], [150699.4531506389, 512816.7053695529], [150621.26613244566, 512978.3692770981], [150416.96273110312, 513162.4960719457], [150257.10133318146, 513253.18478327856], [150262.99171097382, 513314.9972967066], [150362.9943488055, 513338.60875548574], [150369.1399321203, 513386.4890496815], [150160.5675254421, 513631.08814638713], [150160.6654551858, 513825.5296491583], [150023.98168767532, 513979.95780815394], [149918.1699947965, 514231.4759926098], [149792.0799391881, 514650.0671259839], [149777.5743177698, 514809.45272478054], [149916.4816270212, 514807.092999594], [149895.2632848768, 514763.89853533264], [149846.40365369868, 514751.2669455354], [149846.65822640306, 514675.46482665016], [149970.65335278324, 514254.71728243225], [150073.25593691322, 514009.25325346], [150212.78422710425, 513849.208723842], [150229.4885301224, 513759.53832330107], [150220.9936298262, 513635.24043464067], [150423.915954561, 513403.1219186384], [150410.76163760782, 513307.0595703197], [150326.53772645482, 513269.75524317834], [150449.57618378062, 513209.5431512239], [150607.5862358794, 513077.78589966026], [150721.3185309376, 512920.8828489853], [150754.4989843133, 512800.98846275633], [150653.38649733804, 512708.6370886472], [150629.5066986621, 512594.06702608475], [150769.4987761018, 512493.7937655414], [151117.3095843757, 512678.8886681413], [151480.28937256115, 513053.83394903684], [151739.26075209465, 513221.01717012573], [151881.1966071266, 513262.41353493865], [152020.821478205, 513240.8576487768], [152140.62681532928, 513302.67014178063], [152277.61267135007, 513338.78394852433], [152502.012618138, 513483.66733251454], [152657.88820424388, 513517.82468422473], [152829.61770026662, 513626.1230285459], [152960.3856199076, 513677.4708388474], [153060.03398419003, 513702.55410944944], [153128.54948783392, 513696.25388125936], [153197.9082849351, 513759.47972125193], [153377.67689971402, 513851.2037145185], [153323.9959925606, 513909.5477285758], [153323.42170831916, 513982.3141080958], [153358.58682873216, 514029.87833601324], [153483.07216316988, 514088.12949053146], [153427.27949536333, 514156.21427080984], [153416.2459115902, 514200.1930527072], [153355.45060099114, 514188.0064008429], [153214.1785735613, 514218.54825855367], [153213.91649056916, 514145.2012618175], [153179.7226007044, 514092.39689401403], [153087.5443643849, 514037.6697033885], [152989.51597848698, 514028.84019598976], [152910.7831182773, 514047.74337433354], [152866.22336856587, 514088.34555882675], [152857.74021597768, 514159.2453071198], [152885.4711127668, 514242.85193345265], [152957.71118327542, 514317.6464969929], [153090.7158580457, 514358.6055056169], [153114.4126689961, 514422.5441604207], [153151.47766900403, 514460.120711345], [153424.8974116103, 514673.1774300665], [153573.00403079172, 514729.81566853874], [153672.4214359292, 514831.9336151075], [153867.57455562157, 514925.9335395131], [153890.58758434435, 514945.1182853342], [153891.13327725654, 515041.4888254268], [153938.02381524275, 515088.1555449249], [154084.41696995258, 515114.1585194944], [154228.1660531517, 515064.98880286503], [154298.74095397588, 515201.595186911], [154229.10300908575, 515217.6580945729], [154204.53113974235, 515250.2560060073], [154205.23507430838, 515288.540506082], [154262.97014380532, 515333.2900150308], [154343.34699999215, 515461.55156134936], [154421.40547461092, 515511.1683082821], [154432.92878463122, 515702.8253647027], [154499.01680135046, 515812.4848779606], [154519.08726922763, 515933.3645876023], [154464.96644685778, 515981.8223928693], [154471.94288532643, 516082.41923815385], [154516.74606148683, 516228.6535127974], [154568.55757622357, 516271.8473072541], [154626.17322348288, 516399.45729855786], [154674.6967853714, 516420.27853769273], [154693.73129808105, 516491.14330757747], [154623.68806099702, 516497.28835045797], [154588.76437946944, 516526.1774889039], [154582.30269838512, 516561.89250073116], [154609.4031835071, 516648.67449482967], [154634.67959936435, 516678.84569281456], [154670.02830253236, 516686.3644033896], [154726.9905288589, 516645.63239019556], [154771.84999512928, 516638.30207313324], [154805.51784580713, 516680.6173900359], [154840.5151361816, 516691.92044240516], [154888.1593431224, 516794.32654520945], [154948.03723980914, 516815.89499744267], [154997.11329867222, 516765.89147000725], [155012.1100728924, 516486.9135305231], [155255.40805124436, 516438.75537122303], [155344.62544669403, 516373.01926071657], [155387.20178853098, 516299.83332415787], [155434.6729619217, 515950.88605051825], [155429.46199223932, 515800.6683629723], [155412.64911112248, 515728.76852251304], [155360.67709933477, 515663.98646348284], [155294.77053494623, 515522.6844043575], [155274.75930242502, 515440.8371888773], [155296.48422972992, 515380.25687766745], [155447.62224710474, 515244.39276254195], [155466.37508738242, 515097.87082291173], [155582.24841108, 515085.45973780274], [155721.8471798356, 515143.7014435039], [155702.30762704674, 515208.94847255084], [155634.43399639855, 515223.39029541845], [155588.69294253297, 515265.7771522255], [155587.22509754568, 515357.9434707233], [155682.07145620114, 515453.15172813187], [155750.41962516538, 515445.4420545412], [155776.5346216854, 515532.06083124666], [155838.70130094857, 515611.66468990984], [156030.79058756205, 515694.64161382423], [156175.21548283353, 515683.34771351865], [156287.71478931588, 515602.15659365465], [156328.45924183927, 515521.8542678472], [156358.8549866222, 515312.51442392444], [156429.84123499398, 515275.1057319148], [156470.4944115992, 515203.00155041344], [156494.50974779783, 515087.9543745815], [156462.73481836315, 515003.3447826548], [156394.85608867972, 514960.9543821292], [156249.09170792493, 514930.22658434906], [156198.32239950448, 514938.47077866795], [156147.3325493015, 514772.0042510826], [156003.39187135408, 514652.49256699695], [156001.30099936842, 514422.91083008307], [155960.56657910487, 514305.23183684086], [155970.7457485137, 514177.2752578646], [155938.25620352276, 513796.393296425], [155856.5662442532, 513603.47760472837], [155864.63799392837, 513490.6026866799], [155948.8996639716, 513325.94275114394], [155975.33752070734, 513215.84827649995], [155985.79958496758, 513110.0512901711], [155966.69956225675, 512888.25225773815], [155988.68030809937, 512823.3499923934], [156092.244886817, 512733.2339369767], [156373.44506048624, 512553.5673840489], [156426.7085215533, 512431.125827366], [156423.7345178486, 512317.89150300855], [156636.44675735096, 512144.4404961563], [156717.3376706308, 512116.21099451534], [156897.14623956467, 512115.0805939309], [157189.2643797782, 512015.17847547936], [157596.1353214277, 511943.6142129272], [157667.7480472191, 511913.8917362393], [157722.7168072, 511809.41053678974], [157697.93504961632, 511632.146125237], [157825.54499621017, 511470.29216837924], [157854.71268763952, 511358.03964542417], [157828.2292205681, 511197.9918783443], [157734.16714956713, 511103.83878165606], [158036.06382414006, 510841.39146309753], [158088.20124804467, 510752.0252104], [158115.76120278626, 510635.21189435164], [158508.09970304466, 510335.1109325988], [158645.494251246, 510185.4855935712], [158724.6665014041, 510125.8858265943], [158815.83703874357, 510094.0791313593], [159082.22216038624, 510077.46262470406], [159205.73384436392, 510043.82634748094], [159280.1095507178, 509971.2619736512], [159327.78583325833, 509809.1641571581], [159642.3333157912, 509846.1776157414], [159771.82200144895, 509822.1143383239], [159925.22231093672, 509761.28869603993], [160120.8838671129, 509842.5693337159], [160211.13522821842, 509853.067941015], [160304.51489858457, 509837.9419568289], [160378.2899853812, 509775.25482686295], [160419.25073591666, 509701.9594672565], [160549.67956187457, 509674.02522697626], [160613.22441889532, 509611.0924334428], [160627.79193583984, 509548.29722608475], [160609.24304735998, 509502.4992622175], [160571.67482752143, 509478.4299848922], [160573.45041776687, 509368.92988741735], [160614.0396028075, 509337.54470055137], [160711.37752657442, 509310.5566636419], [160841.08621213184, 509296.65557565045], [160909.83004796883, 509323.0223092608], [160941.41206810184, 509370.5136006947], [160916.5452210492, 509377.20836148027], [160883.82237620995, 509340.25430838956], [160835.02204347608, 509329.0247642045], [160778.68323927457, 509352.17953573226], [160752.36838648815, 509390.53898243053], [160703.14161371018, 509375.30306661443], [160656.73328776922, 509388.40808308043], [160630.11295054725, 509421.57140246854], [160627.43320756563, 509463.44806571695], [160696.8307739347, 509542.85938590684], [160787.24877432562, 509554.68853738403], [160834.4304231158, 509504.4460316785], [160876.3968358564, 509489.37586788397], [160920.74738494284, 509534.43561232835], [161035.7635371256, 509555.2376580672], [161086.04612101484, 509501.9454664851], [161068.35833998094, 509431.2256674631], [161118.18084403986, 509421.18084239005], [161204.17538003708, 509433.45674687106], [161475.9139146664, 509546.2762894964], [161587.24579781198, 509514.5985827415], [161919.81191535934, 509517.9457809061], [162202.3486675897, 509543.2375886885], [162427.2171768507, 509513.44997398305], [162603.9156603291, 509454.18767668545], [163270.04317215702, 509432.0673586039], [163439.09728519607, 509465.78213798127], [163572.4872818711, 509618.3224898404], [163657.8584297725, 509659.2573627188], [163747.41122546344, 509660.478359233], [163946.2366398167, 509610.09136197827], [164257.1280906764, 509594.45574715926], [164336.71441633947, 509544.8747345183], [164477.10228590548, 509280.1212259526], [164481.1031035375, 509222.373840275], [164460.15723298918, 509175.581524434], [164355.32267510646, 509102.20860752097], [164506.81460910247, 508972.3583348237], [164641.90458231728, 509061.2627573057], [164795.06044456508, 509065.6914957023], [164854.75209185932, 509166.64743111405], [164935.3794089805, 509243.9921087204], [165078.4605663376, 509324.32652453374], [165260.44823982287, 509388.44449566695], [165616.79682119412, 509434.4251346319], [165720.16983102652, 509633.2481764666], [165812.99029960815, 509690.2228846348], [165914.52125828402, 509701.8629444759], [166071.27012561238, 509673.416739564], [166201.29093717484, 509677.7065542025], [166296.9209500859, 509643.1805644931], [166368.35860778287, 509586.86215160886], [166428.3393365458, 509613.6419631194], [166749.5070889492, 509648.9115995352], [166801.7198059618, 509621.8328770724], [166839.2672199697, 509555.53008686565], [167035.51178293693, 509569.30058361345], [167179.28116824143, 509489.882803636], [167264.61556640035, 509577.36339797825], [167297.93462878242, 509697.88084836], [167348.08841478138, 509730.834083618], [167428.4080009718, 509715.6113033273], [167456.03798201345, 509676.57862448174], [167462.9162319642, 509620.5067034635], [167552.67700658494, 509582.25408347574], [167674.32778662833, 509662.2170193829], [167785.15701947018, 509673.58090794156], [167919.78060619504, 509764.2031597581], [168074.41675931163, 509797.67496821843], [168191.397983791, 509793.4069061744], [168224.62158838857, 509845.81683804886], [168157.59466577717, 509911.7914696927], [168165.37533726267, 510002.22618751304], [168377.86807209306, 510122.59718830185], [168514.0064101307, 510152.2890224543], [168577.7951392115, 510232.40807314817], [168530.62038274977, 510233.2012384381], [168498.35275867197, 510264.5820162128], [168346.9584531467, 510658.432503193], [168358.49283496916, 510705.14334095374]]]}}, {"type": "Feature", "properties": {"rule": "mudflat_perimeter", "coast_clear_m": 30.0, "inset_ratio": 0.1, "site": "jebu"}, "geometry": {"type": "Polygon", "coordinates": [[[149859.12901672718, 490016.29898244], [149836.60108254204, 490026.10505087924], [149849.5723171266, 490071.6161832462], [149863.53769852052, 490041.38053102867], [149859.12901672718, 490016.29898244]]]}}, {"type": "Feature", "properties": {"rule": "mudflat_perimeter", "coast_clear_m": 30.0, "inset_ratio": 0.1, "site": "jebu"}, "geometry": {"type": "Polygon", "coordinates": [[[151625.2315307139, 493747.22458891646], [151655.14823404045, 493530.10085930454], [151645.544361222, 493454.3980109618], [151698.41648668176, 493352.38324576407], [151667.6686612016, 493299.86107907415], [151683.01445242824, 493186.8073788133], [151588.5214211384, 493079.7570832571], [151577.35886544696, 492993.4589904167], [151554.02829499566, 492967.6400030735], [151474.94113844197, 492954.36783942045], [151491.44311367424, 492885.15157717856], [151481.38603868824, 492844.93970467115], [151387.58790397504, 492732.7166808099], [151318.61492087215, 492730.64165037626], [151196.324418764, 492802.1967920531], [151026.71244889684, 492585.3794066236], [150831.02775840837, 492510.22288006847], [150870.3863548913, 492587.2559180172], [151006.9664415581, 492645.66131563677], [151137.04956885747, 492828.9165343633], [151173.7294649529, 492854.7946344655], [151231.90538145852, 492854.1947417067], [151337.8078615988, 492763.5664715152], [151365.2575990215, 492761.16680608864], [151431.2479890391, 492874.31775631936], [151416.14427919834, 492944.9811092621], [151426.85899024704, 492985.435056694], [151467.28256843626, 493017.3046686722], [151523.9450236969, 493023.9364341285], [151539.67100408947, 493109.6017095457], [151626.46907700837, 493197.07529586647], [151608.73591594477, 493277.8304478338], [151634.5663415979, 493356.90391003026], [151588.87449292903, 493446.29918439157], [151597.6806554085, 493528.9153724734], [151561.19291534543, 493778.06996319443], [151395.02883096092, 493826.87782915693], [151133.82100464607, 493795.0830957783], [151025.00610038842, 493743.2463824579], [150936.40842450477, 493725.02106833993], [150851.18150894012, 493732.2710339753], [150770.44525668328, 493682.5095374734], [150613.26204074002, 493655.9230938802], [150524.22921090102, 493588.77417186566], [150451.51483569547, 493498.7717363382], [150255.01826255253, 493422.1793372164], [150193.17567655307, 493205.60856008617], [150264.95820430404, 493111.85696503223], [150256.15481605227, 493048.2904245385], [150223.87099346874, 493003.0201448858], [150176.21737898016, 492980.13316889555], [150080.15193052602, 492987.22667917603], [149962.0527095232, 492962.5163861489], [149912.40717283252, 492925.1612269289], [150001.80272515578, 492773.5779426979], [150065.27291816112, 492716.4395366793], [150115.9424147578, 492715.1201486307], [150187.00059213684, 492777.7905268338], [150313.59966153064, 492746.49259097787], [150315.29923065257, 492769.4623174569], [150160.39128744102, 492812.58278484247], [150207.5807898199, 492852.6617394421], [150302.54025761067, 492833.77993778803], [150263.7092038456, 492978.35962922], [150296.07278429772, 493054.9358584571], [150346.2590490957, 493101.1279953561], [150432.1831638012, 493115.45291748113], [150523.01445073826, 493081.5418318046], [150537.58146037368, 493113.64265718654], [150561.16186979864, 493109.2118888596], [150631.06245814636, 493012.1539739029], [150681.48219461192, 492981.64499703125], [150754.71158459567, 492978.0059959934], [150763.0019954002, 492942.776641506], [150760.99141329378, 492977.5261354109], [150959.03138697083, 493042.31228461687], [150949.82592534588, 492976.4797037029], [150994.58999603824, 492936.78086111177], [151060.1076804299, 492827.89687952766], [151047.27248107898, 492753.76743471023], [151010.9237222737, 492708.0814984845], [150919.91954367462, 492687.53986447497], [150803.32022147824, 492764.7193515989], [150684.33361656236, 492783.9113892441], [150611.91075350594, 492832.41191898246], [150559.40593008537, 492820.54042901425], [150538.5104742587, 492717.0683952933], [150642.8520153371, 492615.0897108975], [150712.66953266267, 492523.6161945513], [150704.386606934, 492509.3066440094], [150600.4626693263, 492574.0443516305], [150481.63364062094, 492698.92261976254], [150509.18218103456, 492848.25264138216], [150527.4554372676, 492876.8870648744], [150617.25928471424, 492890.5249471101], [150702.86642075874, 492838.0741082746], [150839.09684377786, 492811.56267911044], [150905.22257994526, 492752.8272404319], [150949.08056383108, 492743.62401287275], [150982.96944731273, 492758.96153956465], [151004.02900828604, 492816.39698845247], [150988.05084020752, 492846.5222415386], [150952.58375835893, 492857.5736780438], [150948.99190175388, 492902.1704759392], [150913.26365329698, 492932.247824267], [150858.11823539683, 492944.71372261463], [150787.96384682832, 492922.0198496914], [150677.29717724153, 492932.03736461117], [150600.7898462006, 492979.92938386765], [150524.92344213586, 492997.3347418695], [150474.2951126455, 493048.0206799611], [150386.86271217169, 493054.4327653219], [150349.58116349802, 493031.3989296973], [150320.230457671, 492969.2814779673], [150385.21423811908, 492796.14644673537], [150385.16975823866, 492741.77009080525], [150318.73419076164, 492703.74835062074], [150205.19225055835, 492716.8616139707], [150119.72724266155, 492685.43989925284], [150067.36148346934, 492692.88612667506], [149958.85288059115, 492761.1836030716], [149857.94775214966, 492904.1881104173], [149856.48771375162, 492944.84503924806], [149929.9637348201, 493013.0775851785], [150073.24480586435, 493044.33979880344], [150181.8286294601, 493041.87248835084], [150208.5954494789, 493101.84173499583], [150146.37939021667, 493156.8778104952], [150135.83096643214, 493209.7188701378], [150207.37712653092, 493454.28697598644], [150264.2477172833, 493499.1079751879], [150421.32699136803, 493547.4108051926], [150487.95364229367, 493633.56215074303], [150585.5122115025, 493706.6138880705], [150753.56557630643, 493737.2100068913], [150830.362850394, 493787.76270585845], [150933.1452272387, 493782.17364052846], [151120.46329697463, 493851.1129180596], [151381.6683910194, 493883.8552039036], [151590.39533522582, 493832.3056218921], [151625.2315307139, 493747.22458891646]]]}}, {"type": "Feature", "properties": {"rule": "mudflat_perimeter", "coast_clear_m": 30.0, "inset_ratio": 0.1, "site": "jebu"}, "geometry": {"type": "Polygon", "coordinates": [[[149918.70913698935, 490349.4539414832], [149975.3708435594, 490319.45679814275], [150157.0562075213, 490292.086561738], [150234.40804459917, 490203.96120460547], [150310.07473338165, 490196.0508530681], [150378.14596228235, 490157.35579456674], [150562.1229128414, 490104.59573553863], [151005.17052750304, 489906.15212504985], [151242.53903265245, 489838.13824084256], [151362.87035466766, 489614.16378124576], [151417.9804500154, 489422.63189024944], [151492.80958175822, 489348.5185023553], [151486.77254207342, 489150.5539351223], [151470.93408279552, 489137.1337584577], [151496.5448594332, 489070.4259032563], [151456.18707496245, 489058.93712974933], [151421.14949119504, 489093.12194570614], [151429.4580154038, 489331.57915432344], [151366.53768392844, 489397.5180139759], [151309.58804333085, 489592.8467875867], [151280.7690288663, 489644.13774168433], [151272.24589944517, 489617.0003681465], [151314.90666939988, 489533.7723728233], [151268.9230967689, 489483.6746431126], [151273.50706366272, 489526.7860470256], [151181.72108747176, 489659.94199135853], [151222.34099773018, 489649.7609799984], [151120.7890094308, 489693.8019882083], [151076.93109795643, 489760.82808183716], [151010.5419737021, 489778.73395385715], [150955.0370620696, 489829.7715976261], [150988.94649165374, 489851.2864820199], [150565.81740961192, 490041.56225822185], [150284.90901289467, 490142.12692289124], [150208.73204058802, 490152.7966877781], [150135.19270608612, 490237.6272999791], [149945.4032269416, 490270.01390993054], [149912.95444200953, 490306.6651073829], [149918.70913698935, 490349.4539414832]]]}}, {"type": "Feature", "properties": {"rule": "mudflat_perimeter", "coast_clear_m": 30.0, "inset_ratio": 0.1, "site": "jebu"}, "geometry": {"type": "Polygon", "coordinates": [[[150141.89496286755, 495724.8797361893], [150168.05904501944, 495608.93024349347], [150146.00831953847, 495586.97726379614], [150112.15445783705, 495619.518318101], [150106.61671999056, 495683.37051100394], [150141.89496286755, 495724.8797361893]]]}}, {"type": "Feature", "properties": {"rule": "mudflat_perimeter", "coast_clear_m": 30.0, "inset_ratio": 0.1, "site": "jebu"}, "geometry": {"type": "Polygon", "coordinates": [[[150197.40510172775, 495945.8916109344], [150166.3875060419, 495857.4610943519], [150149.98504214027, 495829.8309002303], [150121.28219921494, 495864.33127933665], [150127.7465361344, 495913.33269260795], [150169.61997541587, 495947.38361799245], [150197.40510172775, 495945.8916109344]]]}}, {"type": "Feature", "properties": {"rule": "mudflat_perimeter", "coast_clear_m": 30.0, "inset_ratio": 0.1, "site": "jebu"}, "geometry": {"type": "Polygon", "coordinates": [[[150865.51131044427, 519378.7402434504], [150835.479137182, 519406.4054557474], [150780.0377862908, 519390.2656866531], [150715.35525146194, 519398.4986785793], [150682.1889117925, 519434.89185687515], [150681.69196251925, 519495.1653781233], [150629.21350101382, 519500.9519624802], [150663.6455183527, 519528.0461757591], [150707.1511332434, 519522.85756474925], [150735.94673179951, 519455.8439300009], [150849.065185197, 519437.69186815544], [150865.51131044427, 519378.7402434504]]]}}, {"type": "Feature", "properties": {"rule": "mudflat_perimeter", "coast_clear_m": 30.0, "inset_ratio": 0.1, "site": "jebu"}, "geometry": {"type": "Polygon", "coordinates": [[[151058.3133827725, 494583.9933286054], [151043.89819264348, 494662.59984320216], [150999.31776216178, 494668.77436506306], [150744.51528357543, 494660.92677662394], [150705.8995864788, 494687.8518137106], [150701.72415437156, 494732.4943568418], [150779.17732707865, 494703.3769119434], [150910.01289112866, 494707.60319159925], [150951.54913654353, 494725.9651343976], [151057.4874050444, 494718.20917938306], [151090.59504175323, 494695.71282022604], [151115.80223520225, 494641.68665284716], [151098.86234563318, 494600.5897686475], [151058.3133827725, 494583.9933286054]]]}}, {"type": "Feature", "properties": {"rule": "mudflat_perimeter", "coast_clear_m": 30.0, "inset_ratio": 0.1, "site": "jebu"}, "geometry": {"type": "Polygon", "coordinates": [[[151030.6123110492, 492063.83145690034], [151299.40954496525, 491847.60363809427], [151412.91299371442, 491703.3625588538], [151394.0375082595, 491667.96549455065], [151306.83472558355, 491634.820030759], [151283.60418091668, 491590.01873229386], [151287.53290404734, 491514.60062523966], [151325.06674982558, 491426.66954935715], [151273.18488504988, 491299.17185258056], [151312.00304091835, 491248.3619925473], [151424.10088342754, 491191.7169064366], [151472.28537032835, 491145.04162476945], [151475.4747122783, 491105.5457967352], [151437.35572993467, 491045.57209536276], [151442.22364410147, 491002.97084163455], [151387.8584230376, 490896.1398570626], [151368.38080747737, 490797.74517120665], [151279.97835004135, 490723.8086825168], [151223.7535063448, 490732.2523979923], [151158.9541347909, 490785.1413046011], [151013.2101992362, 490982.5807664015], [151011.94472902507, 491042.80454031966], [151076.61857900734, 491108.9142654655], [151119.90316623237, 491182.3870151984], [151122.45886006122, 491229.19126146025], [151003.47895020753, 491334.1293863259], [150976.35586918727, 491445.56041511684], [151006.4264734746, 491529.9431183553], [150973.393796517, 491551.37417970813], [150935.4556840307, 491679.2655071942], [150851.67377927882, 491708.44244555384], [150798.36156569223, 491774.57255442406], [150787.91485762264, 491826.21289807465], [150740.36367138056, 491847.2136225662], [150722.5478764504, 491901.7302112841], [150717.57901805133, 492026.62680391525], [150818.66797915805, 492156.2526190531], [150896.89277771383, 492082.396228171], [151030.6123110492, 492063.83145690034]]]}}, {"type": "Feature", "properties": {"rule": "mudflat_perimeter", "coast_clear_m": 30.0, "inset_ratio": 0.1, "site": "jebu"}, "geometry": {"type": "Polygon", "coordinates": [[[150974.84041467408, 501052.12494064774], [151163.58742994783, 500996.3487239658], [151192.32402076374, 500829.57682719646], [151319.60833361163, 500674.50505013193], [151319.74890207272, 500639.2575370427], [151267.4086333101, 500548.5294465469], [151270.09190369278, 500421.0844196854], [151321.73795527234, 500320.6704726812], [151504.68212829597, 500149.7700071375], [151522.21669778958, 500100.6384562478], [151521.91166233434, 500031.631130744], [151487.89974580967, 499938.28883135493], [151460.42810994713, 499897.58506576467], [151318.5281280684, 499800.721438203], [151274.17498070898, 499706.759340929], [151173.78066852398, 499755.7988135748], [151110.2941230406, 499716.711887446], [151078.92657751526, 499722.26178490976], [151041.7557760243, 499759.79207060934], [151155.3781363633, 499808.9581379847], [151206.30522685868, 499806.17843325326], [151248.46773495662, 499778.913517572], [151371.9280938448, 499850.6014283114], [151409.43470363054, 499945.64066515805], [151444.19624654128, 499978.2233023568], [151465.61409516647, 500091.71506224887], [151277.68149897808, 500284.1178582336], [151216.12587646215, 500401.98643892555], [151210.74753937873, 500556.6894342101], [151263.35707238712, 500655.310809293], [151139.69937064737, 500807.04438027454], [151110.95351236264, 500961.55595106236], [150945.19413930512, 500995.16718577425], [150993.49084732213, 500929.8955892465], [151008.73871646237, 500872.94700050965], [150987.4972338519, 500810.45915055677], [150907.06368809467, 500743.8768437071], [150896.64316458275, 500705.2646294661], [150934.74331035768, 500653.05516461027], [150929.97710916298, 500578.1088733223], [150952.54626544044, 500473.5390750462], [150928.7570227077, 500439.26829184167], [150874.25796331346, 500419.77431038825], [150834.62314017667, 500381.1850676786], [150827.64016755697, 500333.06775299914], [150884.11492200213, 500303.1132064255], [150865.39787465378, 500263.1061170688], [150791.42289472424, 500286.69430796005], [150766.672315241, 500347.984418988], [150793.37808967463, 500425.0474427991], [150842.00648208344, 500468.6967361086], [150897.03996861514, 500487.54321646586], [150874.97045433812, 500555.39174283156], [150879.81734934662, 500636.92433167534], [150836.2957305831, 500683.89123036765], [150839.24800403323, 500711.76612850744], [150863.5851805302, 500787.7793498328], [150914.9743471463, 500812.3616941759], [150951.36654702522, 500878.34750993643], [150882.94866381114, 500988.6893366148], [150884.28080370385, 501038.21788074914], [150974.84041467408, 501052.12494064774]]]}}, {"type": "Feature", "properties": {"rule": "mudflat_perimeter", "coast_clear_m": 30.0, "inset_ratio": 0.1, "site": "jebu"}, "geometry": {"type": "Polygon", "coordinates": [[[150866.29832371668, 512767.0064883083], [150825.4394072082, 512802.6357647591], [150827.0433271846, 512868.18280387064], [150929.35858556177, 512978.73341020284], [150969.83316194155, 512991.6527492662], [151014.7709904144, 512974.3821496498], [151069.7514372695, 512852.194045918], [151025.58333601517, 512732.44223255647], [150954.91882997274, 512681.9184497975], [150917.8335173893, 512678.33822888945], [150874.25253909352, 512709.16722098074], [150866.29832371668, 512767.0064883083]]]}}, {"type": "Feature", "properties": {"rule": "mudflat_perimeter", "coast_clear_m": 30.0, "inset_ratio": 0.1, "site": "jebu"}, "geometry": {"type": "Polygon", "coordinates": [[[151006.13300636105, 500431.17105833977], [150993.05914872154, 500376.5390970187], [150943.49217598938, 500339.157716957], [150940.54683894585, 500404.07213596633], [150974.02801294287, 500433.66570962017], [151006.13300636105, 500431.17105833977]]]}}, {"type": "Feature", "properties": {"rule": "mudflat_perimeter", "coast_clear_m": 30.0, "inset_ratio": 0.1, "site": "jebu"}, "geometry": {"type": "Polygon", "coordinates": [[[151117.58683946184, 500367.5705846087], [151095.5024257528, 500481.3132714966], [151075.576909711, 500542.478662292], [151124.13486191942, 500536.2851822056], [151150.24421668734, 500498.05845854967], [151167.67620101772, 500408.0897370336], [151117.58683946184, 500367.5705846087]]]}}, {"type": "Feature", "properties": {"rule": "mudflat_perimeter", "coast_clear_m": 30.0, "inset_ratio": 0.1, "site": "jebu"}, "geometry": {"type": "Polygon", "coordinates": [[[151144.1470219404, 493716.9830356922], [151139.09743275464, 493684.6933482271], [151098.32799562835, 493673.82118703314], [151084.1506506316, 493727.1457439986], [151116.8086845546, 493767.2789626957], [151167.4634838064, 493769.8712897138], [151202.15331030363, 493728.1262000761], [151160.75690593233, 493702.693332719], [151144.1470219404, 493716.9830356922]]]}}, {"type": "Feature", "properties": {"rule": "mudflat_perimeter", "coast_clear_m": 30.0, "inset_ratio": 0.1, "site": "jebu"}, "geometry": {"type": "Polygon", "coordinates": [[[151101.62793065293, 491491.22774588317], [151139.14776889083, 491477.4583254864], [151181.52826463166, 491410.4797623584], [151142.3792466207, 491522.6788437726], [151206.04029334916, 491512.5143541018], [151242.68211686678, 491430.4576976875], [151226.04655670054, 491372.7387308837], [151182.53768461297, 491353.2359241048], [151136.3799980449, 491371.7208280842], [151095.23999220872, 491447.41697241727], [151101.62793065293, 491491.22774588317]]]}}, {"type": "Feature", "properties": {"rule": "mudflat_perimeter", "coast_clear_m": 30.0, "inset_ratio": 0.1, "site": "jebu"}, "geometry": {"type": "Polygon", "coordinates": [[[151509.31201884832, 502058.0177861451], [151488.373366073, 501987.9509693779], [151453.72677291255, 501952.9707916808], [151319.20439281384, 501954.3251136275], [151276.98457575726, 501997.74903608265], [151249.1582085114, 502150.3835541019], [151308.05453124907, 502203.65595944447], [151371.8879147103, 502218.82865057397], [151418.7535492241, 502189.0029535903], [151388.9399778522, 502164.92456369003], [151348.60745721674, 502188.46386401204], [151350.0540687281, 502163.1079900168], [151311.45601160903, 502134.63945823815], [151333.55638939174, 502012.0789734357], [151423.4626865473, 502002.24948874506], [151438.73631367573, 502024.2945261833], [151474.94495672313, 502027.03862288635], [151485.40517311325, 502061.9234731827], [151509.31201884832, 502058.0177861451]]]}}, {"type": "Feature", "properties": {"rule": "mudflat_perimeter", "coast_clear_m": 30.0, "inset_ratio": 0.1, "site": "jebu"}, "geometry": {"type": "Polygon", "coordinates": [[[151254.29591093716, 501171.260899306], [151291.66851685516, 501209.7983852343], [151321.95994988995, 501189.57663863286], [151304.65303694777, 501132.0707980993], [151267.9891177772, 501137.2363395465], [151254.29591093716, 501171.260899306]]]}}, {"type": "Feature", "properties": {"rule": "mudflat_perimeter", "coast_clear_m": 30.0, "inset_ratio": 0.1, "site": "jebu"}, "geometry": {"type": "Polygon", "coordinates": [[[151543.34423196345, 501451.10140976607], [151505.72338590922, 501388.18339265854], [151356.33828479593, 501339.59936200344], [151323.78198907914, 501344.85124759725], [151299.53278924266, 501375.2161072388], [151282.26130532273, 501439.66575842845], [151302.2678831396, 501666.02729757485], [151334.91104267433, 501705.9964892557], [151442.60508379617, 501753.23393998365], [151514.07909797045, 501863.92236858536], [151542.53563649682, 501826.3394354658], [151554.05845596213, 501727.3307773864], [151543.34423196345, 501451.10140976607]]]}}, {"type": "Feature", "properties": {"rule": "mudflat_perimeter", "coast_clear_m": 30.0, "inset_ratio": 0.1, "site": "jebu"}, "geometry": {"type": "Polygon", "coordinates": [[[152003.47650343055, 499458.37776611367], [152106.61626673822, 499269.3037538297], [152095.44867140648, 499211.1928023218], [152154.9178875149, 499188.9442152364], [152187.69648163326, 499088.1324946515], [152076.32328504723, 498887.53517105815], [152080.55425888975, 498797.87290888344], [152055.02754839932, 498778.33531915135], [151996.41891920217, 498829.47759484896], [151898.42638014467, 498872.2651337711], [151877.8922553524, 498920.06709752826], [151933.88816395632, 498953.5719349611], [151937.31181691075, 498917.33249692776], [152017.57395834744, 498882.6728187787], [152033.63031795362, 498925.5879419831], [151993.34310756734, 498934.9924753564], [151970.73246511127, 498966.241120587], [152062.1623095923, 498988.818702588], [152065.03061744606, 499024.8818024553], [152075.63124143906, 499012.00750892214], [152129.79463652647, 499090.77300631633], [152109.16548737523, 499151.9403530518], [152045.65274003608, 499182.95399598876], [152047.98773420116, 499264.54428208445], [151950.2501958424, 499434.34594967664], [151950.84105104796, 499483.92959224904], [151991.45167594764, 499545.5813271153], [151925.59615430667, 499578.5680945442], [151787.2918182464, 499560.3051287373], [151737.0995749882, 499463.43249886547], [151627.4000433712, 499372.7600834183], [151632.3125685811, 499295.20763116295], [151675.50865949382, 499275.9876096825], [151648.50232894404, 499261.0397427253], [151622.73362483724, 499206.140573475], [151583.13122719646, 499264.9735936236], [151565.31347031728, 499370.53606330184], [151595.39518604358, 499427.1700129828], [151695.27909225458, 499502.52357442095], [151761.37297091057, 499612.4164733927], [151937.86608567432, 499635.13207470975], [152011.6907567715, 499603.4356766775], [152047.27087150107, 499566.6215986508], [152045.22238167183, 499524.0153586242], [152003.47650343055, 499458.37776611367]]]}}, {"type": "Feature", "properties": {"rule": "mudflat_perimeter", "coast_clear_m": 30.0, "inset_ratio": 0.1, "site": "jebu"}, "geometry": {"type": "Polygon", "coordinates": [[[152147.7305215396, 489467.4122810348], [151953.32204734537, 489467.9048567659], [152136.97470463507, 489606.675200844], [152419.428808477, 489751.86081201996], [152486.3095790194, 489825.26699565124], [152505.67660685448, 489914.1751978071], [152477.12195545144, 489982.57631551824], [152385.82658484805, 490059.7846005646], [152377.8553599151, 490129.80565199215], [152339.55861616664, 490184.43934646476], [152275.4465852189, 490231.18679675733], [152211.2630542692, 490226.025768268], [152129.31825400796, 490279.773710263], [152046.79319652278, 490530.0432012415], [152075.4044079122, 490627.39567587356], [152125.60296883597, 490708.7015368036], [152123.9174662396, 490788.91721487197], [152104.15785002147, 490831.00270731683], [152020.4912365602, 490883.4953221169], [151832.75472346623, 490890.17565262265], [151795.39126789878, 490928.2660163765], [151792.51311003204, 490952.9558093111], [151843.46252634953, 490997.77702421026], [151843.9826650346, 491029.5383497593], [151802.6015061612, 491118.29485987267], [151770.14470061063, 491343.7407519485], [151718.24176326246, 491405.9632372756], [151752.63349331584, 491446.49894934846], [151856.91355900263, 491452.94053186476], [151883.04208853818, 491472.8648019018], [151886.12021734443, 491550.93055968295], [151650.50545957146, 491871.4828386891], [151598.235795253, 492000.26085067145], [151599.14834598947, 492041.5930504609], [151668.28546813875, 492148.1099367674], [151767.63066841615, 492249.199330954], [151865.68928945946, 492298.5108521405], [151912.96691361794, 492405.75607721787], [152107.98237362716, 492389.1674643045], [152232.80635626902, 492400.60388474964], [152460.3753626783, 492632.0156806873], [152607.82846856883, 492689.36614280235], [152683.19652697764, 492695.70051334455], [152733.99903344744, 492635.2673551757], [152777.81661387306, 492628.0007438714], [152848.82899193728, 492673.181745776], [152882.73372772016, 492744.6456460102], [152881.44146155784, 492806.11972435424], [152978.807000689, 492888.4178700207], [153027.90200289158, 492910.7002885478], [153103.62219502142, 492900.29186954966], [153152.83301576256, 492915.5764339754], [153183.48626079469, 492974.09710353776], [153151.9970589875, 493179.81399244326], [153157.00210849303, 493279.17099301645], [153240.0642976825, 493481.42121875344], [153272.0413285556, 493531.5943468056], [153388.5679902113, 493600.2956079226], [153535.6374487305, 493787.39149609604], [153541.35093437327, 493964.5152972972], [153561.55166217836, 494014.4410782105], [153616.00665669073, 494062.3371187314], [153662.68799070528, 494141.8203046089], [153787.54387283174, 494226.9129149525], [153792.4362874142, 494160.02178420057], [153696.42297261202, 494091.1667301536], [153764.05765149623, 494025.38529244356], [153760.84319371867, 493960.7597760363], [153697.32854326407, 493922.8648773282], [153603.0214082913, 493970.20031910366], [153604.03962761056, 493815.9806961216], [153570.1261187884, 493738.7880751517], [153430.01918069622, 493560.81315901753], [153309.5927421314, 493488.0943656317], [153222.73301800666, 493303.7169403624], [153208.74371646935, 493204.15159292496], [153222.44433412794, 493089.87333468907], [153203.3640312116, 493051.3508810451], [153235.08618781008, 493020.6976225073], [153240.55851629362, 492969.6448438391], [153204.67246157635, 492887.0003221677], [153149.462466824, 492847.7092130951], [153069.05160857792, 492861.5463491305], [153014.90459817424, 492843.9208258064], [152938.94550181963, 492781.9654027284], [152919.55376263068, 492679.02110408637], [152877.51967584682, 492656.18902467843], [152858.51712760393, 492607.37975309417], [152801.9772090695, 492576.1034356183], [152730.88590044796, 492574.5771689936], [152657.23440897014, 492637.89653584495], [152622.81248164328, 492634.0565434081], [152492.0057566204, 492583.9639606399], [152255.71494081285, 492348.1418821348], [152109.83204090837, 492331.9516999112], [151950.14564332683, 492345.79720373475], [151885.39685640417, 492236.36794225825], [151807.7389441627, 492204.08444829547], [151727.59400624887, 492121.1683657478], [151821.19809183423, 492034.6318460286], [151879.2988521847, 491912.03571280005], [151882.1114307136, 491866.6284805676], [151853.4062230933, 491831.83331044414], [151785.08136187826, 491838.8563512542], [151666.1873236249, 491981.037913851], [151697.71496872912, 491906.3537196647], [151823.97274116066, 491751.38478460134], [151941.85895690267, 491563.9788498629], [151928.34250619338, 491437.8657001358], [151873.992899518, 491398.302073873], [151804.1194897582, 491393.34137914836], [151851.87468834443, 491249.73991330515], [151858.82313694572, 491130.4909402571], [151900.32692596674, 491039.6571058177], [151897.3511081236, 490978.46159725304], [151868.0169419787, 490942.299762347], [152035.1898196176, 490938.8217770934], [152150.85892820606, 490864.1097195734], [152179.94443148116, 490800.666433143], [152186.17588934235, 490722.2022402919], [152104.28865784046, 490530.97774036496], [152176.02734132044, 490318.2696423957], [152196.09062751543, 490306.69871721155], [152248.20142680488, 490352.1565171283], [152304.11877790192, 490333.7813452099], [152325.57720311466, 490269.021260927], [152406.816094135, 490196.0630213489], [152441.29670524813, 490088.8118862357], [152524.009911439, 490015.41812648333], [152561.55284901187, 489926.62150354526], [152547.32053086124, 489820.0125074258], [152500.24164441306, 489748.70492359], [152424.77867141503, 489685.275645581], [152132.2390531463, 489536.30849324], [152112.24889655117, 489520.02711516083], [152145.39227453235, 489483.3861320246], [152147.7305215396, 489467.4122810348]]]}}, {"type": "Feature", "properties": {"rule": "mudflat_perimeter", "coast_clear_m": 30.0, "inset_ratio": 0.1, "site": "jebu"}, "geometry": {"type": "Polygon", "coordinates": [[[152466.99968738074, 498263.24729315366], [152500.00153623073, 498151.8148961314], [152477.63522513097, 498093.4682434595], [152451.35723606034, 498081.04001241137], [152401.23290056933, 498079.4853064973], [152293.1355230255, 498115.58603206073], [152166.33834012412, 498197.9189638417], [152119.9547786868, 498355.6952429544], [152145.29660244667, 498412.2294224788], [152197.49115728418, 498454.625609385], [152210.38264428164, 498515.10092405404], [152239.0774319946, 498518.7673244928], [152230.60621873027, 498451.7754651574], [152283.61664145955, 498371.5147792332], [152384.86353519585, 498282.73797199794], [152466.99968738074, 498263.24729315366]]]}}, {"type": "Feature", "properties": {"rule": "mudflat_perimeter", "coast_clear_m": 30.0, "inset_ratio": 0.1, "site": "jebu"}, "geometry": {"type": "Polygon", "coordinates": [[[152714.77609860626, 514027.97329685726], [152695.54440408805, 513973.29584756936], [152647.43535947267, 513946.7754342833], [152571.12884801123, 513956.41661408363], [152539.10299156798, 514001.08714461594], [152550.83227132593, 514045.5835133852], [152638.92345194603, 514118.71735050605], [152692.24350285577, 514095.06216499564], [152714.77609860626, 514027.97329685726]]]}}, {"type": "Feature", "properties": {"rule": "mudflat_perimeter", "coast_clear_m": 30.0, "inset_ratio": 0.1, "site": "jebu"}, "geometry": {"type": "Polygon", "coordinates": [[[153020.24847983546, 502133.4668294309], [153086.0459358837, 502033.3505880516], [153231.86990574084, 501943.91986759484], [153245.30660146644, 501894.6393316557], [153224.26279839972, 501857.007808383], [153165.83499102708, 501829.7767928803], [153094.93631503187, 501835.2837999475], [153042.00455947133, 501883.9199811744], [152987.98881652136, 501984.03435597336], [152812.67434313177, 502018.0927685482], [152698.64190608027, 502277.6960025667], [152705.36184953706, 502351.08897782804], [152760.71778462746, 502355.7549151161], [152827.79156415927, 502252.1656643229], [153020.24847983546, 502133.4668294309]]]}}, {"type": "Feature", "properties": {"rule": "mudflat_perimeter", "coast_clear_m": 30.0, "inset_ratio": 0.1, "site": "jebu"}, "geometry": {"type": "Polygon", "coordinates": [[[152845.72525302618, 522702.7487159801], [152893.63479948172, 522725.7020023232], [152906.35376175528, 522689.2651229787], [152876.13627637352, 522667.37544324796], [152845.72525302618, 522702.7487159801]]]}}, {"type": "Feature", "properties": {"rule": "mudflat_perimeter", "coast_clear_m": 30.0, "inset_ratio": 0.1, "site": "jebu"}, "geometry": {"type": "Polygon", "coordinates": [[[154929.7474383, 496500.0259288256], [155010.8653235354, 496345.9780954863], [155113.33286417197, 496298.63231696637], [155158.57638009562, 496233.1544433318], [155245.40321519625, 496301.4104608777], [155387.04720910627, 496342.26692022255], [155368.15911807728, 496276.3424361866], [155266.79841295062, 496247.29359002947], [155221.7441574677, 496198.03082064615], [155164.68051023572, 496175.03426403366], [155117.27619698687, 496190.3457688436], [155075.21664519113, 496245.8161190504], [155044.457499792, 496255.5993433051], [155002.53281805303, 496156.81424773], [154943.74045396328, 496138.53343667643], [154883.43925705593, 496185.0957999484], [154867.30748928862, 496257.1001229748], [154903.38363527396, 496302.8716715064], [154970.71134575803, 496305.1859447233], [154925.7288235608, 496380.2511613262], [154825.74736313897, 496364.8049069083], [154851.46877755254, 496318.1327408773], [154852.47428220056, 496237.115928377], [154910.65940397358, 496124.50035545335], [154968.00279331385, 496047.5476210185], [154998.71597525035, 495959.81785755727], [154986.57896374006, 495805.1504879899], [154955.81876901898, 495762.98578870925], [154904.2608160992, 495745.4976523662], [154764.56708892644, 495781.0252169888], [154552.06386320986, 495794.3041497892], [154295.96134645925, 495644.44994000375], [154284.2128819959, 495529.3141672186], [154305.4949546147, 495418.3451218294], [154195.02846143735, 495160.6390918813], [154182.95996298137, 495075.777907116], [154205.3175690273, 495018.0322178727], [154143.81990741956, 494900.74020858214], [154073.2597919787, 494822.7605768564], [154015.3218602119, 494679.13161629403], [153937.7140738465, 494605.3207163995], [153941.66659414236, 494514.42734490125], [153919.98503650914, 494462.88595628267], [153934.88499640065, 494418.8819601254], [154394.24498430287, 494019.1629722724], [152924.95223905082, 492284.8782832339], [152904.79402566626, 492323.3191408294], [152917.7024838798, 492365.1883648224], [154313.8974131417, 494014.12349542], [153902.83055266045, 494369.9769369038], [153868.06565163124, 494335.1827269267], [153852.7855114385, 494276.09020964184], [153808.9838038918, 494254.23513393267], [153808.98473981328, 494338.90075922164], [153884.2683857604, 494433.23585900967], [153892.6597140649, 494651.66721323883], [153966.9403700462, 494709.73057662783], [154061.77269168428, 494912.47946105537], [154152.24010189483, 494986.94631732674], [154125.75698397285, 495096.0794155068], [154174.4245981985, 495278.35722096113], [154244.92232056017, 495404.84298626566], [154226.70729390456, 495541.3381412382], [154246.27903718132, 495676.1279907157], [154536.389869635, 495849.85947662673], [154769.06721194478, 495838.37820560596], [154903.73058521986, 495802.74085125804], [154935.56794276304, 495831.1301089079], [154946.6704379836, 495919.8660709043], [154928.58988476242, 495994.9877531226], [154798.86410233763, 496216.5150469385], [154789.93359110135, 496319.04864739056], [154723.96734591562, 496411.3197243891], [154621.20785220806, 496480.72232945496], [154603.55788683763, 496555.790420621], [154618.54789798628, 496599.7319826797], [154650.61909153024, 496645.407864411], [154732.04803284392, 496679.52799266303], [154853.87930834992, 496517.4303744667], [154929.7474383, 496500.0259288256]]]}}, {"type": "Feature", "properties": {"rule": "mudflat_perimeter", "coast_clear_m": 30.0, "inset_ratio": 0.1, "site": "jebu"}, "geometry": {"type": "Polygon", "coordinates": [[[153234.27261156208, 515835.80418155796], [153274.94465326317, 515847.34453614685], [153423.53432200893, 515543.6921373385], [153357.68451938112, 515566.5841601474], [153235.84300334155, 515799.50984043477], [153234.27261156208, 515835.80418155796]]]}}, {"type": "Feature", "properties": {"rule": "mudflat_perimeter", "coast_clear_m": 30.0, "inset_ratio": 0.1, "site": "jebu"}, "geometry": {"type": "Polygon", "coordinates": [[[153467.31824956642, 515580.41769957636], [153427.47358880425, 515575.5231748209], [153280.45041402293, 515857.93249237956], [153322.27135328873, 515875.0768275702], [153344.64599853265, 515855.01071393874], [153466.9406050912, 515622.2301295349], [153467.31824956642, 515580.41769957636]]]}}, {"type": "Feature", "properties": {"rule": "mudflat_perimeter", "coast_clear_m": 30.0, "inset_ratio": 0.1, "site": "jebu"}, "geometry": {"type": "Polygon", "coordinates": [[[154141.65196204185, 501881.0788149592], [154341.9459871281, 501781.29450986424], [154543.4669050401, 501736.03724899737], [154614.99333549506, 501673.29187309253], [154620.17144486366, 501567.6480239488], [154545.08422269643, 501491.1898584245], [154561.75805289386, 501428.41419981985], [154548.92343108827, 501365.6423047774], [154459.64883901103, 501290.63537241373], [154251.78218745426, 501357.13493398257], [154124.887930031, 501443.9649167054], [153811.694511507, 501497.6834161832], [153527.4602657772, 501633.88836660923], [153456.09995280346, 501647.3077406165], [153423.53987951495, 501680.9196113026], [153427.92449193835, 501710.79380943975], [153467.23273698048, 501748.8724428533], [153666.86874303897, 501793.0778139748], [153715.78446828708, 501822.3586588093], [153738.558257863, 501974.09178346145], [153769.4202099696, 502020.7428787768], [153806.3081710397, 502033.895046577], [153862.67351303573, 502019.20682084817], [153959.75784120357, 501918.4990941343], [154141.65196204185, 501881.0788149592]]]}}, {"type": "Feature", "properties": {"rule": "mudflat_perimeter", "coast_clear_m": 30.0, "inset_ratio": 0.1, "site": "jebu"}, "geometry": {"type": "Polygon", "coordinates": [[[153431.3832527869, 515919.787372453], [153528.60782958491, 515961.1456401406], [153686.30203325843, 515994.35774050484], [153756.4337994371, 515949.8209863669], [153479.12427040175, 515886.48023579526], [153442.0354190908, 515897.0696687105], [153431.3832527869, 515919.787372453]]]}}, {"type": "Feature", "properties": {"rule": "mudflat_perimeter", "coast_clear_m": 30.0, "inset_ratio": 0.1, "site": "jebu"}, "geometry": {"type": "Polygon", "coordinates": [[[153727.05941580312, 514426.0178110909], [153753.88519559446, 514566.990223981], [153826.69384805587, 514596.950312328], [153860.88530135644, 514592.7346642119], [153788.3493154802, 514430.44892642164], [153727.05941580312, 514426.0178110909]]]}}, {"type": "Feature", "properties": {"rule": "mudflat_perimeter", "coast_clear_m": 30.0, "inset_ratio": 0.1, "site": "jebu"}, "geometry": {"type": "Polygon", "coordinates": [[[153761.6335689752, 515956.81163793383], [153727.3666208274, 516000.274272721], [153767.15364551955, 516006.96473469766], [153761.6335689752, 515956.81163793383]]]}}, {"type": "Feature", "properties": {"rule": "mudflat_perimeter", "coast_clear_m": 30.0, "inset_ratio": 0.1, "site": "jebu"}, "geometry": {"type": "Polygon", "coordinates": [[[153982.44655641247, 512433.61889079295], [153880.0382648883, 512442.0984397698], [153786.69784958515, 512410.36179016717], [153748.62276625543, 512428.6836124756], [153745.98245252488, 512469.3789830944], [153781.6933447943, 512491.63325111254], [153871.69322158062, 512465.46963879815], [153947.06153307203, 512495.12366419577], [153988.45742782645, 512489.3723284933], [153997.88057319188, 512460.8204566016], [153982.44655641247, 512433.61889079295]]]}}, {"type": "Feature", "properties": {"rule": "mudflat_perimeter", "coast_clear_m": 30.0, "inset_ratio": 0.1, "site": "jebu"}, "geometry": {"type": "Polygon", "coordinates": [[[153761.71326224183, 515281.6634599744], [153784.99957499088, 515328.12885079696], [153830.3827251386, 515359.3819376253], [153913.17327463138, 515351.4777363965], [153964.96215016468, 515270.1072769813], [153951.50256757392, 515183.46512101806], [153899.13561108307, 515141.64655874897], [153819.91335753058, 515144.4223110966], [153767.77094001594, 515200.90106585127], [153761.71326224183, 515281.6634599744]]]}}, {"type": "Feature", "properties": {"rule": "mudflat_perimeter", "coast_clear_m": 30.0, "inset_ratio": 0.1, "site": "jebu"}, "geometry": {"type": "Polygon", "coordinates": [[[153780.5843287076, 515926.8177487527], [153960.87374705204, 515742.01615413284], [153970.61680763907, 515713.7521387119], [153907.7159539683, 515717.2377606888], [153775.47678468938, 515850.904226947], [153762.81692491885, 515892.8492881797], [153780.5843287076, 515926.8177487527]]]}}, {"type": "Feature", "properties": {"rule": "mudflat_perimeter", "coast_clear_m": 30.0, "inset_ratio": 0.1, "site": "jebu"}, "geometry": {"type": "Polygon", "coordinates": [[[153995.96529789973, 515750.8916444318], [153972.67258478893, 515746.6881358463], [153783.3360933925, 515934.96003311477], [153834.28442211144, 515952.1336407033], [153892.46374475103, 515919.1608430077], [153998.00135980314, 515800.7348740957], [153995.96529789973, 515750.8916444318]]]}}, {"type": "Feature", "properties": {"rule": "mudflat_perimeter", "coast_clear_m": 30.0, "inset_ratio": 0.1, "site": "jebu"}, "geometry": {"type": "Polygon", "coordinates": [[[154054.5039263462, 512732.64789529727], [154089.96311708697, 512767.8503490783], [154122.60189162588, 512766.96106808196], [154142.48247819408, 512731.1923231365], [154127.47195565613, 512677.99905715114], [154074.5936067033, 512660.69487088156], [154054.5039263462, 512732.64789529727]]]}}, {"type": "Feature", "properties": {"rule": "mudflat_perimeter", "coast_clear_m": 30.0, "inset_ratio": 0.1, "site": "jebu"}, "geometry": {"type": "Polygon", "coordinates": [[[154255.4189573896, 497597.6173377766], [154323.08873004722, 497479.7256543285], [154405.28910341352, 497455.45457378076], [154482.41912611638, 497490.20346777234], [154515.88691723841, 497441.28138397087], [154509.8305076674, 497392.7151299078], [154435.949807015, 497315.65876486746], [154427.96981610247, 497247.11421367043], [154381.57779243877, 497208.51210227126], [154337.98178836826, 497206.34487083345], [154212.62860935676, 497275.7091099306], [154107.9791097315, 497426.7608393524], [154081.35073735734, 497570.95399609546], [154112.18043937843, 497677.10527400055], [154130.73582322706, 497688.3240832289], [154151.14036704547, 497647.674319453], [154255.4189573896, 497597.6173377766]]]}}, {"type": "Feature", "properties": {"rule": "mudflat_perimeter", "coast_clear_m": 30.0, "inset_ratio": 0.1, "site": "jebu"}, "geometry": {"type": "Polygon", "coordinates": [[[154315.9268537605, 513244.80522015516], [154381.6330041043, 513051.18665672647], [154366.47242071276, 513004.3654449233], [154323.1897474368, 512984.7637893383], [154260.90321364984, 513016.38735811797], [154187.1844215325, 513220.5868087386], [154181.99086639655, 513297.1042897558], [154208.3909683275, 513322.2247395647], [154261.72573877682, 513317.91313196515], [154315.9268537605, 513244.80522015516]]]}}, {"type": "Feature", "properties": {"rule": "mudflat_perimeter", "coast_clear_m": 30.0, "inset_ratio": 0.1, "site": "jebu"}, "geometry": {"type": "Polygon", "coordinates": [[[154447.13272488856, 513490.581950858], [154494.47603090078, 513536.7389908359], [154515.12656634327, 513529.0809684199], [154523.83723700425, 513484.70114854875], [154504.45006898994, 513453.79092654894], [154457.82480670698, 513453.7362516007], [154447.13272488856, 513490.581950858]]]}}, {"type": "Feature", "properties": {"rule": "mudflat_perimeter", "coast_clear_m": 30.0, "inset_ratio": 0.1, "site": "jebu"}, "geometry": {"type": "Polygon", "coordinates": [[[154777.35822748902, 501778.96406963817], [154810.5763813514, 501825.41484698385], [154854.11455526584, 501831.08198581706], [154943.8304301567, 501772.71974593215], [154947.94431993607, 501745.8056456873], [154901.49464719128, 501711.076495465], [154826.21709314984, 501698.92836673907], [154785.14130768814, 501716.9387499411], [154777.35822748902, 501778.96406963817]]]}}, {"type": "Feature", "properties": {"rule": "mudflat_perimeter", "coast_clear_m": 30.0, "inset_ratio": 0.1, "site": "jebu"}, "geometry": {"type": "Polygon", "coordinates": [[[154781.62064998836, 514043.9217620465], [154886.82013113017, 514427.39294123184], [154981.85991516762, 514572.90424734907], [155079.4824610656, 514936.477097924], [155173.84766465166, 515000.72193605406], [155273.90500542987, 515021.8355349678], [155324.41884314374, 515010.90197101], [155342.12240700814, 514965.7742428327], [155334.0946176127, 514891.60227781394], [155233.60632383436, 514664.4730053691], [155159.11798041617, 514564.6468960253], [155060.22153251246, 514488.55625155405], [155056.3104556749, 514391.4706390721], [154998.0511419921, 514259.73636594263], [154973.03238710985, 514084.452525953], [154918.88406862383, 514042.55806815566], [154794.85168039316, 514023.18873911], [154781.62064998836, 514043.9217620465]]]}}, {"type": "Feature", "properties": {"rule": "mudflat_perimeter", "coast_clear_m": 30.0, "inset_ratio": 0.1, "site": "jebu"}, "geometry": {"type": "Polygon", "coordinates": [[[154912.29115850764, 516507.745581117], [154833.68912334106, 516535.7109309219], [154925.67007313287, 516554.0921115047], [154912.29115850764, 516507.745581117]]]}}, {"type": "Feature", "properties": {"rule": "mudflat_perimeter", "coast_clear_m": 30.0, "inset_ratio": 0.1, "site": "jebu"}, "geometry": {"type": "Polygon", "coordinates": [[[156977.02789654452, 531017.7174772386], [156964.12391470725, 530993.4664144577], [156981.55384657864, 530944.4040023969], [156956.83594849127, 530913.1598716854], [156907.08088819013, 530898.1678115195], [156820.36835058167, 530916.1438172223], [156755.03789558492, 530735.064440839], [156676.03465676925, 530747.0475348455], [156601.5522664386, 530720.5699940705], [156630.03752008616, 530632.5057840111], [156633.40928214873, 530496.3061776255], [156612.8348354754, 530456.2745035371], [156585.6055213538, 530458.651115654], [156558.54709701432, 530492.3294543033], [156535.50862247738, 530584.0949753133], [156482.73106394286, 530588.2270815583], [156385.90892284582, 530430.6692748916], [156237.39273559934, 530348.5200513847], [156168.12222720642, 530198.1716799225], [156091.42322630464, 530147.6698432413], [155997.6860996149, 530155.746918975], [155941.37715504094, 530139.2411913708], [155813.43111085723, 530020.6514296032], [155694.39753383456, 529978.5032051472], [155667.47971938938, 529942.4940675957], [155655.09840804248, 529858.5098216383], [155626.3462038136, 529832.1811817029], [155513.43486941178, 529777.7506152308], [155388.3801947891, 529781.7529018205], [155169.23158204812, 529691.8688322471], [155019.3632991427, 529667.6933353881], [154970.12670045794, 529627.1490106337], [154937.74308480677, 529629.6193823968], [154942.614190812, 529679.3180095684], [155131.2746900403, 529865.3207893288], [155288.11995193711, 529931.8954297083], [155540.60936950948, 530146.7515872341], [155590.76769381756, 530142.3141862904], [155610.74408181035, 530086.0083437737], [155639.95170761627, 530092.0415717585], [155660.60892942833, 530142.543709749], [155738.6042943571, 530193.0724970445], [155788.03856109985, 530286.2482159061], [155891.1673135218, 530393.9371589374], [155960.1184784806, 530498.1520375188], [156061.0702662673, 530460.789089809], [156153.00734677774, 530475.7375884732], [156217.7909135123, 530527.3619370774], [156404.81894805786, 530781.5845586911], [156552.81051060767, 530856.301143056], [156620.92630934913, 530844.7902592885], [156664.057335869, 530860.8300884252], [156744.66215292603, 530964.3933887824], [156736.2046668559, 531069.3670722612], [156814.5000934759, 531160.6549591834], [156912.58893032072, 531185.0469611546], [157142.02696037843, 531341.1021625719], [157206.63304896178, 531333.2832837349], [157208.59914837283, 531302.4485137006], [157098.71272476914, 531175.1445911804], [157137.86998406114, 531103.074859817], [157133.3045291462, 531054.15359073], [157055.07479633205, 531003.4952687715], [156977.02789654452, 531017.7174772386]]]}}, {"type": "Feature", "properties": {"rule": "mudflat_perimeter", "coast_clear_m": 30.0, "inset_ratio": 0.1, "site": "jebu"}, "geometry": {"type": "Polygon", "coordinates": [[[155233.40708427003, 495889.6909962565], [155232.90699494712, 495870.3529826085], [155321.0509504844, 495839.0789990907], [155300.62597480958, 495780.06800761766], [155222.06905142628, 495807.41196676216], [155191.82677953708, 495782.24600034487], [155192.75348118832, 495818.58553112304], [155233.40708427003, 495889.6909962565]]]}}, {"type": "Feature", "properties": {"rule": "mudflat_perimeter", "coast_clear_m": 30.0, "inset_ratio": 0.1, "site": "jebu"}, "geometry": {"type": "Polygon", "coordinates": [[[155293.87084422965, 518518.0152102929], [155291.51976603875, 518581.85865649616], [155326.54214457932, 518603.8280674042], [155329.0650881642, 518637.6469958099], [155353.20774049757, 518610.03865012433], [155355.02075962964, 518571.5103236273], [155328.05057906962, 518526.0470799995], [155293.87084422965, 518518.0152102929]]]}}, {"type": "Feature", "properties": {"rule": "mudflat_perimeter", "coast_clear_m": 30.0, "inset_ratio": 0.1, "site": "jebu"}, "geometry": {"type": "Polygon", "coordinates": [[[155740.5426555025, 516088.89238737826], [155702.1534315064, 516060.41206403513], [155720.26701241866, 516042.7220908454], [155649.7889411988, 516016.57524587534], [155606.996684135, 516030.4834775662], [155582.2391873002, 516078.03848179366], [155618.45537039585, 516151.8269751575], [155667.30815240656, 516172.00567190564], [155733.87986864295, 516140.6831287356], [155740.5426555025, 516088.89238737826]]]}}, {"type": "Feature", "properties": {"rule": "mudflat_perimeter", "coast_clear_m": 30.0, "inset_ratio": 0.1, "site": "jebu"}, "geometry": {"type": "Polygon", "coordinates": [[[155673.1331688154, 498245.7178718796], [155671.45552721623, 498325.4351297946], [155816.6511290584, 498524.24689466786], [155897.29606255685, 498546.4448402696], [155991.94653548865, 498514.9357399876], [156028.195194451, 498476.44740300474], [156038.17379532315, 498429.5933034732], [156009.0456940192, 498376.2286474437], [155822.9358928379, 498225.6197773895], [155748.3894356519, 498218.80078916566], [155673.1331688154, 498245.7178718796]]]}}, {"type": "Feature", "properties": {"rule": "mudflat_perimeter", "coast_clear_m": 30.0, "inset_ratio": 0.1, "site": "jebu"}, "geometry": {"type": "Polygon", "coordinates": [[[155880.70910402693, 517310.48092108953], [155743.08052279617, 517246.95384609466], [155713.20490657422, 517254.1899300439], [155707.33428404323, 517344.94420532574], [155752.80398901046, 517438.1580807634], [155853.28863384135, 517453.46923441824], [155885.94046378718, 517437.0959978272], [155908.82160409587, 517351.05675769824], [155880.70910402693, 517310.48092108953]]]}}, {"type": "Feature", "properties": {"rule": "mudflat_perimeter", "coast_clear_m": 30.0, "inset_ratio": 0.1, "site": "jebu"}, "geometry": {"type": "Polygon", "coordinates": [[[155864.01236466606, 516042.44476617815], [155891.532803469, 515998.5554871648], [155942.72281788904, 515981.29637841834], [155994.44167680052, 516021.8469112266], [155955.61147995837, 516055.88611240045], [155922.57834086756, 516057.56222272146], [155945.66577814802, 516085.95079390396], [155983.33011042123, 516094.2644606909], [156039.29236598095, 516059.106775089], [156050.78477932568, 516009.4628629352], [155975.64479432118, 515934.3538026091], [155917.66591661255, 515919.91261309816], [155843.23165506744, 515971.3239449007], [155839.18223302337, 516009.68174934963], [155864.01236466606, 516042.44476617815]]]}}, {"type": "Feature", "properties": {"rule": "mudflat_perimeter", "coast_clear_m": 30.0, "inset_ratio": 0.1, "site": "jebu"}, "geometry": {"type": "Polygon", "coordinates": [[[155925.8939170313, 517642.5569055576], [155959.83594167331, 517642.30529688357], [155956.24366008752, 517601.83729719475], [155926.4131695279, 517610.39486118726], [155925.8939170313, 517642.5569055576]]]}}, {"type": "Feature", "properties": {"rule": "mudflat_perimeter", "coast_clear_m": 30.0, "inset_ratio": 0.1, "site": "jebu"}, "geometry": {"type": "Polygon", "coordinates": [[[156402.03018385408, 513742.8032971211], [156317.5648202497, 513688.63710129674], [156209.21578850536, 513707.11719133175], [156171.71289689688, 513743.1094733791], [156141.6880679554, 513819.3239072778], [156174.79366557582, 513923.0534045273], [156271.95026369774, 513976.8744298812], [156376.53942315187, 513939.7494572712], [156421.2525731861, 513851.56075027154], [156402.03018385408, 513742.8032971211]]]}}, {"type": "Feature", "properties": {"rule": "mudflat_perimeter", "coast_clear_m": 30.0, "inset_ratio": 0.1, "site": "jebu"}, "geometry": {"type": "Polygon", "coordinates": [[[156497.64369186718, 498104.688924438], [156393.4014876839, 498224.06195831456], [156421.800938667, 498281.97405280755], [156468.29542811413, 498275.2647524013], [156502.6954713965, 498232.174687439], [156525.93661481806, 498106.4094476352], [156497.64369186718, 498104.688924438]]]}}, {"type": "Feature", "properties": {"rule": "mudflat_perimeter", "coast_clear_m": 30.0, "inset_ratio": 0.1, "site": "jebu"}, "geometry": {"type": "Polygon", "coordinates": [[[156545.587815952, 520561.6510536063], [156494.13100609786, 520536.318720104], [156442.65094831533, 520563.60809204413], [156428.8921942887, 520606.64542021404], [156453.43420453582, 520668.76426322263], [156496.76189801848, 520684.3436855418], [156540.07263615978, 520663.3402576731], [156562.679495293, 520611.6541928868], [156545.587815952, 520561.6510536063]]]}}, {"type": "Feature", "properties": {"rule": "mudflat_perimeter", "coast_clear_m": 30.0, "inset_ratio": 0.1, "site": "jebu"}, "geometry": {"type": "Polygon", "coordinates": [[[156540.91442885663, 529009.899048975], [156523.9986606834, 528958.0643410033], [156516.15415366358, 529010.3704230381], [156540.16969636653, 529058.3810103495], [156619.14690390308, 529092.9923971803], [156839.64216424167, 529121.8534697178], [156737.4622731401, 529044.141859097], [156580.40356343775, 529046.0494971892], [156540.91442885663, 529009.899048975]]]}}, {"type": "Feature", "properties": {"rule": "mudflat_perimeter", "coast_clear_m": 30.0, "inset_ratio": 0.1, "site": "jebu"}, "geometry": {"type": "Polygon", "coordinates": [[[157045.55816625874, 516810.4144312759], [156947.182033117, 516677.88189212314], [156908.26607512162, 516646.99175513926], [156897.74407335784, 516703.09515604505], [156974.4067095064, 516809.8478838811], [157014.03588078855, 516828.53448321647], [157045.55816625874, 516810.4144312759]]]}}, {"type": "Feature", "properties": {"rule": "mudflat_perimeter", "coast_clear_m": 30.0, "inset_ratio": 0.1, "site": "jebu"}, "geometry": {"type": "Polygon", "coordinates": [[[156917.6336719626, 516592.40826322057], [156952.33406054636, 516610.4745973198], [157070.87547482955, 516484.9791175171], [157003.8278217147, 516485.44855869527], [156924.34225026585, 516558.1305662497], [156917.6336719626, 516592.40826322057]]]}}, {"type": "Feature", "properties": {"rule": "mudflat_perimeter", "coast_clear_m": 30.0, "inset_ratio": 0.1, "site": "jebu"}, "geometry": {"type": "Polygon", "coordinates": [[[157097.79407785402, 516535.9284712798], [157067.05658718682, 516519.14110228705], [156941.02956329734, 516649.9620339076], [157057.43672924905, 516812.56762483827], [157079.08891522756, 516752.7288562805], [157008.32005987817, 516648.26457596186], [157090.9969138062, 516574.619665355], [157097.79407785402, 516535.9284712798]]]}}, {"type": "Feature", "properties": {"rule": "mudflat_perimeter", "coast_clear_m": 30.0, "inset_ratio": 0.1, "site": "jebu"}, "geometry": {"type": "Polygon", "coordinates": [[[156983.66454920202, 517076.7612667942], [157006.56048087543, 517000.9291915792], [157054.65725554252, 516995.0049667487], [157123.3280602547, 517033.2807520902], [157179.42322969442, 516993.4349348992], [157149.68586113915, 516950.6603363714], [157117.24580387675, 516971.1458682468], [157064.77304121738, 516938.660172452], [156981.91212995825, 516949.2617573365], [156942.5714342783, 517026.1877725939], [156956.2555915077, 517062.2497029631], [156983.66454920202, 517076.7612667942]]]}}, {"type": "Feature", "properties": {"rule": "mudflat_perimeter", "coast_clear_m": 30.0, "inset_ratio": 0.1, "site": "jebu"}, "geometry": {"type": "Polygon", "coordinates": [[[157177.07953695676, 518111.8882623217], [157084.80105569685, 518065.4571936107], [157048.08927414173, 518091.8268993467], [157112.80702374352, 518129.54469220777], [157154.2993981854, 518193.1249767908], [157212.18687705728, 518193.5598295281], [157188.34843328304, 518174.6380118634], [157177.07953695676, 518111.8882623217]]]}}, {"type": "Feature", "properties": {"rule": "mudflat_perimeter", "coast_clear_m": 30.0, "inset_ratio": 0.1, "site": "jebu"}, "geometry": {"type": "Polygon", "coordinates": [[[157051.2217011475, 518040.45694573474], [157087.4113837497, 518040.5375375026], [157101.5951588004, 518008.72488108743], [157070.47196998174, 518016.2530083582], [157051.2217011475, 518040.45694573474]]]}}, {"type": "Feature", "properties": {"rule": "mudflat_perimeter", "coast_clear_m": 30.0, "inset_ratio": 0.1, "site": "jebu"}, "geometry": {"type": "Polygon", "coordinates": [[[157117.53157234867, 518010.19823685713], [157162.21118269264, 518015.3688190129], [157188.79959589287, 518102.35860320064], [157244.6281788076, 518169.8788728143], [157230.75653287675, 518190.8973902246], [157260.4541461393, 518178.84369909565], [157279.91437703773, 518118.2856905042], [157241.6912665476, 518073.2427911247], [157212.32650779048, 517990.4046468707], [157157.13805855173, 517969.9407875572], [157117.53157234867, 518010.19823685713]]]}}, {"type": "Feature", "properties": {"rule": "mudflat_perimeter", "coast_clear_m": 30.0, "inset_ratio": 0.1, "site": "jebu"}, "geometry": {"type": "Polygon", "coordinates": [[[157157.98969011093, 516948.133608289], [157196.36023762033, 516984.5923486543], [157211.48158079453, 516964.6461006039], [157157.98969011093, 516948.133608289]]]}}, {"type": "Feature", "properties": {"rule": "mudflat_perimeter", "coast_clear_m": 30.0, "inset_ratio": 0.1, "site": "jebu"}, "geometry": {"type": "Polygon", "coordinates": [[[157499.03816960068, 495273.07759087277], [157443.87246045924, 495287.11251844885], [157395.8877441961, 495436.6937346888], [157205.20099060395, 495531.6003200624], [157207.71198539203, 495580.71508282406], [157248.45664985455, 495576.53017295396], [157436.25482039456, 495478.4643376637], [157479.12587866854, 495402.90512555453], [157499.03816960068, 495273.07759087277]]]}}, {"type": "Feature", "properties": {"rule": "mudflat_perimeter", "coast_clear_m": 30.0, "inset_ratio": 0.1, "site": "jebu"}, "geometry": {"type": "Polygon", "coordinates": [[[157270.89926924094, 531382.9247307122], [157302.89929687642, 531381.3878018752], [157279.5861376432, 531365.1431386982], [157270.89926924094, 531382.9247307122]]]}}, {"type": "Feature", "properties": {"rule": "mudflat_perimeter", "coast_clear_m": 30.0, "inset_ratio": 0.1, "site": "jebu"}, "geometry": {"type": "Polygon", "coordinates": [[[157895.73648815035, 520112.61579067615], [157893.33114519386, 519926.39245555096], [157834.34811557163, 519899.8711535466], [157717.90299404896, 519921.7855525115], [157645.69724808168, 520064.60925825767], [157672.15354954204, 520122.3037877737], [157651.25616973365, 520206.889413218], [157683.3456562978, 520247.06949946284], [157851.63438474174, 520328.380703141], [157837.3792402361, 520473.0858100815], [157871.3045323477, 520519.93020717445], [157921.07217513968, 520533.98285982246], [157977.6291711972, 520508.86492483114], [158040.7772062897, 520357.50549659505], [158006.78277322496, 520205.09242342843], [157923.08701719638, 520158.4615888513], [157895.73648815035, 520112.61579067615]]]}}, {"type": "Feature", "properties": {"rule": "mudflat_perimeter", "coast_clear_m": 30.0, "inset_ratio": 0.1, "site": "jebu"}, "geometry": {"type": "Polygon", "coordinates": [[[158057.3747468509, 510161.27422903304], [158043.901317411, 510080.3614571835], [158000.0460237633, 510031.93433645414], [157949.98947490382, 510025.62799485296], [157899.24174144253, 510053.5586740612], [157874.98877073685, 510170.6771182946], [157916.3909791825, 510242.05358913797], [157964.901581974, 510257.57755767385], [158022.06622890173, 510238.40774048417], [158057.3747468509, 510161.27422903304]]]}}, {"type": "Feature", "properties": {"rule": "mudflat_perimeter", "coast_clear_m": 30.0, "inset_ratio": 0.1, "site": "jebu"}, "geometry": {"type": "Polygon", "coordinates": [[[158419.18752962488, 494172.8315372128], [158709.16776042618, 493978.1701072234], [158875.48564701632, 493906.91372159915], [158991.4589970336, 493780.5963381106], [159269.22119166187, 493554.67556814634], [159320.91617929706, 493545.5119889969], [159371.96500588022, 493567.0861164235], [159489.74663049326, 493569.5623701484], [159645.74538024946, 493529.08984493336], [159771.64910886236, 493420.9815827826], [159823.4493267422, 493406.8198169462], [160073.4369250502, 493399.07459836575], [160197.8224331101, 493363.1876675721], [160548.93396737362, 493321.5665323992], [160583.86185401067, 493299.6277880164], [160596.82376353935, 493264.2109400239], [160686.6322617754, 493273.4413927854], [160818.05719541214, 493188.6477640288], [160815.62507853098, 493153.8190135036], [161015.71385679673, 493079.4860051051], [161155.90757930098, 492994.3082626356], [161260.4398048043, 492983.75489884976], [161279.26793597874, 492945.5236691134], [161257.0713411028, 492838.11375757866], [161284.4841130498, 492816.40746899386], [161408.70696545002, 492852.86427112133], [161484.17464917188, 492815.94850887166], [161560.6193193443, 492732.5507285062], [161785.43086655735, 492696.02381093474], [161938.50238758908, 492642.4881054802], [162188.48684484258, 492634.9920211797], [162413.43544934285, 492593.4674317362], [162530.31377440313, 492638.9892133765], [162620.2225340254, 492618.3151259943], [162706.65138501223, 492488.87383311626], [162711.97338710068, 492420.0439016004], [162679.4389498823, 492313.04126214987], [162795.06091860926, 492050.3303404093], [163125.74085494978, 491910.39590951015], [163245.26796005914, 491829.9026508936], [163330.3789525769, 491731.93496522837], [163570.0273137584, 491633.40219452116], [163738.4158352834, 491433.9900511558], [163935.62593073564, 491363.62938871724], [164037.10141341068, 491283.31872673397], [164132.94679457985, 491257.5183593929], [164161.34145084306, 491162.2336466605], [164328.60990846867, 491047.3653242513], [164518.16865060278, 490850.3346366385], [164583.89290530008, 490756.58417631814], [164650.03670006373, 490703.84518886573], [164840.86821403546, 490645.64716288727], [164939.24389183195, 490667.418692997], [164979.25117622674, 490602.50463102525], [165070.2038267011, 490563.41259972745], [165130.7027486144, 490502.6793149301], [165224.2899532566, 490522.64685292455], [165254.1191798807, 490513.0227360198], [165284.64300043817, 490469.97352114477], [165282.45347463145, 490390.1091582275], [165406.52110477217, 490369.46409230435], [165509.2999110293, 490258.3652078173], [165584.9889319239, 490210.95173196355], [165654.2715435511, 490192.5308033463], [165760.37499175913, 490199.13524909836], [165821.00801948016, 490131.653923054], [165938.10824238468, 490074.1095265134], [166007.24912413466, 490062.81104410166], [166066.67953470434, 490084.5611062836], [166240.9326190541, 490003.2153372334], [166319.778902673, 489989.62060336565], [166407.6718153912, 489852.12808668404], [166550.4828148965, 489820.4536558569], [166601.9143543332, 489717.5259208046], [166615.77336162672, 489628.32222199003], [166714.09538879708, 489575.14584739774], [166700.3170028485, 489755.6270946731], [166739.18578727628, 489775.03875377646], [166792.15935512347, 489757.52504606795], [166810.31630028295, 489685.40082796785], [166855.41645817657, 489629.84383657126], [167133.82324207088, 489560.9359107521], [167258.45747551275, 489459.7956037717], [167432.85807140058, 489524.7138192818], [167656.1868842646, 489542.6559523682], [167767.84964487486, 489425.24161047034], [167813.35461133596, 489301.68719205743], [167903.99941008302, 489262.3219932833], [168139.4504684081, 489283.5344786332], [168225.90389581505, 489270.47408388625], [168289.7654861622, 489231.93702977593], [168398.89531917326, 489038.71247263695], [168446.24840179138, 489017.04272128403], [168346.99482467398, 489014.76620124135], [168250.42981244504, 489188.81295039307], [168190.48134884684, 489222.8065679496], [167901.19757070523, 489205.1449466626], [167783.75457487017, 489252.68818384927], [167717.98643552823, 489395.9678733201], [167635.40874277428, 489488.9051304924], [167442.82721383593, 489468.27047370834], [167255.33366168436, 489402.6352438067], [167129.7016057559, 489499.6837987767], [166833.98257696754, 489576.76226066705], [166770.1218432349, 489639.6012108195], [166768.95687416015, 489571.78753590834], [166740.68042805477, 489536.7631301605], [166656.93227654882, 489581.50611720834], [166654.90492909687, 489604.17196171137], [166638.55342700818, 489591.3281573705], [166554.56272525326, 489636.5520848916], [166514.14517861095, 489774.8963163774], [166374.45983688728, 489805.5015979891], [166288.67235825464, 489934.229055005], [166054.96012998058, 490016.68376000016], [165985.55462981417, 490005.36496391287], [165918.08078917416, 490020.48149203457], [165788.83115066338, 490084.3071800054], [165738.02830386398, 490146.0147794956], [165624.12016546453, 490138.28987975477], [165459.01996923552, 490227.16640691855], [165381.606265039, 490317.2627454972], [165247.50368755482, 490344.77068287315], [165221.4028895038, 490390.55619479856], [165223.1201901314, 490463.4742881138], [165123.5479166053, 490444.9539074203], [165014.3441539511, 490522.36529499345], [165016.5515931416, 490464.9346880031], [164909.80045436343, 490522.0692141801], [164960.8394593143, 490552.0084534778], [164913.88443965378, 490612.31217590155], [164869.2126959895, 490591.9033308141], [164810.06075969464, 490593.4034609013], [164537.78906708717, 490722.69173821673], [164288.47893602136, 491005.71397735603], [164118.01146447146, 491124.822722518], [164092.74050362527, 491212.70931375626], [164011.66491791757, 491232.03471693373], [163905.10918007206, 491314.3327654502], [163706.77155818712, 491386.2857044858], [163536.38661094502, 491585.274874929], [163298.5741859278, 491684.3374675782], [163204.75000327572, 491788.6910042641], [163100.04628950838, 491859.0876463618], [162757.07120051, 492007.5069089389], [162697.0287276772, 492102.5430688425], [162630.6224612904, 492269.930212562], [162624.20310135925, 492351.71188208327], [162655.85232972473, 492453.5777554698], [162582.44943181376, 492573.1083250897], [162530.29505232823, 492581.18289216823], [162451.23579221268, 492541.5853549221], [162383.3096479375, 492538.34396568564], [162180.55642453517, 492578.1836596875], [161928.2475282464, 492586.16845683055], [161772.6999753841, 492639.66753502446], [161545.27661079456, 492677.3994251805], [161445.75559885113, 492772.77062184265], [161364.32271710847, 492809.0992031292], [161326.1154587001, 492765.4830264192], [161241.0170831876, 492773.7678574666], [161200.2322004364, 492831.30368764757], [161216.1929057756, 492923.06640189333], [161131.18803959317, 492942.6748498025], [160963.4703950836, 493054.93450441695], [160884.05006604202, 493073.0064606401], [160877.13276381147, 493018.72258621006], [160843.8868248407, 492982.78145436523], [160801.60915034421, 492966.2087876621], [160761.0082366793, 492984.73228097527], [160728.52181870368, 492935.0821731549], [160777.70931060976, 492759.99835366145], [160848.72870525878, 492636.2425958395], [160849.20902558352, 492615.70753113914], [160815.14596821548, 492596.5549831289], [160728.38902976975, 492729.2950140492], [160671.15903739218, 492934.30700838036], [160722.53704081764, 493032.19700060075], [160818.80298568727, 493100.5160415296], [160807.36699806285, 493130.2830612567], [160749.486117306, 493117.772349545], [160789.00711719823, 493138.88509598776], [160829.01101799033, 493130.58488244185], [160830.09245238782, 493143.9388397263], [160785.18985161342, 493144.6404547736], [160658.55053176248, 493221.98477989045], [160576.95126947705, 493210.5252906946], [160530.81026561736, 493266.6796308135], [160188.0941095278, 493306.7746842754], [160065.80098803403, 493342.2438942851], [159968.81091813443, 493334.8846306438], [159756.79960513624, 493365.69544344145], [159620.1458146381, 493476.79188952874], [159566.71030068636, 493495.69328548573], [159392.337233284, 493512.0807596942], [159301.71120933117, 493488.347327564], [159223.9954154391, 493512.6998362516], [158951.4691254467, 493739.6344639516], [158842.70144374686, 493859.9233144385], [158679.5012683179, 493929.2113060723], [158370.8578447225, 494137.9428013375], [158234.5880271292, 494265.16648587486], [158184.0058078014, 494394.4650102519], [158102.90795544386, 494486.22973817756], [158074.30994362032, 494552.92736211384], [158030.4300719933, 494576.4276762679], [157936.4512927192, 494572.6035056209], [157894.20459075738, 494622.5921710802], [157991.95412544566, 494636.8282971777], [158098.40702882066, 494609.1047600965], [158236.3217490613, 494418.746894949], [158282.68125021146, 494296.21655604744], [158419.18752962488, 494172.8315372128]]]}}, {"type": "Feature", "properties": {"rule": "mudflat_perimeter", "coast_clear_m": 30.0, "inset_ratio": 0.1, "site": "jebu"}, "geometry": {"type": "Polygon", "coordinates": [[[158246.89903746545, 493761.30710203206], [158037.7140265674, 493857.6639846368], [157919.12604846034, 493989.3540271932], [157901.1590352359, 494027.3000224443], [157934.04352401616, 494356.2214035182], [157968.98656199066, 494340.78771634615], [157986.47572976808, 494306.40970023867], [157990.11419026495, 494230.37450863176], [157961.72051642893, 494096.52124753734], [157970.63437177983, 494014.4961532257], [158084.55416075356, 493898.5841158248], [158236.33814494067, 493822.8455843024], [158246.89903746545, 493761.30710203206]]]}}, {"type": "Feature", "properties": {"rule": "mudflat_perimeter", "coast_clear_m": 30.0, "inset_ratio": 0.1, "site": "jebu"}, "geometry": {"type": "Polygon", "coordinates": [[[157936.26400561092, 494362.1400209002], [157935.98700842663, 494441.52902787743], [157959.27601804846, 494463.8040957978], [157950.0162370233, 494510.6741002257], [157988.07791127928, 494489.6243110149], [158000.3060309205, 494447.55135888094], [157980.82839689087, 494382.41874970286], [157936.26400561092, 494362.1400209002]]]}}, {"type": "Feature", "properties": {"rule": "mudflat_perimeter", "coast_clear_m": 30.0, "inset_ratio": 0.1, "site": "jebu"}, "geometry": {"type": "Polygon", "coordinates": [[[157937.71627482172, 520775.53328365507], [158033.76112387772, 520847.21946279507], [158078.15847927186, 520816.1176178645], [157976.6251629082, 520766.7147942476], [157937.71627482172, 520775.53328365507]]]}}, {"type": "Feature", "properties": {"rule": "mudflat_perimeter", "coast_clear_m": 30.0, "inset_ratio": 0.1, "site": "jebu"}, "geometry": {"type": "Polygon", "coordinates": [[[158938.11976255014, 499826.24321798567], [158903.51064718896, 499786.7529861808], [158926.63149125798, 499713.9938832379], [158904.22436228814, 499543.2849527159], [158868.85917315463, 499608.2792517201], [158876.18145808275, 499689.1089304852], [158810.40540620117, 499800.7136473568], [158837.86402455406, 499857.3880670348], [158748.22689708753, 499955.75563966477], [158672.67468385998, 499996.66703336465], [158557.2510450328, 499974.9862503656], [158514.6534760736, 500009.59098900843], [158303.6826543514, 500068.5625250573], [158307.39037619764, 500098.481626968], [158352.0807922224, 500117.36081072467], [158456.3268761351, 500119.61800004524], [158557.63869637396, 500201.5043550968], [158562.7188268662, 500295.6780047777], [158509.02100541056, 500338.36188969505], [158438.6343349286, 500340.4425668665], [158390.63792624965, 500303.61799795285], [158314.64673867973, 500288.93951760285], [158217.53226240622, 500207.34466397454], [158031.8574025546, 500188.5599447137], [158007.22839593174, 500227.2931365467], [158027.27686585922, 500314.093873187], [158065.59140802542, 500330.40122251277], [158237.58033545138, 500325.89673537645], [158285.59878772614, 500369.09700801433], [158377.29785241676, 500516.7449055722], [158473.5591787974, 500524.2485211529], [158498.32010980893, 500571.27172285214], [158471.44391389846, 500624.7083566537], [158350.18801287544, 500580.0558005294], [158296.2785346854, 500626.27035906725], [158097.37698289883, 500655.3339834782], [158024.27715940296, 500701.484297716], [157971.47043364303, 500763.43764377496], [157953.9239524773, 500863.5723901372], [157954.33214844431, 501087.5902983671], [158039.43302903717, 501236.20091548446], [158051.52310821073, 501365.1483698146], [158081.33283741228, 501417.27830590075], [158205.89633745357, 501494.65462412604], [158446.814378921, 501580.29392720375], [158575.57477045772, 501672.4469785893], [158624.19381781036, 501746.2046209881], [158657.75196021196, 501764.8032900657], [158680.7825069923, 501711.4041456086], [158850.16336670506, 501566.9378618933], [158889.29448535183, 501480.28920083627], [158890.06616256112, 501373.2600836063], [158833.91896959773, 501218.10056871636], [158816.1911368658, 501087.2112619008], [158836.87238202666, 500994.3824418633], [158914.7146600006, 500816.5248857923], [158887.39231858015, 500592.5545101719], [158848.6690157545, 500630.0642157602], [158858.29493307197, 500805.75887188636], [158759.2136804697, 501068.5885921753], [158778.34458749412, 501231.8320295987], [158833.88845787596, 501384.9773895002], [158833.34677415204, 501465.70570522867], [158803.16970740192, 501533.359778106], [158647.386616067, 501664.88639048935], [158475.37610576753, 501530.6825099321], [158234.42937577408, 501444.06417548493], [158119.66315645986, 501370.3024063563], [158092.8860605816, 501215.7109573861], [158010.88838251916, 501077.29851100495], [158019.37318894046, 500801.3884510224], [158062.92108879454, 500743.9606551932], [158134.088077805, 500704.07111719024], [158265.8477434502, 500694.431902536], [158357.38617122764, 500653.8985267546], [158438.36422401914, 500680.93942517746], [158511.52317776432, 500665.58276884677], [158554.12757994555, 500593.2854883197], [158538.1613427242, 500521.8741705296], [158497.57942417223, 500472.2861041932], [158409.96210882242, 500455.02938891615], [158344.2660066193, 500354.70664885343], [158418.73733656167, 500394.11913922493], [158482.36728700768, 500402.87161091605], [158591.15841297244, 500353.76768143114], [158625.26003937426, 500276.8735115095], [158610.7985406062, 500180.2653361608], [158494.3269332644, 500075.09284449567], [158575.1181437349, 500037.2181572295], [158658.57391428866, 500054.87848320213], [158737.5905632615, 500036.89870182803], [158884.06738010657, 499891.18621639017], [158891.04542905538, 499836.3818028144], [158938.11976255014, 499826.24321798567]]]}}, {"type": "Feature", "properties": {"rule": "mudflat_perimeter", "coast_clear_m": 30.0, "inset_ratio": 0.1, "site": "jebu"}, "geometry": {"type": "Polygon", "coordinates": [[[157959.74423800633, 496487.2650235646], [158017.62023991038, 496491.04517491243], [158033.85174317728, 496454.07262961945], [157958.97860259796, 496462.74797642697], [157959.74423800633, 496487.2650235646]]]}}, {"type": "Feature", "properties": {"rule": "mudflat_perimeter", "coast_clear_m": 30.0, "inset_ratio": 0.1, "site": "jebu"}, "geometry": {"type": "Polygon", "coordinates": [[[158185.0848600397, 521946.88020058064], [158242.2205976658, 521924.3374906555], [158266.65787307167, 521836.1000033387], [158316.08173683865, 521797.3308298865], [158337.9453763455, 521697.78843484365], [158321.74279708974, 521654.50628192833], [158241.89843629542, 521689.81956333015], [158147.06149945833, 521687.8139417035], [158056.58836966808, 521721.9026052659], [158012.6541447671, 521781.03869702504], [157978.98556619734, 521908.2700714543], [158007.64409420313, 521987.0984882784], [158062.40641225813, 521917.96430979576], [158185.0848600397, 521946.88020058064]]]}}, {"type": "Feature", "properties": {"rule": "mudflat_perimeter", "coast_clear_m": 30.0, "inset_ratio": 0.1, "site": "jebu"}, "geometry": {"type": "Polygon", "coordinates": [[[158112.3197989566, 520805.3959816913], [158146.51039090945, 520841.88814532023], [158181.4150568808, 520810.99969806324], [158193.03003133828, 520761.2429631379], [158150.95959800357, 520756.3531284811], [158112.3197989566, 520805.3959816913]]]}}, {"type": "Feature", "properties": {"rule": "mudflat_perimeter", "coast_clear_m": 30.0, "inset_ratio": 0.1, "site": "jebu"}, "geometry": {"type": "Polygon", "coordinates": [[[158117.35722868762, 496378.2556030568], [158163.0831288849, 496370.53760381695], [158154.62314431643, 496343.3584753716], [158113.35505007842, 496346.3653985972], [158117.35722868762, 496378.2556030568]]]}}, {"type": "Feature", "properties": {"rule": "mudflat_perimeter", "coast_clear_m": 30.0, "inset_ratio": 0.1, "site": "jebu"}, "geometry": {"type": "Polygon", "coordinates": [[[158335.38659556335, 511406.06181104755], [158281.17988603108, 511446.62579137407], [158258.83193146408, 511490.6738100815], [158256.82194151497, 511650.85301079194], [158283.53861632114, 511699.59534582], [158334.10641723848, 511737.58703447273], [158433.87002075274, 511745.34252594295], [158481.03193743026, 511716.05295603274], [158516.17772314165, 511658.8312774169], [158513.9394714535, 511547.0224192654], [158424.29209564283, 511425.6680173846], [158383.26287837757, 511401.6054310307], [158335.38659556335, 511406.06181104755]]]}}, {"type": "Feature", "properties": {"rule": "mudflat_perimeter", "coast_clear_m": 30.0, "inset_ratio": 0.1, "site": "jebu"}, "geometry": {"type": "Polygon", "coordinates": [[[158371.572179962, 500586.36161832407], [158390.15452054364, 500571.49450610747], [158372.56201741964, 500550.6232342607], [158354.04168431342, 500573.1311011751], [158371.572179962, 500586.36161832407]]]}}, {"type": "Feature", "properties": {"rule": "mudflat_perimeter", "coast_clear_m": 30.0, "inset_ratio": 0.1, "site": "jebu"}, "geometry": {"type": "Polygon", "coordinates": [[[158408.15072651918, 519524.337374491], [158494.37329646942, 519524.04767526686], [158547.590770974, 519453.25640334655], [158543.32943443942, 519369.46866214124], [158481.63345927277, 519307.13125862915], [158422.77876094673, 519307.2705552934], [158360.23444504358, 519367.33750976744], [158354.95911190344, 519460.43936690845], [158372.6683262489, 519501.823363591], [158408.15072651918, 519524.337374491]]]}}, {"type": "Feature", "properties": {"rule": "mudflat_perimeter", "coast_clear_m": 30.0, "inset_ratio": 0.1, "site": "jebu"}, "geometry": {"type": "Polygon", "coordinates": [[[158428.64536934535, 513170.03490830946], [158360.73037588614, 513299.39821123495], [158381.0507576012, 513397.64783101593], [158479.4775339722, 513458.0223094445], [158600.19491049036, 513436.000030778], [158627.85668977813, 513486.1485327771], [158623.44743220476, 513580.34656148724], [158656.46990350512, 513631.2279285088], [158728.98057528504, 513661.90561803564], [158788.74051846197, 513645.5146797703], [158822.72577647716, 513561.07344248326], [158791.97904547633, 513476.021119583], [158798.88559235408, 513372.7741353301], [158653.54592318286, 513084.1197193365], [158552.10468201563, 513007.6411766791], [158509.54999091942, 512948.4019647808], [158461.4085521449, 512951.8122309118], [158430.72672236344, 512990.5193766195], [158430.30130187838, 513032.9616698854], [158457.31995856596, 513065.7376692347], [158428.64536934535, 513170.03490830946]]]}}, {"type": "Feature", "properties": {"rule": "mudflat_perimeter", "coast_clear_m": 30.0, "inset_ratio": 0.1, "site": "jebu"}, "geometry": {"type": "Polygon", "coordinates": [[[158541.01968221116, 514836.126235382], [158538.73301672604, 514624.09783854504], [158462.09290514572, 514666.1962874421], [158487.38347715698, 514621.7970963306], [158477.24431735792, 514567.8173887674], [158494.62575051634, 514465.25851841725], [158537.85575505847, 514442.72934237076], [158582.96722556988, 514518.05442812125], [158617.13723619512, 514460.06521041715], [158571.0057300123, 514396.0587507233], [158513.0559339711, 514387.0421858192], [158467.2735456294, 514407.1736472772], [158441.41353962608, 514444.1510416298], [158431.47989362464, 514520.1613388995], [158451.23392835655, 514557.33088825416], [158404.99496198588, 514670.30601384124], [158430.43458638186, 514715.3421894732], [158478.84742346843, 514725.02003574057], [158487.58686755176, 514856.6688564838], [158544.8601441027, 514893.37186046666], [158597.30454468064, 514859.07405442616], [158631.98690411545, 514709.7616761357], [158614.14497400183, 514633.6133777588], [158578.9457155022, 514606.2908392932], [158564.78252047556, 514642.46816907765], [158572.4409467531, 514735.84745917603], [158541.01968221116, 514836.126235382]]]}}, {"type": "Feature", "properties": {"rule": "mudflat_perimeter", "coast_clear_m": 30.0, "inset_ratio": 0.1, "site": "jebu"}, "geometry": {"type": "Polygon", "coordinates": [[[158425.72508907557, 511947.08158515027], [158405.20947513296, 512030.80047449], [158438.0458473286, 512124.80443813384], [158517.94694138132, 512163.6964130703], [158601.0357216505, 512138.90033931425], [158635.83484172937, 512097.6797834298], [158650.6477237561, 512035.008622801], [158636.063952503, 511970.8358037131], [158603.25011301428, 511925.60689437727], [158515.58517276615, 511892.1943859254], [158456.1351787425, 511911.9050191777], [158425.72508907557, 511947.08158515027]]]}}, {"type": "Feature", "properties": {"rule": "mudflat_perimeter", "coast_clear_m": 30.0, "inset_ratio": 0.1, "site": "jebu"}, "geometry": {"type": "Polygon", "coordinates": [[[158557.8128715746, 516369.1405328062], [158515.92646382778, 516363.3116056018], [158460.23633804597, 516398.1683021961], [158449.535770323, 516441.8224224761], [158475.11382061994, 516484.16137745796], [158527.69676170195, 516498.67317225866], [158572.00180542516, 516471.4427760471], [158588.82142544043, 516416.87581362244], [158557.8128715746, 516369.1405328062]]]}}, {"type": "Feature", "properties": {"rule": "mudflat_perimeter", "coast_clear_m": 30.0, "inset_ratio": 0.1, "site": "jebu"}, "geometry": {"type": "Polygon", "coordinates": [[[158551.20481402005, 517204.5309663464], [158656.978757317, 517225.79944739613], [158755.78338283772, 517182.2246443296], [158791.51124628563, 517085.23379460856], [158750.91877564098, 516996.67193939426], [158629.86883109837, 516952.79057670163], [158568.78382891617, 516963.0642597157], [158511.8842140999, 516999.15789825993], [158479.4468613351, 517056.42881856085], [158477.32329543534, 517104.19573060365], [158506.94305973029, 517169.74761344335], [158551.20481402005, 517204.5309663464]]]}}, {"type": "Feature", "properties": {"rule": "mudflat_perimeter", "coast_clear_m": 30.0, "inset_ratio": 0.1, "site": "jebu"}, "geometry": {"type": "Polygon", "coordinates": [[[158494.7267790559, 512575.23369156756], [158482.02110616284, 512628.56498456426], [158493.26663508423, 512686.27086388017], [158566.70942708416, 512781.39261045144], [158660.79703379853, 512811.76681504055], [158746.31947078436, 512769.14222671353], [158773.40200291126, 512711.8156178444], [158772.84587324478, 512643.25684128655], [158707.76101035104, 512538.3390916674], [158666.5096216249, 512512.5401411254], [158589.5055301969, 512504.1978398849], [158530.80185681366, 512528.7921160263], [158494.7267790559, 512575.23369156756]]]}}, {"type": "Feature", "properties": {"rule": "mudflat_perimeter", "coast_clear_m": 30.0, "inset_ratio": 0.1, "site": "jebu"}, "geometry": {"type": "Polygon", "coordinates": [[[158798.01502492043, 495876.6216395918], [158646.58501688117, 495851.4355478258], [158664.27791052358, 495913.43531933613], [158799.97186291753, 495906.16420259624], [158798.01502492043, 495876.6216395918]]]}}, {"type": "Feature", "properties": {"rule": "mudflat_perimeter", "coast_clear_m": 30.0, "inset_ratio": 0.1, "site": "jebu"}, "geometry": {"type": "Polygon", "coordinates": [[[158793.8974616998, 516460.65807161597], [158885.5068019947, 516491.48598337034], [158965.7244420173, 516455.51366322825], [159003.11400836468, 516364.68531247706], [158955.3299456923, 516270.25533268444], [158862.59195793443, 516232.31010036194], [158773.86319069733, 516270.7607845203], [158744.19047941585, 516363.7825045809], [158756.68292038474, 516418.03754905186], [158793.8974616998, 516460.65807161597]]]}}, {"type": "Feature", "properties": {"rule": "mudflat_perimeter", "coast_clear_m": 30.0, "inset_ratio": 0.1, "site": "jebu"}, "geometry": {"type": "Polygon", "coordinates": [[[158776.65425601977, 513729.04123227106], [158842.19898386998, 513762.9248660905], [158810.04982239954, 513797.6944852498], [158807.68822454617, 513836.35981699126], [158860.1549452059, 513888.49603760795], [158810.50641996707, 513947.79844245466], [158825.37558955044, 514092.08834966604], [158850.96517784728, 514140.37266288843], [158901.87244475554, 514154.3954428162], [158953.37056412388, 514102.6065158609], [158973.46440230025, 513976.9971210251], [158949.3748529533, 513912.6459642091], [158906.3999624717, 513881.3097748836], [158938.8473898072, 513851.47045985516], [158945.43892604596, 513813.37119489344], [158924.65643315535, 513776.5195581815], [158874.28859639037, 513755.39660050004], [158909.27172231115, 513694.74553631264], [158871.70050251915, 513640.14195911255], [158802.44112402337, 513642.0508552398], [158768.9837276724, 513676.57633106515], [158776.65425601977, 513729.04123227106]]]}}, {"type": "Feature", "properties": {"rule": "mudflat_perimeter", "coast_clear_m": 30.0, "inset_ratio": 0.1, "site": "jebu"}, "geometry": {"type": "Polygon", "coordinates": [[[158838.32037009724, 500484.7463909789], [158842.1807101558, 500450.86673647445], [158964.71240224552, 500282.24000879977], [158974.67311412643, 500228.6604644223], [158956.1842776537, 500166.2908675606], [158978.53719662287, 499964.56267940823], [158964.8744982638, 499882.2474231931], [158919.73369709012, 499930.7327055486], [158899.06559857354, 500162.4801636495], [158910.15038144618, 500262.52857462363], [158781.4675635237, 500460.34418116586], [158793.44919483626, 500545.0465810712], [158846.049779882, 500571.4608370748], [158874.8849725738, 500560.99560232204], [158838.32037009724, 500484.7463909789]]]}}, {"type": "Feature", "properties": {"rule": "mudflat_perimeter", "coast_clear_m": 30.0, "inset_ratio": 0.1, "site": "jebu"}, "geometry": {"type": "Polygon", "coordinates": [[[159298.0880753289, 515035.17159765033], [159325.00482960982, 514949.4490260298], [159356.3454585356, 514945.12006997736], [159394.72902274723, 514896.92306506366], [159399.8432933131, 514798.97219436645], [159328.60375681607, 514725.52821397426], [159215.27592615108, 514703.4444244728], [159056.11112618324, 514472.5820867459], [159051.9372870827, 514344.14892779395], [159021.77784933106, 514288.63879347185], [158981.13409935072, 514265.795272353], [158921.91299853116, 514263.32841824694], [158852.44890470096, 514289.9782610548], [158801.44198532833, 514381.2964444054], [158839.49643587793, 514717.50127717794], [158904.87986510573, 514802.65909906896], [158922.76691558972, 514910.5473368606], [159016.2359699819, 514962.8226468892], [159031.19196533348, 515227.30349261896], [159054.7098454993, 515263.3399950742], [159111.87209160865, 515288.6931359741], [159094.32500130648, 515392.3649183544], [159114.5946054077, 515435.9151528624], [159157.474353094, 515465.09386932186], [159223.01590618578, 515468.1098636464], [159274.08176420507, 515436.08829518035], [159392.02206262888, 515269.0494955733], [159393.92069925764, 515193.71269555506], [159298.0880753289, 515035.17159765033]]]}}, {"type": "Feature", "properties": {"rule": "mudflat_perimeter", "coast_clear_m": 30.0, "inset_ratio": 0.1, "site": "jebu"}, "geometry": {"type": "Polygon", "coordinates": [[[158891.98429909645, 501736.18553698435], [159199.49801425514, 501641.8343779741], [159297.6545170294, 501504.7698151568], [159357.484543504, 501048.8204303633], [159365.0342187782, 500689.8998115351], [159445.6099614143, 500593.716604718], [159558.3909824168, 500619.2171957574], [159639.17932022596, 500574.5409705334], [159733.91579902667, 500356.46234060574], [159851.60164947127, 500164.30519961915], [159831.92116931046, 500104.82557210146], [159763.77725822083, 500038.3877010193], [159597.64967400848, 499977.63766597037], [159464.84800401513, 499985.71748651384], [159379.3918503522, 500069.54750135547], [159326.4922855266, 500073.5590961731], [159277.48501483392, 500015.89969918714], [159185.8654384067, 499964.9686823606], [159187.27005166735, 499898.245262962], [159137.04854576645, 499714.1794074775], [159076.39132629932, 499650.9368132931], [159069.2626360201, 499717.3949981096], [159122.50125302913, 499879.8335347384], [159069.1392792755, 499877.5719219329], [159098.63666497287, 499935.87491093756], [159088.9173270474, 499988.7411552813], [159130.1140655604, 499977.6784760503], [159151.78850885178, 500010.96681097767], [159332.2296650983, 500135.0575755424], [159408.54492864685, 500118.81374730647], [159477.1051616428, 500042.1393709554], [159554.87171139807, 500029.99527842586], [159708.5441853115, 500071.94721365196], [159794.26691319313, 500157.17175664485], [159684.79122676424, 500327.0711622661], [159598.00945481597, 500534.28707480646], [159540.07070155954, 500563.286162905], [159482.81643494093, 500538.1730646952], [159419.06347922017, 500542.9982722604], [159311.50529771467, 500669.608937381], [159299.95163156666, 501043.8289610726], [159239.25948760792, 501498.9245121571], [159170.0060400097, 501590.6783054287], [158868.1926580757, 501677.7824452124], [158829.01123798185, 501724.6864579624], [158891.98429909645, 501736.18553698435]]]}}, {"type": "Feature", "properties": {"rule": "mudflat_perimeter", "coast_clear_m": 30.0, "inset_ratio": 0.1, "site": "jebu"}, "geometry": {"type": "Polygon", "coordinates": [[[159019.48725669627, 517303.1536847602], [159040.5189423917, 517188.2349146071], [159150.2201205793, 517053.697649176], [159176.9120693431, 516912.6593342422], [159190.5616950941, 516933.95927013014], [159182.31999363372, 517046.2382993802], [159114.22296772996, 517195.53584179917], [159180.3423572058, 517186.88427903195], [159231.03473068072, 517080.7266245417], [159247.04296915696, 516923.82040466194], [159201.2418359317, 516859.8279236682], [159160.04469028334, 516857.9550703516], [159127.58292026556, 516882.25667259365], [159095.7688871212, 517035.46190416324], [159017.57474566926, 517117.2917388842], [158982.26783082436, 517184.1881155971], [158961.44956528, 517290.6389718552], [158971.85342439945, 517339.80132041674], [159017.0888482038, 517384.60824186495], [159074.88301769743, 517375.6057056714], [159111.15545877215, 517283.5231654819], [159094.63645531057, 517220.4878529296], [159039.75672902877, 517330.40383835905], [159019.48725669627, 517303.1536847602]]]}}, {"type": "Feature", "properties": {"rule": "mudflat_perimeter", "coast_clear_m": 30.0, "inset_ratio": 0.1, "site": "jebu"}, "geometry": {"type": "Polygon", "coordinates": [[[159143.10633917488, 520809.4229934667], [159140.63459896573, 520753.1457284307], [159091.6272046355, 520709.994429516], [159030.41562662146, 520713.88522451627], [158996.23131684877, 520752.104405694], [159000.27834381323, 520815.35974784044], [159047.7894933955, 520860.69709147164], [159100.9044324389, 520857.38239655265], [159143.10633917488, 520809.4229934667]]]}}, {"type": "Feature", "properties": {"rule": "mudflat_perimeter", "coast_clear_m": 30.0, "inset_ratio": 0.1, "site": "jebu"}, "geometry": {"type": "Polygon", "coordinates": [[[159106.32392399115, 500111.7550711352], [159143.18163160153, 500229.2279066374], [159176.5787189921, 500200.867815575], [159180.1404132525, 500157.1988959041], [159127.64472643734, 500109.4257256591], [159106.32392399115, 500111.7550711352]]]}}, {"type": "Feature", "properties": {"rule": "mudflat_perimeter", "coast_clear_m": 30.0, "inset_ratio": 0.1, "site": "jebu"}, "geometry": {"type": "Polygon", "coordinates": [[[159186.5986574294, 516487.7328226281], [159204.07140959793, 516409.2852107237], [159175.7135197957, 516407.7151792285], [159135.6169932074, 516434.80550426175], [159121.3300077262, 516481.4482244818], [159146.2947942646, 516529.7725389124], [159193.67054504075, 516544.87033049215], [159232.75147852657, 516525.06273474946], [159246.38262706922, 516483.5262316598], [159186.5986574294, 516487.7328226281]]]}}, {"type": "Feature", "properties": {"rule": "mudflat_perimeter", "coast_clear_m": 30.0, "inset_ratio": 0.1, "site": "jebu"}, "geometry": {"type": "Polygon", "coordinates": [[[159351.91749213875, 495378.01435779885], [159318.55018923074, 495284.05041844666], [159348.20358744133, 495211.9283371345], [159231.3763893737, 495181.8373666097], [159197.71910926476, 495239.99937632575], [159128.05603849003, 495284.00510549784], [159181.92699886352, 495378.67366564565], [159179.87187146477, 495476.38485066086], [159224.62785213557, 495521.8907508768], [159279.45505905553, 495517.2311046677], [159329.45585494582, 495466.7803866182], [159351.91749213875, 495378.01435779885]]]}}, {"type": "Feature", "properties": {"rule": "mudflat_perimeter", "coast_clear_m": 30.0, "inset_ratio": 0.1, "site": "jebu"}, "geometry": {"type": "Polygon", "coordinates": [[[159220.46214642486, 516389.74535119365], [159264.66050273832, 516330.0954097161], [159271.76174827988, 516243.77620581834], [159307.25262407906, 516170.34735408926], [159320.8017365729, 516219.2970982733], [159298.21226313515, 516198.68700400565], [159285.3101459236, 516337.17559211934], [159315.93763785518, 516387.4725125115], [159341.08701246206, 516353.92266873363], [159339.73919886004, 516274.0655149292], [159371.4727250851, 516245.93383770133], [159377.70178796732, 516199.49376664445], [159359.96809232235, 516141.390677811], [159323.59094268797, 516115.4827543077], [159261.6302307062, 516132.43187568797], [159217.94660329304, 516224.2571091639], [159200.74281403204, 516357.19173343526], [159220.46214642486, 516389.74535119365]]]}}, {"type": "Feature", "properties": {"rule": "mudflat_perimeter", "coast_clear_m": 30.0, "inset_ratio": 0.1, "site": "jebu"}, "geometry": {"type": "Polygon", "coordinates": [[[159371.88949671222, 495195.42966871127], [159393.54397306795, 495204.1784305393], [159436.1029789195, 495170.2593706072], [159437.7269973075, 495093.03986257454], [159385.1647148964, 495143.43692205235], [159371.88949671222, 495195.42966871127]]]}}, {"type": "Feature", "properties": {"rule": "mudflat_perimeter", "coast_clear_m": 30.0, "inset_ratio": 0.1, "site": "jebu"}, "geometry": {"type": "Polygon", "coordinates": [[[159629.97491776582, 516462.7434904371], [159704.01814018, 516367.5239945716], [159690.8909511075, 516256.8879459475], [159711.82600011208, 516153.57834884565], [159693.7428717192, 516111.6983104387], [159646.5033820985, 516096.1183923889], [159610.90357791836, 516113.50172634504], [159576.22755104414, 516168.2127007912], [159563.51065652087, 516354.5274994781], [159488.70211113608, 516365.2151313404], [159460.5233137466, 516419.25337581354], [159482.80871489525, 516464.598713439], [159530.40831806074, 516482.79890160484], [159629.97491776582, 516462.7434904371]]]}}, {"type": "Feature", "properties": {"rule": "mudflat_perimeter", "coast_clear_m": 30.0, "inset_ratio": 0.1, "site": "jebu"}, "geometry": {"type": "Polygon", "coordinates": [[[159589.2770029543, 492894.65397152345], [159551.75204650342, 492914.8649634281], [159538.89902838433, 492850.21501057816], [159524.26498043316, 492851.81306464446], [159533.09807816215, 492913.8811016343], [159512.7554636717, 492924.7408530318], [159563.57267602757, 492916.9733552602], [159589.2770029543, 492894.65397152345]]]}}, {"type": "Feature", "properties": {"rule": "mudflat_perimeter", "coast_clear_m": 30.0, "inset_ratio": 0.1, "site": "jebu"}, "geometry": {"type": "Polygon", "coordinates": [[[159863.31562325387, 516335.8247134273], [159848.87727145827, 516231.6752509609], [159877.5384173438, 516143.92643663846], [159866.1667947666, 516259.8853017743], [159903.68459281072, 516377.8849267551], [159861.0385915152, 516424.11511101096], [159899.09026227155, 516441.27783306845], [159935.99742945348, 516430.0715851845], [159960.93024735423, 516377.8851377051], [159923.14554467855, 516254.28649545135], [159940.72548188426, 516143.6453725054], [159920.02420673452, 516104.5280840803], [159882.8126649543, 516086.92426758935], [159839.71233799175, 516098.62399142], [159813.11123824492, 516138.06429069367], [159791.1263048889, 516238.2833634719], [159805.7334653392, 516317.3894527424], [159743.36124764974, 516351.96794938593], [159720.1968133673, 516386.5827091384], [159719.04958169337, 516433.8947838568], [159741.04428195406, 516471.5054872377], [159792.4301746888, 516491.574374894], [159837.47831184452, 516472.41976038314], [159851.58255551194, 516428.5281732185], [159789.64462453473, 516434.17271278874], [159773.80521315665, 516406.6626602386], [159863.31562325387, 516335.8247134273]]]}}, {"type": "Feature", "properties": {"rule": "mudflat_perimeter", "coast_clear_m": 30.0, "inset_ratio": 0.1, "site": "jebu"}, "geometry": {"type": "Polygon", "coordinates": [[[159904.1184869414, 517666.305633044], [159919.40314859414, 517743.7241706622], [159957.50168028937, 517792.05625832325], [160021.02405339293, 517829.7974154381], [160121.97117411814, 517846.98916186113], [160220.82628316616, 517839.2765313498], [160286.98374197292, 517809.92487940396], [160333.9515540742, 517758.089983269], [160352.0242084987, 517704.3849310358], [160344.16478434697, 517636.3662557409], [160316.75151672226, 517590.1506286501], [160266.5354202683, 517551.26132478233], [160191.0070268407, 517528.8275477319], [159991.6219980375, 517547.28356494644], [159933.4634238162, 517590.88761896983], [159904.1184869414, 517666.305633044]]]}}, {"type": "Feature", "properties": {"rule": "mudflat_perimeter", "coast_clear_m": 30.0, "inset_ratio": 0.1, "site": "jebu"}, "geometry": {"type": "Polygon", "coordinates": [[[159978.68359721825, 495176.416371287], [159930.22389973426, 495167.67568642704], [159916.88234786593, 495231.38586463174], [159972.32811901203, 495298.6047939403], [160022.3856886643, 495421.0855079047], [159989.9559199235, 495532.1746092853], [159995.63141291682, 495568.42067860573], [160036.57991368187, 495624.53947399417], [160126.2150775437, 495638.90501892474], [160083.3962258717, 495585.924668945], [160089.871498416, 495558.3560608301], [160064.63146012335, 495573.8656068892], [160049.71250191604, 495548.8642212025], [160078.8434371398, 495411.62043520337], [160023.3411815344, 495272.6291819889], [159974.57413304734, 495223.3582703972], [159978.68359721825, 495176.416371287]]]}}, {"type": "Feature", "properties": {"rule": "mudflat_perimeter", "coast_clear_m": 30.0, "inset_ratio": 0.1, "site": "jebu"}, "geometry": {"type": "Polygon", "coordinates": [[[159935.36671694057, 517274.92448374897], [159934.48051273497, 517325.46509657474], [159961.20965724307, 517370.36297253845], [160018.97324632495, 517404.49208247], [160069.82424802132, 517408.45235960494], [160178.9275101273, 517360.42958832247], [160217.6216354355, 517266.222333985], [160174.9485921329, 517190.5695121175], [160087.2486308118, 517165.61815831496], [159986.50356435814, 517201.2574759019], [159935.36671694057, 517274.92448374897]]]}}, {"type": "Feature", "properties": {"rule": "mudflat_perimeter", "coast_clear_m": 30.0, "inset_ratio": 0.1, "site": "jebu"}, "geometry": {"type": "Polygon", "coordinates": [[[160065.00209068254, 495223.61728773423], [160012.53568111424, 495208.3150486516], [160009.82186298908, 495231.7330712486], [160049.53056336357, 495317.74897945387], [160146.6559271545, 495432.27229230036], [160159.00910935414, 495373.7475332696], [160065.00209068254, 495223.61728773423]]]}}, {"type": "Feature", "properties": {"rule": "mudflat_perimeter", "coast_clear_m": 30.0, "inset_ratio": 0.1, "site": "jebu"}, "geometry": {"type": "Polygon", "coordinates": [[[160128.90604454224, 492948.56602286967], [160071.96402395584, 492954.75704472], [160024.79009597184, 492924.97213409166], [160016.93575981635, 492962.9066798857], [160039.2340617214, 493000.62200758385], [160084.2755288257, 493011.66720887175], [160121.99085652386, 492989.3689069667], [160128.90604454224, 492948.56602286967]]]}}, {"type": "Feature", "properties": {"rule": "mudflat_perimeter", "coast_clear_m": 30.0, "inset_ratio": 0.1, "site": "jebu"}, "geometry": {"type": "Polygon", "coordinates": [[[160201.7092938651, 515925.8432987239], [160215.20876125045, 515948.5532385616], [160166.88787832123, 516028.0519306769], [160170.06613014714, 516144.63097409316], [160208.8842627089, 516245.12083618535], [160207.81291120616, 516325.51011522405], [160235.6225783371, 516337.3204500574], [160155.74890134207, 516378.3387020173], [160201.41333777944, 516403.816363979], [160264.87771518165, 516387.4738678174], [160292.56694873743, 516343.18591200595], [160278.95984449922, 516298.4687024788], [160214.57694536902, 516257.87602755293], [160247.2851212944, 516209.93149351137], [160223.11928605707, 516040.6398877786], [160272.4544157848, 515948.5542857079], [160265.38348319306, 515908.12679777446], [160229.87265665634, 515874.21671602066], [160172.3196430798, 515876.7178125596], [160116.80521839584, 515937.6426455051], [160091.87211336358, 516050.05016943475], [160101.28565092993, 516173.362749883], [160057.0924165229, 516249.75275120075], [160080.11874285978, 516292.95023045223], [160157.64539899025, 516195.4304778982], [160154.79831603463, 516011.7218438631], [160201.7092938651, 515925.8432987239]]]}}, {"type": "Feature", "properties": {"rule": "mudflat_perimeter", "coast_clear_m": 30.0, "inset_ratio": 0.1, "site": "jebu"}, "geometry": {"type": "Polygon", "coordinates": [[[160853.84969167912, 495854.54717451375], [160859.50800927408, 495699.72115774814], [160889.78192387382, 495606.5404291878], [160821.9009257492, 495374.9443634207], [160332.55965719963, 495284.3673359449], [160254.91876731315, 495240.357424975], [160178.74124817882, 495161.33670522895], [160074.16314902107, 495146.27810888994], [160086.1124119591, 495191.25788153766], [160176.45990900515, 495306.85834436445], [160219.2737161153, 495421.0992061281], [160247.7819043326, 495380.1304194986], [160235.31266015553, 495296.36659290415], [160320.02187673535, 495340.22312369506], [160778.80777482866, 495423.2899432362], [160831.64927245028, 495609.77904108015], [160799.54974677798, 495718.47336436866], [160806.5535086038, 495840.6313743904], [160811.34545373102, 495856.8443949284], [160853.84969167912, 495854.54717451375]]]}}, {"type": "Feature", "properties": {"rule": "mudflat_perimeter", "coast_clear_m": 30.0, "inset_ratio": 0.1, "site": "jebu"}, "geometry": {"type": "Polygon", "coordinates": [[[160350.23504004863, 520557.1333238222], [160211.65833500348, 520722.29533979367], [160193.01562323113, 520815.81960094126], [160209.42493431497, 520864.93888778763], [160252.50200864958, 520885.61594404466], [160317.20852769737, 520843.20613808575], [160426.89051301044, 520639.0815286605], [160427.2571178423, 520589.5475765313], [160393.7426519759, 520556.88204670505], [160350.23504004863, 520557.1333238222]]]}}, {"type": "Feature", "properties": {"rule": "mudflat_perimeter", "coast_clear_m": 30.0, "inset_ratio": 0.1, "site": "jebu"}, "geometry": {"type": "Polygon", "coordinates": [[[160202.07709968957, 511848.5548052853], [160239.93989186944, 511842.34039756306], [160309.69747767676, 511900.11110694846], [160369.860758136, 511911.5329557265], [160267.24768334895, 511846.48479370633], [160298.01473840678, 511795.893738365], [160286.65582882462, 511790.21896763454], [160220.75589832, 511805.75614909385], [160202.07709968957, 511848.5548052853]]]}}, {"type": "Feature", "properties": {"rule": "mudflat_perimeter", "coast_clear_m": 30.0, "inset_ratio": 0.1, "site": "jebu"}, "geometry": {"type": "Polygon", "coordinates": [[[160473.16851120768, 496089.1484586012], [160442.41647029438, 496042.48663364974], [160384.5161145369, 496093.53325162374], [160332.93025699427, 496178.8661318156], [160322.80527113297, 496236.96069518296], [160372.08728088316, 496373.91053881834], [160293.8649561957, 496511.86593979056], [160288.85437145396, 496626.7507434248], [160370.15658404212, 496713.77021545003], [160386.59686757496, 496683.08065080416], [160345.94805167575, 496626.86052662064], [160343.80882638297, 496543.4422157298], [160429.33217049396, 496374.20647395984], [160380.4615353112, 496239.85106999613], [160387.5747026378, 496199.2125745745], [160473.16851120768, 496089.1484586012]]]}}, {"type": "Feature", "properties": {"rule": "mudflat_perimeter", "coast_clear_m": 30.0, "inset_ratio": 0.1, "site": "jebu"}, "geometry": {"type": "Polygon", "coordinates": [[[160542.30496618338, 496698.7893403275], [160664.30222488253, 496622.72655975685], [160686.75209472532, 496581.80604199856], [160680.4791039403, 496496.9977719317], [160730.5830433655, 496196.53594113106], [160683.87370653427, 496085.5591799157], [160644.88715545033, 496128.60193063633], [160672.9752064845, 496196.0888708904], [160624.21878285342, 496486.76882823044], [160578.2749710359, 496486.68323087756], [160533.87720235327, 496518.4545510908], [160512.44782335975, 496582.9127570334], [160533.8893663075, 496632.9822758547], [160436.7687856342, 496752.6525326468], [160431.38483556744, 496794.25057019194], [160478.7243747117, 496801.96119840455], [160542.30496618338, 496698.7893403275]]]}}, {"type": "Feature", "properties": {"rule": "mudflat_perimeter", "coast_clear_m": 30.0, "inset_ratio": 0.1, "site": "jebu"}, "geometry": {"type": "Polygon", "coordinates": [[[160515.36415410473, 509940.06026917056], [160609.09114947903, 509983.21114518016], [160717.88687686154, 509958.31619344215], [160766.03211419305, 509851.5344046612], [160753.1736957874, 509797.7900951477], [160718.0262198942, 509777.1951474075], [160677.94031598337, 509781.25752237125], [160599.8125249357, 509736.37776199507], [160540.7588708469, 509741.07513702306], [160497.74972637685, 509766.23361841], [160472.61811971304, 509812.55392628995], [160472.504328834, 509873.2813426247], [160515.36415410473, 509940.06026917056]]]}}, {"type": "Feature", "properties": {"rule": "mudflat_perimeter", "coast_clear_m": 30.0, "inset_ratio": 0.1, "site": "jebu"}, "geometry": {"type": "Polygon", "coordinates": [[[160605.66158279788, 496272.10743686877], [160549.79203760173, 496267.6566097692], [160536.4986791099, 496209.89078950824], [160492.0330511687, 496257.3751535125], [160503.69167405847, 496301.5951048057], [160542.04195325033, 496324.81177777867], [160590.7616899832, 496311.40281185077], [160605.66158279788, 496272.10743686877]]]}}, {"type": "Feature", "properties": {"rule": "mudflat_perimeter", "coast_clear_m": 30.0, "inset_ratio": 0.1, "site": "jebu"}, "geometry": {"type": "Polygon", "coordinates": [[[160539.48947466534, 521175.4240143781], [160519.2964018248, 521231.52633734513], [160525.26203146877, 521304.0635292883], [160604.4293299169, 521379.4608224881], [160712.7632073753, 521365.76862215606], [160788.29920795836, 521260.43640448427], [160780.4070364258, 521155.8376638928], [160713.90653746924, 521095.0404412648], [160614.2319803617, 521099.6806805301], [160539.48947466534, 521175.4240143781]]]}}, {"type": "Feature", "properties": {"rule": "mudflat_perimeter", "coast_clear_m": 30.0, "inset_ratio": 0.1, "site": "jebu"}, "geometry": {"type": "Polygon", "coordinates": [[[160837.3293063406, 492588.6370539083], [160817.8019958388, 492592.5569534935], [160848.08943171473, 492610.26721845096], [160837.3293063406, 492588.6370539083]]]}}, {"type": "Feature", "properties": {"rule": "mudflat_perimeter", "coast_clear_m": 30.0, "inset_ratio": 0.1, "site": "jebu"}, "geometry": {"type": "Polygon", "coordinates": [[[161277.61276491624, 509748.83998846146], [161277.8930077043, 509797.945698535], [161311.6463934709, 509841.5405961225], [161391.05109297615, 509859.46987740684], [161460.51998648897, 509818.2054968779], [161490.32258934234, 509732.20311455295], [161460.9958870342, 509676.71723599173], [161389.9058212785, 509653.0751900977], [161320.63586559106, 509675.7441388979], [161277.61276491624, 509748.83998846146]]]}}, {"type": "Feature", "properties": {"rule": "mudflat_perimeter", "coast_clear_m": 30.0, "inset_ratio": 0.1, "site": "jebu"}, "geometry": {"type": "Polygon", "coordinates": [[[161305.00866293174, 517463.1495902858], [161337.1762941471, 517469.0090224722], [161341.53635085555, 517459.57217095885], [161285.062312205, 517450.01242985873], [161296.9083393505, 517495.57624482707], [161305.00866293174, 517463.1495902858]]]}}, {"type": "Feature", "properties": {"rule": "mudflat_perimeter", "coast_clear_m": 30.0, "inset_ratio": 0.1, "site": "jebu"}, "geometry": {"type": "Polygon", "coordinates": [[[161467.2924506641, 521507.7615740386], [161493.9396986446, 521593.6272395399], [161539.5329149015, 521635.8419862302], [161644.45170867213, 521663.2126373488], [161724.82799808867, 521658.49315324594], [161781.45162854547, 521633.08021166874], [161819.56241559013, 521583.616323399], [161848.90783903826, 521410.8216163766], [161740.1902813138, 521283.82114321657], [161680.78919193556, 521258.0441666476], [161630.77122623558, 521259.4184427758], [161548.2624932427, 521299.46674673713], [161507.9324320762, 521347.2630263957], [161472.62518083025, 521433.287281499], [161467.2924506641, 521507.7615740386]]]}}, {"type": "Feature", "properties": {"rule": "mudflat_perimeter", "coast_clear_m": 30.0, "inset_ratio": 0.1, "site": "jebu"}, "geometry": {"type": "Polygon", "coordinates": [[[161709.0364896642, 511226.78776555974], [161790.68660847287, 511261.8993332097], [161786.06709733512, 511302.3413527774], [161819.60445924083, 511273.5938182823], [161822.79650183822, 511229.8963232135], [161789.24567906096, 511192.9149012299], [161726.12163676802, 511200.74613841093], [161709.0364896642, 511226.78776555974]]]}}, {"type": "Feature", "properties": {"rule": "mudflat_perimeter", "coast_clear_m": 30.0, "inset_ratio": 0.1, "site": "jebu"}, "geometry": {"type": "Polygon", "coordinates": [[[162526.56459236867, 521372.394863587], [162565.67701974488, 521325.80194771365], [162544.8001273881, 521266.020039168], [162433.89997200647, 521143.11528635095], [162214.25724855627, 520957.6204584279], [162200.97651214164, 520993.83290133526], [162213.68329464836, 521030.2507082346], [162443.52755990246, 521232.21523353166], [162494.84808042846, 521295.01116570056], [162526.56459236867, 521372.394863587]]]}}, {"type": "Feature", "properties": {"rule": "mudflat_perimeter", "coast_clear_m": 30.0, "inset_ratio": 0.1, "site": "jebu"}, "geometry": {"type": "Polygon", "coordinates": [[[162291.27524943574, 495953.8487640159], [162356.03458141335, 496012.276920725], [162390.64410434564, 496004.9418464881], [162399.10377557614, 495968.9925063092], [162369.14224874627, 495924.73475221795], [162317.3939058368, 495936.3971198994], [162291.27524943574, 495953.8487640159]]]}}, {"type": "Feature", "properties": {"rule": "mudflat_perimeter", "coast_clear_m": 30.0, "inset_ratio": 0.1, "site": "jebu"}, "geometry": {"type": "Polygon", "coordinates": [[[162697.8496339843, 495725.6360841145], [162610.0519890377, 495786.10573912825], [162625.25735434232, 495809.67700296], [162713.18127048644, 495822.46455519827], [162750.5933010567, 495788.4992198879], [162754.21621281173, 495739.57250749617], [162697.8496339843, 495725.6360841145]]]}}, {"type": "Feature", "properties": {"rule": "mudflat_perimeter", "coast_clear_m": 30.0, "inset_ratio": 0.1, "site": "jebu"}, "geometry": {"type": "Polygon", "coordinates": [[[163985.16488058947, 528471.6687518009], [163927.7188028288, 528505.6455342206], [163916.2863382995, 528562.0461247774], [163826.70492242166, 528501.1417390268], [163653.43177692132, 528472.9062674551], [163682.3729352369, 528521.8482115038], [163860.2384010567, 528586.3691730355], [163916.5712542559, 528663.8177279715], [163932.8374438589, 528735.9799327828], [164015.04145101187, 528743.783743612], [164065.81346960075, 528773.1734292326], [164076.17456188466, 528843.9606042791], [164044.99996150867, 528885.3034647786], [164048.22659745064, 528919.6243817701], [164087.8366433761, 528920.1428605954], [164163.24029526842, 528840.429087286], [164245.05521188985, 528897.4159066608], [164252.34869350347, 528926.0099517464], [164212.62238864656, 529003.4674147826], [164345.03745836354, 529091.9226836166], [164498.24701841816, 529076.6660508518], [164594.758134979, 529123.7134260137], [164649.9701428923, 529130.1331875628], [164743.24971559807, 529081.8548670656], [164825.62828892755, 529112.6017038019], [164910.69538415645, 529094.4330805487], [164990.58671617345, 529164.9741512854], [165025.12063525128, 529167.7369555634], [165065.07718033233, 529116.0791249783], [165064.71566022147, 528962.1531634299], [165115.8139077493, 528789.4716263714], [165110.12039596858, 528716.5016131981], [165127.3234291152, 528681.3319084689], [165156.94997933746, 528713.8368818441], [165223.84073192207, 528915.5192690619], [165216.83959029953, 528997.814868154], [165167.86878046213, 529100.8484681005], [165318.65678774368, 529168.0470296753], [165368.99587256293, 529256.5262937217], [165393.36844362496, 529249.8231709833], [165410.38031147834, 529193.6165446347], [165445.1101363408, 529170.7251529598], [165775.87456548965, 529141.414880405], [165925.4138372243, 529174.0844015538], [166050.0853249983, 529105.5938804689], [166184.6023072875, 529178.9173240942], [166350.87546276022, 529152.8427121], [166483.49992431438, 529252.8158825407], [166616.290338586, 529242.0334113126], [166648.59326863702, 529326.7246731975], [166633.16332134744, 529373.5269245225], [166439.3306638278, 529518.3091283333], [166336.52861802973, 529518.8820297421], [166222.25176289165, 529563.9655900607], [166071.58502011545, 529584.5262097006], [166013.58821240492, 529693.150657342], [165931.89435522576, 529708.0778661064], [165779.33266515483, 529818.1056646171], [165693.3442525265, 529832.7232093188], [165668.73656865658, 529874.7835356124], [165704.56166133238, 529925.780807236], [165698.9171566004, 529942.9126576678], [165595.16146318294, 530051.2237238789], [165448.73748416186, 530119.3777776427], [165394.3964746966, 530197.2329415588], [165291.6219165102, 530195.055841936], [165228.93108854236, 530417.7456500453], [165252.50415769676, 530548.6302567935], [165221.51472188006, 530798.4311666486], [165203.74185869965, 530829.682139406], [165110.86510340046, 530889.5317132694], [165054.73066431354, 530988.6003679475], [165005.94573600788, 530990.0669053745], [164879.8711703833, 530907.2020435553], [164797.27032392175, 531002.2141720945], [164639.98195987058, 531058.1940947768], [164490.51914099668, 531037.0885741271], [164410.45518931752, 531061.206696172], [164393.45673884288, 531118.6009160401], [164407.892660403, 531182.1615906898], [164554.54148497642, 531350.8126553531], [164677.05991882502, 531387.6299332352], [164767.49488580803, 531463.3018395569], [164815.1217385113, 531574.0069271362], [164771.18887432967, 531660.6453716734], [164694.4694324222, 531682.5214754089], [164601.3790751805, 531669.4855925394], [164523.58740377883, 531555.3910548064], [164365.15552376286, 531492.0608241612], [164133.92125013965, 531498.333814467], [164096.59516111063, 531475.3381379272], [164026.42784327467, 531373.8438817606], [163994.3731077352, 531358.8902535959], [163963.61301217796, 531390.3267487992], [163972.26934094485, 531509.4565689426], [164020.82662177188, 531576.2401897184], [164128.02782184948, 531544.2592083287], [164158.4733040842, 531596.3457483961], [164145.60538017232, 531644.6392297791], [164042.40707501257, 531694.7063465407], [164022.8427556646, 531752.7491678636], [163806.47037210735, 531700.707578017], [163656.41381735925, 531708.0285819334], [163546.71284044726, 531610.9471922759], [163398.42534827508, 531534.0498022803], [163317.73982513184, 531370.7036626204], [163287.61971581768, 531348.8920934557], [163238.04598342002, 531376.2654922609], [163168.99957150646, 531501.748959946], [163168.25275496027, 531614.4285138826], [163222.25418900425, 531656.5758023842], [163116.74837102593, 531671.2475651226], [163067.15665603906, 531653.2892962957], [162887.7422892872, 531843.7040723715], [162940.88516055502, 531903.1310532307], [163053.28910839523, 531873.4640188033], [163042.08981178698, 531967.5456858041], [163063.79317549313, 532028.8066761845], [162907.6714573238, 532228.6997881093], [162752.2322044664, 532281.3158024955], [162649.03255703842, 532520.4889982676], [162698.1000919718, 532687.0402261668], [162847.37779423932, 532840.9489027516], [162901.43233201184, 532833.4845928929], [162943.57551478708, 532768.6233102953], [163024.60073504076, 532730.8377917794], [163097.21532904165, 532623.9317347825], [163194.23675411366, 532605.5491327521], [163251.08116035388, 532530.4984412241], [163439.61103630872, 532506.8670970129], [163582.24162386238, 532540.2672448057], [163662.6804377332, 532494.4686653495], [163901.49855534907, 532584.1768573882], [164070.6721998466, 532512.4284789644], [164108.5840822037, 532522.9827366312], [164131.93509449193, 532569.543683801], [164125.26882199716, 532604.2799516458], [164049.26269676676, 532634.9448222734], [164024.95503298604, 532623.1554036036], [163948.1991976229, 532645.280402919], [163906.14059124244, 532706.143509208], [163859.53048942477, 532734.0328369853], [163722.18833596603, 532761.4990944824], [163577.47464113546, 532765.5574892813], [163483.91405030282, 532711.6957253518], [163451.59196567477, 532716.8236723406], [163345.43594531837, 532792.7667152748], [163268.8756744433, 532807.1451089921], [163233.64709488687, 532856.1521026097], [163200.1221190868, 532965.0430667325], [163140.651613693, 533025.193001704], [163129.36472694657, 533169.8233799149], [163147.31854395242, 533268.726603412], [163104.4572795565, 533383.4824217513], [163171.98477248102, 533415.5878743218], [163258.73904824824, 533409.2231540517], [163288.0585543027, 533453.2228124345], [163296.2638008928, 533562.4357079577], [163230.7340576565, 533676.2110632497], [163264.35798417407, 533826.7470155285], [163245.8520043635, 533986.1785258681], [163295.72238253918, 533991.1735654137], [163364.96437618017, 533949.9509905223], [163499.70260771728, 533952.8073398792], [163592.0641158566, 533875.2596513457], [163687.37691019123, 533861.2947635497], [163842.28802842478, 533950.7882733374], [163943.7386271658, 533991.4460691394], [163989.39918979097, 533990.1910101615], [164020.46486271097, 534074.9183602441], [164007.04352918753, 534118.6995861407], [163915.20686376197, 534201.6963782349], [163865.47936984058, 534190.1412819759], [163838.0356926425, 534121.0544198693], [163779.46144550366, 534076.2625957043], [163666.60615223515, 534143.6719166625], [163612.36066322034, 534205.370141336], [163448.88815237867, 534147.6817720796], [163312.27175565378, 534233.4167429495], [163369.48295982397, 534349.4035502567], [163346.2374933935, 534430.0883890523], [163353.23884374197, 534472.4274152318], [163434.5174363917, 534546.5308426515], [163570.65615538118, 534729.9461414377], [163573.7362133914, 534802.0010037737], [163629.16289602002, 534916.1845897202], [163655.76123992892, 535026.6003591677], [163616.99940453598, 535242.2004186844], [163665.9538344385, 535414.0011140879], [163780.41524567874, 535558.7982365495], [163760.16743539218, 535746.1483565541], [163653.73718379892, 535866.2751048346], [163660.0535305691, 535943.0034560146], [163698.5550051397, 535916.2111430741], [163704.46456270383, 535869.9520952941], [163771.68445148575, 535836.2560253782], [163813.57754649455, 535766.7499340712], [163840.47582170772, 535644.1730186995], [163832.60528520236, 535540.6440580977], [163762.72631421662, 535462.707060135], [163704.2827696612, 535353.1040368056], [163670.64930608476, 535211.2101462825], [163711.02218318725, 535005.2714766162], [163627.93801772495, 534781.89388867], [163624.2257373775, 534709.7628600172], [163479.65125778434, 534511.3171644758], [163405.32990078247, 534448.3645086233], [163426.59507041954, 534345.4956368136], [163390.46370354603, 534256.8327374848], [163448.76917997553, 534205.3732945417], [163573.80985930486, 534259.7361031573], [163631.62211195726, 534259.2780401702], [163776.63332315898, 534135.6381048342], [163828.55459332486, 534233.8862913304], [163879.0882246451, 534259.3486102605], [163931.52914688637, 534256.5657507278], [164053.33128748595, 534152.3820503597], [164076.77275768202, 534064.5991583326], [164059.51195099746, 533990.3637278986], [164022.6835624782, 533943.6161725454], [163870.3715660814, 533898.7192474629], [163709.88692054086, 533806.5070495661], [163632.17915863608, 533802.9194218586], [163571.19983467, 533821.9516150404], [163484.59424066916, 533897.4925935519], [163316.62552697735, 533906.4719287002], [163321.17141251932, 533819.7256678075], [163287.6921157573, 533684.2592097841], [163352.15731295655, 533574.8042274059], [163344.43601165968, 533443.2906794248], [163332.82207642763, 533402.510343211], [163286.7379401348, 533359.2919311818], [163235.7331978799, 533346.5236870046], [163178.76003200782, 533358.31100981], [163204.47059653187, 533271.9988885638], [163186.94928699484, 533175.3410277527], [163200.40442496235, 533041.0073642031], [163250.45145498918, 532992.3198501166], [163300.79761118887, 532858.2032393625], [163393.06182645072, 532832.9229824694], [163470.77627705605, 532773.4475895184], [163577.94996469253, 532822.8011704319], [163726.4006709527, 532818.5895595192], [163881.70638252035, 532787.6001230597], [163930.9979877929, 532761.659082967], [163980.32425542103, 532695.7155035436], [164061.16123015134, 532690.9402673334], [164162.94735626347, 532648.2535686804], [164188.70497366684, 532562.1785101691], [164151.46034624064, 532485.0526569266], [164089.7458910857, 532456.2820961691], [164006.98805572584, 532469.5865964864], [163897.97774227415, 532526.765017969], [163668.58638870917, 532437.5284800036], [163571.55481564975, 532482.7821505246], [163441.05048772992, 532449.6395429523], [163260.8462443249, 532470.6184683468], [163211.45005326121, 532489.1893585089], [163163.9769172521, 532555.7224235977], [163062.14792459595, 532578.6841701011], [162981.45512299155, 532689.9420818846], [162908.62709409895, 532723.2837816743], [162866.2381804034, 532782.5724479558], [162744.3667192667, 532651.0391761997], [162706.68841428336, 532549.7948104609], [162722.39705393987, 532465.5175632973], [162794.1825768158, 532322.0692571093], [162923.64477941068, 532288.062240957], [163098.1288871763, 532086.7780890112], [163181.64022964993, 532079.8169698872], [163224.36723753207, 532014.7705909135], [163197.55541929984, 531942.7199485597], [163163.93782110396, 531914.0332784199], [163118.26046445215, 531907.3532413174], [163110.78379379137, 531856.4031020572], [163078.99028221171, 531821.8367594734], [163023.6256300325, 531813.3324631106], [162956.29684698326, 531839.3597428771], [163078.3253855937, 531719.4818011521], [163213.1105963481, 531721.7090430924], [163266.58267176908, 531692.7980411324], [163278.3688072169, 531645.252614361], [163223.613580718, 531582.2225033544], [163226.02382052538, 531516.0790472309], [163276.9206112287, 531430.2661740533], [163362.21300362697, 531578.3863679935], [163514.88497713665, 531659.6326761792], [163585.99189095732, 531733.17696611], [163654.4403586961, 531765.9988583107], [163802.25372346587, 531757.8767385664], [163931.33035594694, 531796.2578067608], [164042.92890284793, 531806.3552463948], [164093.94454692877, 531741.7597580085], [164194.74394790598, 531674.0070033625], [164215.2201967041, 531619.2805379523], [164207.90377526626, 531554.9641129368], [164274.29747692763, 531546.8627572277], [164349.16689561214, 531547.1510498879], [164493.66648246956, 531605.8270081667], [164548.38016095266, 531701.6621587503], [164603.64906044988, 531730.2722537772], [164711.85329702927, 531738.6415706764], [164801.92655070097, 531708.9388517246], [164843.3414334621, 531666.530093773], [164871.809241428, 531590.2393468596], [164824.67166101185, 531447.847785158], [164748.0162303699, 531363.1502157156], [164670.01655777014, 531322.58892508], [164595.1761767201, 531309.1548432607], [164454.93322823386, 531147.7041552011], [164455.9380106419, 531097.675208049], [164657.062951012, 531112.8320367748], [164826.17918824952, 531051.6241157034], [164885.23525991163, 530983.1581836655], [164992.39279808273, 531045.6850933867], [165088.48106261913, 531034.8386159503], [165155.48442550536, 530926.8116964847], [165250.50073659394, 530864.7081333852], [165275.96607675788, 530816.0979410042], [165309.52659685336, 530559.7762283415], [165286.10344872042, 530421.8124325508], [165327.20322004342, 530250.7928443602], [165418.8153763332, 530249.0092122533], [165487.2936462916, 530162.4500215002], [165631.21035028336, 530095.6932944072], [165749.89573603944, 529968.9558794834], [165761.95498639194, 529921.1718088478], [165741.9641107683, 529882.3233287307], [165800.73329839704, 529870.2853409521], [165952.5934513979, 529763.9257342676], [166044.96106550732, 529741.0339430729], [166098.49744911096, 529635.5745315759], [166234.25387203894, 529619.9389260358], [166344.51186469814, 529575.6622334145], [166465.77553983591, 529569.0805129617], [166673.93865670502, 529413.7069816483], [166705.81811697013, 529328.267948096], [166691.67689634953, 529253.7481653342], [166639.30362273188, 529189.6172523826], [166567.00904799392, 529179.331048014], [166497.936121654, 529196.5725459144], [166369.40633533977, 529098.6793321685], [166302.70688661106, 529092.3125458433], [166189.184287928, 529119.8781404478], [166058.69230630048, 529048.9989616419], [165986.27260589818, 529063.0818980413], [165919.5538942698, 529116.8534639444], [165768.57073007757, 529084.5706479964], [165449.78635410103, 529111.4407845708], [165374.03538056568, 529149.166814749], [165299.82439114337, 529086.8296513974], [165243.7204574473, 529067.6730738895], [165282.21457400118, 528972.8663779491], [165274.2461057719, 528876.321763204], [165206.16923076316, 528684.0212085876], [165136.28891116087, 528624.7926734559], [165087.8429383751, 528637.9592853625], [165055.89712085735, 528689.8556932401], [165061.83734055643, 528768.4450727361], [165004.69607304796, 528981.7401029478], [165006.56330072437, 529102.2939494202], [164961.1731242421, 529054.3358513329], [164917.7769489166, 529037.627126594], [164830.89242489208, 529055.4547040414], [164738.63324894797, 529024.7956592211], [164643.20585105277, 529072.7313605582], [164504.63440726162, 529019.7778602678], [164363.08930703142, 529037.4007593481], [164282.24670321954, 528989.984720372], [164309.58946354213, 528926.7577548914], [164282.43718978352, 528854.0609450887], [164200.34416861436, 528788.5212088685], [164134.41686642633, 528788.5817053616], [164110.19368573854, 528737.0145938016], [164066.10471062455, 528702.4377868475], [163980.7360937011, 528684.4235188306], [163961.6135259373, 528626.4919734901], [164010.08592489266, 528634.5016007372], [164061.6061124406, 528617.7105451392], [164096.11291355346, 528549.6009759195], [164067.61318276796, 528486.639537195], [163985.16488058947, 528471.6687518009]]]}}, {"type": "Feature", "properties": {"rule": "mudflat_perimeter", "coast_clear_m": 30.0, "inset_ratio": 0.1, "site": "jebu"}, "geometry": {"type": "Polygon", "coordinates": [[[163047.75477484596, 495619.73844983586], [162961.97373700904, 495526.78800804086], [162898.70980104493, 495603.60299144115], [162845.22871624422, 495635.98019973957], [162834.83343875827, 495668.9511446811], [162862.5677369922, 495683.80084397894], [163047.75477484596, 495619.73844983586]]]}}, {"type": "Feature", "properties": {"rule": "mudflat_perimeter", "coast_clear_m": 30.0, "inset_ratio": 0.1, "site": "jebu"}, "geometry": {"type": "Polygon", "coordinates": [[[163141.2590199983, 491475.6179700124], [162954.13668282036, 491577.37098303856], [162938.68170210219, 491601.87789577735], [162932.38615833217, 491718.5643466269], [163005.89761246415, 491800.9635958726], [163102.38928227164, 491795.03979096055], [163158.60228859627, 491728.540186619], [163200.39517168739, 491553.7027956219], [163174.55477545413, 491490.9640374756], [163141.2590199983, 491475.6179700124]]]}}, {"type": "Feature", "properties": {"rule": "mudflat_perimeter", "coast_clear_m": 30.0, "inset_ratio": 0.1, "site": "jebu"}, "geometry": {"type": "Polygon", "coordinates": [[[163171.27657409554, 495440.7624950197], [163220.5140127559, 495457.1114686904], [163231.88096786058, 495436.724210558], [163205.0483934764, 495365.53047866136], [163160.4785144542, 495341.96673029754], [163021.6221803962, 495393.0497396752], [162988.56919488235, 495465.699017841], [163171.27657409554, 495440.7624950197]]]}}, {"type": "Feature", "properties": {"rule": "mudflat_perimeter", "coast_clear_m": 30.0, "inset_ratio": 0.1, "site": "jebu"}, "geometry": {"type": "Polygon", "coordinates": [[[163304.136070949, 531771.8735031794], [163276.66417303457, 531851.2417301374], [163313.59886578284, 531934.020894834], [163378.20595039564, 531964.4065420958], [163453.88287179545, 531938.1123949538], [163499.6172180105, 531868.2153530031], [163510.25242856832, 531812.6888974792], [163499.36167868442, 531740.0770786142], [163452.62121928748, 531671.3704728731], [163400.30800642815, 531643.6176319135], [163336.43001190608, 531651.8364891317], [163305.7131513229, 531692.9693991465], [163304.136070949, 531771.8735031794]]]}}, {"type": "Feature", "properties": {"rule": "mudflat_perimeter", "coast_clear_m": 30.0, "inset_ratio": 0.1, "site": "jebu"}, "geometry": {"type": "Polygon", "coordinates": [[[163412.52358738406, 514976.89866062277], [163341.6077292788, 515002.55928046745], [163332.5309110452, 514992.6412973249], [163354.67403225062, 514977.4147630797], [163307.0750367769, 514937.9005018325], [163276.8815118344, 515006.06550425256], [163312.1477799223, 515051.64264168154], [163369.3000370889, 515056.5903709751], [163415.25942808937, 515024.7247245795], [163412.52358738406, 514976.89866062277]]]}}, {"type": "Feature", "properties": {"rule": "mudflat_perimeter", "coast_clear_m": 30.0, "inset_ratio": 0.1, "site": "jebu"}, "geometry": {"type": "Polygon", "coordinates": [[[163619.60891313927, 532380.9721308176], [163621.0426423143, 532330.6813801805], [163587.51873088695, 532286.8237679388], [163540.05058327172, 532279.1773179843], [163492.22297191992, 532310.7336832125], [163486.15169328483, 532373.9293863706], [163522.49321567055, 532423.310129868], [163577.26721243875, 532425.8040558349], [163619.60891313927, 532380.9721308176]]]}}, {"type": "Feature", "properties": {"rule": "mudflat_perimeter", "coast_clear_m": 30.0, "inset_ratio": 0.1, "site": "jebu"}, "geometry": {"type": "Polygon", "coordinates": [[[164556.60905315372, 527387.006206394], [164551.6458756225, 527301.6624676504], [164600.88391356214, 527216.604572384], [164635.02786868016, 527221.9215357128], [164653.68752947147, 527318.5149191295], [164692.58425903195, 527299.1915823852], [164668.92896183982, 527337.9576106318], [164701.30607774496, 527328.5826671281], [164736.95316292602, 527263.4573373813], [164733.6416719987, 527233.1348573352], [164657.5633999866, 527153.8932991794], [164642.59054680652, 527074.7734677172], [164597.36835111512, 527056.0491745676], [164505.94093782236, 527063.5520756526], [164416.3946624276, 527013.5588468309], [164317.721349252, 527146.6988952649], [164285.90652555137, 527154.4008306705], [164273.8711095686, 527038.6219131434], [164145.99459913242, 527040.1808397393], [164064.40284800433, 526910.6317307005], [163978.27399405645, 527049.6467830155], [164029.04132119106, 527125.6801020376], [164021.4290629631, 527166.1156944112], [163838.10203089286, 527188.8615750885], [163759.63018552295, 527237.6413788442], [163682.8610830407, 527254.5174115353], [163679.63418727586, 527313.5783194291], [163646.41084686763, 527372.9104701153], [163670.98142722112, 527395.4948160734], [163749.28651510604, 527376.2293873286], [163779.7158997749, 527409.3290269214], [163772.4979459849, 527455.2107009178], [163707.55171030934, 527526.8565721178], [163735.56791096166, 527581.3129247148], [163713.64921500158, 527640.1719353674], [163777.16658002356, 527639.8630394662], [163792.68508692668, 527595.812091626], [163779.7452479361, 527531.6778381574], [163827.8152403538, 527472.3179888645], [163836.77845933498, 527404.7541760373], [163803.83245766236, 527341.9312349055], [163736.62475920096, 527318.4574578058], [163737.67895128712, 527300.9853729825], [163853.89020831714, 527244.1415494413], [164019.1121211043, 527228.3190018886], [164072.36664187678, 527192.94209088], [164085.9816036878, 527229.7848421488], [164125.11497882704, 527251.7500796166], [164165.66714047742, 527243.9558414129], [164190.2624635277, 527216.2713782404], [164194.15280686508, 527174.6831936298], [164168.2310867192, 527132.8762837604], [164124.9667562648, 527123.2512200547], [164087.7978363146, 527147.3979003791], [164080.20179459118, 527099.9960422799], [164040.68520988623, 527048.9524417165], [164061.36253149484, 527011.2275904957], [164117.61005230586, 527089.893840711], [164219.2919104386, 527098.5270817523], [164226.94876012005, 527175.0545823248], [164281.5054222917, 527212.09588361], [164358.03540704874, 527187.3417508255], [164428.46040705027, 527081.1075817886], [164495.37783098954, 527119.8147252365], [164587.95274974874, 527114.386901295], [164597.12627857225, 527158.9626164639], [164538.64577091782, 527196.7870797768], [164489.2806469764, 527338.2595918305], [164509.3566372776, 527420.3444376113], [164556.60905315372, 527387.006206394]]]}}, {"type": "Feature", "properties": {"rule": "mudflat_perimeter", "coast_clear_m": 30.0, "inset_ratio": 0.1, "site": "jebu"}, "geometry": {"type": "Polygon", "coordinates": [[[165721.37031443528, 539179.1181939559], [165595.55638640028, 538901.3453235484], [165546.76951732574, 538840.6071991026], [165523.28324424825, 538736.0114203218], [165594.90428269195, 538731.9195907587], [165735.30007092058, 538671.4864650575], [165760.8832403386, 538687.3102513693], [165806.45873534883, 538663.6904645445], [165775.58785113555, 538629.6814108167], [165794.51690937125, 538615.4141892552], [165810.82375396794, 538661.4134161139], [165855.152822411, 538639.0477354584], [165858.39889012152, 538606.8421138618], [165900.513252862, 538579.1551560661], [166159.27887828788, 538476.7062952976], [166203.66508968495, 538435.5954027674], [166222.46333603398, 538383.0984680536], [166090.35963864857, 538113.6872124436], [166060.04086011837, 538095.4127336945], [165544.34009553696, 538365.8881613846], [165357.74165272136, 538003.9793055473], [165887.1562831248, 537730.9972689823], [165911.46670998223, 537660.4325426366], [165915.5841172234, 537593.5827490231], [165764.89641947474, 537294.8843022094], [165709.08517498922, 537287.429498596], [165735.66461191422, 537236.9141621131], [165639.00792707416, 537048.3343139867], [165606.85395239192, 537026.035300475], [165514.06069998734, 537042.1561303826], [165372.51518357836, 537096.9682673756], [165280.91905383262, 537163.6672012093], [165243.264161486, 537347.8804482647], [165275.89052320496, 537422.6097638329], [165351.92969679346, 537456.9173029618], [165302.2534830755, 537528.8561906877], [165313.34549615817, 537610.4337077761], [165258.48900954993, 537609.1415239489], [165211.1474932432, 537639.924225173], [165090.10925186946, 537645.4623624276], [165052.05176985555, 537688.8019209544], [165040.85116195204, 537744.757126999], [164787.0301083863, 537677.5926049044], [164660.77291652246, 537605.0674119826], [164580.9819077883, 537625.2394570833], [164409.78741550908, 537557.2874919551], [164314.3220670688, 537556.0486399618], [164266.25046833308, 537517.8498088926], [164196.66318943078, 537512.8521233909], [164140.30116028007, 537473.1566230573], [164010.4194965805, 537467.6452106691], [164003.0842732025, 537391.4357779688], [164030.97218979493, 537337.845949035], [164038.9685718417, 537217.9716836283], [164097.12356429704, 537202.0103638123], [164122.03381265147, 537154.0223505674], [164108.11550817118, 537107.9214355862], [164066.72886787052, 537076.7833922041], [164053.90047751833, 537014.7437784312], [164086.66246540687, 536877.8301829672], [164066.49023856423, 536790.6008597866], [164081.97873497382, 536711.1746049483], [164125.11598538895, 536699.9197267456], [164166.38058695628, 536658.5235118375], [164174.34469722232, 536589.7744342703], [164106.3119045591, 536503.672431806], [163937.32748267884, 536409.4935662932], [163798.8086738446, 536097.5081279697], [163743.8799282716, 536025.5139235093], [163686.88663510286, 536018.6200358956], [163890.36599900745, 536427.5851214087], [164073.16659530642, 536550.3463371354], [164118.13512121682, 536600.6164142299], [164116.17775040664, 536631.0146011624], [164089.37408040452, 536654.0729660686], [163995.66006451962, 536639.5216470647], [163962.81564512342, 536669.6397535714], [163978.99117103883, 536712.3454016844], [164029.11393338908, 536732.9804173305], [164007.12901924012, 536780.806716255], [164029.43677886625, 536876.3183085957], [163995.2673952118, 536999.1027837547], [164009.38271037606, 537077.689399854], [163957.63352440431, 537161.441649729], [163987.26568516289, 537252.5458431486], [163975.19767423184, 537324.9514394335], [163939.36785013837, 537387.4149318642], [163965.9535451312, 537512.8320087106], [164034.08663961524, 537532.7632375909], [164123.43568300863, 537527.8614733045], [164177.28148682456, 537569.9835226438], [164252.60983722936, 537575.3553092306], [164292.88580410636, 537617.8692369995], [164395.15808921505, 537612.6322999893], [164574.64418036304, 537682.8984952418], [164645.9578611165, 537660.3627924179], [164766.11310937814, 537731.0110812644], [164965.04487857543, 537774.7348232383], [165103.41550917987, 537830.5185291122], [165142.8204151378, 537825.7603471675], [165142.07866427416, 537798.1173827074], [165098.73466904694, 537743.5586971793], [165116.62946892105, 537696.1944336616], [165231.33770241513, 537697.2216598978], [165292.8193639638, 537663.9021989629], [165305.80780443898, 537708.161771067], [165258.5396284362, 537724.8165445025], [165249.58622757357, 537751.7694497759], [165259.02198357385, 537801.9736720686], [165287.73729089275, 537812.3258149597], [165358.17483847018, 537700.1313758839], [165520.3306076186, 537633.7535899369], [165537.75016885786, 537602.9018015933], [165495.6761159562, 537556.9742787385], [165362.97868188878, 537581.9737334629], [165362.0989252653, 537530.6383854072], [165449.65956075327, 537432.3628285837], [165494.46150462766, 537349.7987323105], [165482.4275240702, 537328.7057812575], [165458.42638672175, 537328.8529508264], [165379.3235151442, 537400.0557357158], [165317.8688702645, 537383.6882615198], [165300.31970744138, 537343.2189420814], [165319.59736364192, 537209.3983452367], [165399.82002235382, 537147.2823880934], [165579.3684096285, 537082.710769998], [165629.03786107778, 537097.015505215], [165662.43337818043, 537134.4770064221], [165683.55957031378, 537199.6960329366], [165643.54729103157, 537280.7758303876], [165645.37737751816, 537318.2552486811], [165669.9004420152, 537340.4648289271], [165743.36602273618, 537347.8988521919], [165780.68018809686, 537387.0061292445], [165857.88701830595, 537591.1608965045], [165848.42490547494, 537664.4662745269], [165744.5832915989, 537744.9378255582], [165776.77368546958, 537728.7147295782], [165782.81848658234, 537740.7312270543], [165682.85159002966, 537792.6659522093], [165676.94284476066, 537779.0267051157], [165730.538899683, 537752.0158353663], [165664.49773430085, 537749.8057979619], [165587.56540547492, 537819.9833227885], [165508.7783557417, 537821.9613471692], [165451.98588939753, 537888.4602658354], [165412.5037284861, 537881.4862045561], [165386.48377807066, 537930.9382209735], [165294.1688549236, 537911.915698651], [165103.78422603515, 538022.4010203448], [165095.966431321, 538050.2374524649], [165108.48519972706, 538080.0523456042], [165215.51786214238, 538117.9511906336], [165313.59123966433, 538329.1739677894], [165391.18686840576, 538398.3260170037], [165461.5813307563, 538388.7563413896], [165536.07350122556, 538425.4961211939], [165586.6721685734, 538396.0047196188], [165649.88462246567, 538392.1268525862], [165684.23593873405, 538337.0386391181], [165772.48000034987, 538331.0354922573], [165838.32862281715, 538264.0520409702], [166021.3092542037, 538146.4712025209], [166060.0742252805, 538163.4982248932], [166155.370304594, 538320.7834221727], [166163.07761669165, 538390.577849766], [166129.41643749102, 538427.8667662886], [165874.82833569893, 538527.8484126384], [165595.62817651633, 538671.6862055584], [165521.8293308094, 538678.1208971504], [165467.93559441896, 538654.7722825235], [165467.5844428455, 538755.7261931768], [165491.70761623356, 538858.9965526459], [165614.59166338682, 539016.6171001421], [165664.6522730365, 539136.1893326673], [165721.37031443528, 539179.1181939559]]]}}, {"type": "Feature", "properties": {"rule": "mudflat_perimeter", "coast_clear_m": 30.0, "inset_ratio": 0.1, "site": "jebu"}, "geometry": {"type": "Polygon", "coordinates": [[[165750.65674204146, 539241.2485982504], [165750.42033952434, 539308.3360586659], [165691.0473865899, 539371.8782722522], [165630.51124188185, 539382.7351315314], [165581.006386646, 539360.6827142434], [165463.37715609375, 539079.1633446345], [165399.7144489063, 538980.5543682838], [165330.35385753264, 538779.3162305974], [165100.50472236326, 538456.1629951495], [165010.25877568393, 538246.481613167], [164900.29289541114, 538099.3867937655], [164809.03774786586, 538063.1978483674], [164653.13378871948, 538065.8278598364], [164631.50032495, 538039.632509696], [164641.73693129435, 538014.8946098643], [164714.63491421164, 537987.5640483946], [164659.68471720806, 537974.3815642429], [164588.54297994744, 537919.2585656177], [164429.91138185436, 537864.8577024696], [164345.66115818947, 537869.3519360126], [164227.18007648893, 537844.461401023], [164065.1987512575, 537855.5257725953], [164070.78529613867, 537903.0228661357], [164162.6622553237, 538003.4171977172], [164092.52843372247, 538055.8707166034], [163971.2326644708, 538070.4858907498], [163950.36948704012, 538123.9847948592], [163999.45396204983, 538176.2539764148], [164002.99218566588, 538102.2576880504], [164856.84014560742, 538102.9249636045], [164959.9763993176, 538274.0465327709], [165046.9110789001, 538478.441273418], [165278.87324231438, 538805.0613331558], [165346.98969404146, 539002.8515696464], [165408.96968539682, 539099.71039507], [165534.50124624989, 539394.0643990556], [165609.41787199632, 539437.6169194225], [165721.7248084792, 539420.2100501047], [165804.5455191022, 539327.7475995994], [165750.65674204146, 539241.2485982504]]]}}, {"type": "Feature", "properties": {"rule": "mudflat_perimeter", "coast_clear_m": 30.0, "inset_ratio": 0.1, "site": "jebu"}, "geometry": {"type": "Polygon", "coordinates": [[[164206.3314351336, 527585.82448451], [164247.78801019443, 527532.0584444124], [164244.7340150061, 527471.3341935225], [164200.01462531326, 527431.8641968564], [164127.99930775803, 527432.6007383162], [164090.2203325443, 527485.7938379355], [164100.87911850747, 527579.2371047568], [164148.1761343683, 527610.5871685225], [164206.3314351336, 527585.82448451]]]}}, {"type": "Feature", "properties": {"rule": "mudflat_perimeter", "coast_clear_m": 30.0, "inset_ratio": 0.1, "site": "jebu"}, "geometry": {"type": "Polygon", "coordinates": [[[164188.04039781934, 527336.3739761531], [164232.3650038078, 527355.5808712784], [164281.03829793236, 527332.6523922754], [164293.54725110007, 527284.2998083693], [164271.75073871564, 527242.2071703498], [164226.0605559915, 527227.6038241154], [164188.5437583118, 527248.4519152686], [164170.33912541982, 527294.01926924], [164188.04039781934, 527336.3739761531]]]}}, {"type": "Feature", "properties": {"rule": "mudflat_perimeter", "coast_clear_m": 30.0, "inset_ratio": 0.1, "site": "jebu"}, "geometry": {"type": "Polygon", "coordinates": [[[164369.6199584704, 528824.1270807806], [164390.05042400106, 528885.527422868], [164435.13510228295, 528920.0137327783], [164479.45429426353, 528914.9745458328], [164526.85184513917, 528869.4896173805], [164547.9375642489, 528794.9073566428], [164536.83531336059, 528666.3946129509], [164511.62269249102, 528624.2331500083], [164457.49637257357, 528616.947288281], [164407.446819595, 528662.5429111454], [164404.56918769935, 528729.9960030542], [164369.6199584704, 528824.1270807806]]]}}, {"type": "Feature", "properties": {"rule": "mudflat_perimeter", "coast_clear_m": 30.0, "inset_ratio": 0.1, "site": "jebu"}, "geometry": {"type": "Polygon", "coordinates": [[[164502.60017170708, 527434.9402377394], [164486.09020943448, 527475.6645461234], [164502.32035911916, 527516.5383432773], [164502.60017170708, 527434.9402377394]]]}}, {"type": "Feature", "properties": {"rule": "mudflat_perimeter", "coast_clear_m": 30.0, "inset_ratio": 0.1, "site": "jebu"}, "geometry": {"type": "Polygon", "coordinates": [[[164502.31926172168, 527516.8583630262], [164486.29579384023, 527556.6670575814], [164502.0464556983, 527596.4132352803], [164502.31926172168, 527516.8583630262]]]}}, {"type": "Feature", "properties": {"rule": "mudflat_perimeter", "coast_clear_m": 30.0, "inset_ratio": 0.1, "site": "jebu"}, "geometry": {"type": "Polygon", "coordinates": [[[164683.67873727987, 527600.9801810829], [164645.04587772043, 527589.0365175237], [164597.98546423783, 527603.1662097074], [164573.25346603093, 527588.2040583768], [164529.84257465307, 527514.8263349438], [164563.09971444652, 527445.6032367549], [164561.62645161088, 527399.4701376047], [164515.58361591492, 527431.7176856522], [164516.62683823964, 527611.8270768764], [164532.00533211668, 527627.8985972047], [164659.16693638643, 527633.4196465798], [164683.67873727987, 527600.9801810829]]]}}, {"type": "Feature", "properties": {"rule": "mudflat_perimeter", "coast_clear_m": 30.0, "inset_ratio": 0.1, "site": "jebu"}, "geometry": {"type": "Polygon", "coordinates": [[[167361.14695495684, 527618.0395014068], [167257.3848476554, 527623.7181448948], [167176.19991449988, 527585.2462466182], [167076.68125684257, 527575.3885519321], [166983.5997827006, 527540.4774630786], [166802.33918318208, 527519.575952152], [166725.9926105425, 527531.2106041712], [166544.17730609493, 527508.1096872548], [166388.73025463973, 527520.8513906742], [166280.0839942487, 527454.2645729501], [166124.8625998438, 527441.2274779045], [165962.73043670764, 527380.4152607846], [165790.49875784243, 527392.1764005981], [165697.73816524158, 527330.9735094233], [165607.5377410684, 527350.5186303145], [165521.99504484644, 527282.8273686176], [165403.6439669293, 527238.8186314943], [165281.75291162834, 527239.4881975406], [165228.63559390808, 527320.1201674888], [165205.1992618572, 527307.0604402858], [165210.6917625326, 527264.9860017109], [165190.8043154784, 527238.9379871966], [165109.42732843795, 527223.9640573512], [164980.6045523628, 527146.1061261339], [164954.92652658044, 527157.2352490836], [164982.97659827786, 527221.1776786782], [164947.3603878618, 527331.1665659911], [164950.73090938872, 527436.7461282396], [165027.9307869945, 527463.3825694636], [165029.26090931246, 527525.2904828633], [164901.43800570612, 527585.8390674394], [164823.95595689298, 527573.6353989495], [164758.04492380508, 527614.0854223602], [164778.98760745372, 527616.6663243134], [164779.06330551254, 527633.7521296255], [164935.39555682478, 527634.0334616619], [165032.97457575967, 527597.3199736774], [165074.2532281861, 527560.6847791063], [165090.6424976218, 527458.5097354274], [165065.26544762577, 527419.9868544711], [165009.2914811432, 527395.5633574803], [165004.48735204438, 527338.8873629629], [165038.36058141937, 527247.9165866084], [165143.8007528631, 527293.2264928776], [165166.9409022337, 527351.7126535466], [165218.62814117142, 527376.484303727], [165277.85412302904, 527360.813633484], [165318.10559381044, 527297.4865676676], [165392.6059574702, 527297.1936361891], [165494.4581468727, 527333.127145767], [165523.44433651245, 527371.3601543233], [165594.85894332998, 527406.3425772554], [165693.6542118631, 527391.2800491512], [165728.62819071143, 527427.0453793665], [165793.22386811703, 527450.2151735342], [165872.77936305487, 527430.6590408037], [165953.2034716277, 527437.1865303621], [166113.74217774207, 527497.3826306195], [166261.20634041927, 527508.5853583768], [166376.45246278655, 527576.7649023809], [166544.3804862678, 527567.4900203593], [166590.11378780412, 527581.2654795381], [165887.94109956798, 527581.8262268102], [165849.30905574848, 527602.4956583834], [165836.32963884936, 527638.8171908123], [167390.3652643868, 527638.4344668788], [167361.14695495684, 527618.0395014068]]]}}, {"type": "Feature", "properties": {"rule": "mudflat_perimeter", "coast_clear_m": 30.0, "inset_ratio": 0.1, "site": "jebu"}, "geometry": {"type": "Polygon", "coordinates": [[[164927.7100841024, 523978.86789526936], [164837.5067792143, 524131.72136311635], [164895.34375276492, 524262.7048937868], [164944.68391657056, 524284.57714065537], [165039.202828084, 524268.1699779385], [164968.3922833479, 524135.0311540238], [165046.86424807366, 524021.38000820926], [165032.51375983242, 523994.3489073577], [164977.97606596566, 523969.4307154411], [164927.7100841024, 523978.86789526936]]]}}, {"type": "Feature", "properties": {"rule": "mudflat_perimeter", "coast_clear_m": 30.0, "inset_ratio": 0.1, "site": "jebu"}, "geometry": {"type": "Polygon", "coordinates": [[[165910.1264669001, 503097.00473581883], [165965.37090248562, 503102.6691380145], [166061.96210126477, 503163.9583700991], [166188.20913358554, 503161.6172456896], [166245.87641795774, 503113.8281613764], [166316.56376253295, 502937.553311564], [166410.43747202566, 502865.74868066004], [166601.88840076252, 502822.3037360974], [166788.6600382874, 502868.74138415547], [167028.24403255497, 502810.032369424], [167245.3998461045, 502836.48325379123], [167302.8786130679, 502794.31558920507], [167377.5718782613, 502693.44268597045], [167681.18105976714, 502661.2717954862], [167881.94973026233, 502612.2460262043], [168008.23997049965, 502558.90146063175], [168203.03294299368, 502413.7409809931], [168310.6470788349, 502362.7531762315], [168534.23284443782, 502368.14946315705], [168600.71761296468, 502246.3513390514], [168649.7015784004, 502196.8785554714], [168992.87459978447, 501961.5843045198], [169145.8915464004, 501903.550915777], [169334.74533557257, 501915.0288126772], [169421.47630336133, 501842.84860055207], [169501.93893524303, 501815.2905702617], [169606.2638011807, 501668.22337190836], [169613.25725299507, 501525.35768251447], [169674.0086290667, 501453.94262897584], [169706.99027712323, 501452.91797744745], [169776.92331362993, 501530.80396638776], [169829.7914865404, 501549.16921405494], [170200.53929010127, 501395.8359157161], [170233.32107477653, 501356.6473853183], [170256.26327351178, 501247.8074926059], [170338.08017961326, 501188.2116719137], [170339.965739475, 501130.40225330065], [170306.04429497675, 501128.37548125465], [170222.50065529533, 501175.1520401321], [170059.46569257058, 501139.71614033857], [169915.26182007167, 501189.9350185888], [169796.46739577732, 501155.88368620974], [169768.53289258797, 501170.84388247813], [169724.3493432739, 501244.67062990816], [169716.53244577703, 501363.57966511225], [169691.61936044076, 501400.24589389603], [169631.8344750946, 501338.4813846429], [169587.62472236936, 501319.6738716838], [169532.48290971672, 501345.82763243536], [169477.10799730333, 501413.85527662677], [169403.49681111416, 501432.18231995753], [169261.80439596152, 501394.69551875175], [168878.0195271494, 501471.87205280754], [168084.7101065444, 501520.36007849406], [167970.2381970226, 501581.26738530153], [167922.55200628086, 501680.0838861467], [167826.40230705097, 501709.4372341373], [167771.67809155578, 501778.85304554296], [167579.19371305645, 501845.2431511673], [167455.4705796587, 501776.69425894134], [167398.99974281865, 501771.00516415713], [167273.49885496782, 501786.8633957484], [167060.2725630409, 501858.3792797905], [166872.24273562437, 501871.67120558274], [166604.5566333263, 501842.0316217799], [166487.65296801698, 501885.81654296705], [166422.20073761966, 501949.41891191853], [166213.09562909143, 501980.0492691809], [165693.9508351344, 501988.3678170376], [165513.5892864918, 501931.8150892786], [165430.85594852868, 501945.57387602597], [165334.04129301853, 502018.04047170305], [165286.04454592892, 502218.0447043957], [165308.0342522288, 502275.01180710085], [165465.14094297405, 502390.04802800185], [165464.36545478992, 502434.19097373827], [165299.73883998778, 502668.8663129972], [165146.44674777327, 502732.64259034314], [165041.71643026356, 502812.94265279116], [164993.82130512805, 502886.4391780776], [164996.85940004518, 502987.01040404825], [165059.201689463, 503053.3282804835], [165116.0560364636, 503074.5275120782], [165259.0510827008, 503072.2895074195], [165390.25540333538, 503018.54910032736], [165467.37144631858, 503025.1736028074], [165657.88015487028, 503089.25382710714], [165719.0490924056, 503166.3917886483], [165808.7009847989, 503205.12702647457], [165868.4957937453, 503208.57391553174], [165910.1264669001, 503097.00473581883]]]}}, {"type": "Feature", "properties": {"rule": "mudflat_perimeter", "coast_clear_m": 30.0, "inset_ratio": 0.1, "site": "jebu"}, "geometry": {"type": "Polygon", "coordinates": [[[165543.98882755564, 530404.0027132164], [165476.49799249176, 530347.7574554269], [165403.6917793756, 530356.7993651027], [165355.10054806888, 530420.0875046103], [165358.50311989617, 530501.4423623821], [165434.3316854683, 530562.3678499797], [165517.89669327895, 530550.212608168], [165558.0165503402, 530485.3875356546], [165543.98882755564, 530404.0027132164]]]}}, {"type": "Feature", "properties": {"rule": "mudflat_perimeter", "coast_clear_m": 30.0, "inset_ratio": 0.1, "site": "jebu"}, "geometry": {"type": "Polygon", "coordinates": [[[166653.45201446806, 496830.4141561047], [166787.1493271432, 496852.1659429982], [166854.16549305953, 496783.8824594843], [167158.76875139534, 496609.27589998447], [167434.2491294479, 496331.98504670267], [167517.06638222924, 496303.8498731392], [167541.88811466523, 496247.0546912907], [167717.1011569846, 496146.9814700801], [167785.15344935647, 496076.40710167156], [167830.2097152719, 496055.35285277845], [167852.6431238407, 496029.53326144675], [167835.129410987, 495963.9015219962], [167846.86461151342, 495928.44226257777], [167954.4194746295, 495880.2002812563], [168025.46352664038, 495793.6871547748], [168176.43822497266, 495706.35507441923], [168278.68694446675, 495529.9903994447], [168432.59544629738, 495429.46799369605], [168545.21831534192, 495266.57205932634], [168643.13013072888, 495170.1227470039], [168721.38267809106, 495121.26407126564], [168830.98267065818, 494974.3057202471], [168894.54522741094, 494927.7630181812], [169042.27038901966, 494615.2165479904], [169174.34569799746, 494444.9782414057], [169417.4811883231, 494320.5786463189], [169435.06091177737, 494235.940716862], [169508.90190692095, 494144.2350744886], [169622.89386922403, 493789.8491782291], [169614.87320984848, 493664.41894850926], [169583.0277134927, 493595.2430498807], [169609.34058700592, 493420.65544893296], [169569.5141751826, 493320.43426292], [169603.8799071245, 493236.64881472447], [169504.85568755848, 493133.3082515767], [169468.62575383257, 492901.27566159837], [169420.57048541296, 492890.85834270145], [169181.19945087502, 493010.74439177895], [169013.29153796076, 493048.4062729781], [168855.3781159518, 493054.39980577084], [168709.96398086587, 493130.7249979123], [168581.2526994195, 493172.5859015264], [168520.09848896114, 493262.5581806114], [168499.5501063223, 493385.1995315964], [168349.37080506847, 493497.9271143878], [168340.64157286476, 493652.5382944455], [168287.08947555945, 493737.7634873096], [168001.1910514702, 493877.45264946943], [167860.1342014701, 494157.573037806], [167734.59852930615, 494301.44607405417], [167607.47088091864, 494522.54123962973], [167291.82161192436, 494715.67016340856], [167130.5548030995, 494912.0453619208], [166915.9465344639, 495112.54843095946], [166739.9816824446, 495122.099146482], [166563.17585975048, 495171.6353464009], [166379.25180308346, 495308.52841289656], [166048.73512511325, 495471.58994325274], [165973.74870438263, 495485.5140096968], [165910.55205841028, 495474.5750026383], [165807.7368113944, 495357.7008101035], [165752.1807328921, 495367.59591595683], [165707.67225980785, 495401.2834752126], [165724.33271753826, 495467.26748904935], [165822.91509671434, 495554.34733939497], [165827.82268942212, 495597.0162637745], [165742.00889166602, 495727.9086603718], [165675.50939036073, 495950.5269640822], [165581.43614895944, 496038.74256287614], [165570.39892973707, 496172.3323246759], [165453.9807134661, 496442.90372302994], [165467.246237209, 496546.1903050701], [165514.29978970243, 496666.7516495894], [165620.5349465996, 496728.3657959193], [165797.46751944456, 496764.15305500076], [166019.28168694902, 496871.8270815688], [166165.52513968106, 496837.02570834913], [166264.68575975497, 496867.9891058372], [166467.85339980852, 496881.07397695247], [166653.45201446806, 496830.4141561047]]]}}, {"type": "Feature", "properties": {"rule": "mudflat_perimeter", "coast_clear_m": 30.0, "inset_ratio": 0.1, "site": "jebu"}, "geometry": {"type": "Polygon", "coordinates": [[[165667.93836071432, 502714.409006955], [165587.3354224963, 502636.52353021485], [165531.1144555166, 502655.47474543354], [165507.77062953077, 502707.372118355], [165527.009765796, 502763.6063963246], [165583.14603546812, 502789.265199681], [165645.2475007155, 502768.882022729], [165667.93836071432, 502714.409006955]]]}}, {"type": "Feature", "properties": {"rule": "mudflat_perimeter", "coast_clear_m": 30.0, "inset_ratio": 0.1, "site": "jebu"}, "geometry": {"type": "Polygon", "coordinates": [[[165615.21262559705, 502093.1093317871], [165530.68397439976, 502172.9786137833], [165518.48908808638, 502278.3956781559], [165538.50415224518, 502330.6446657167], [165587.16946727806, 502348.34988697263], [165584.58010214398, 502394.74310963205], [165615.32367812083, 502433.66809656], [165727.44423064834, 502493.5146296199], [165826.26435813302, 502489.8509232], [165885.42670841608, 502457.05478508293], [165902.5499984503, 502396.61009177065], [165836.05892654063, 502204.8385064354], [165685.46562084113, 502089.1256702165], [165615.21262559705, 502093.1093317871]]]}}, {"type": "Feature", "properties": {"rule": "mudflat_perimeter", "coast_clear_m": 30.0, "inset_ratio": 0.1, "site": "jebu"}, "geometry": {"type": "Polygon", "coordinates": [[[165540.2778877506, 512271.76364491857], [165588.6336589577, 512260.9885685834], [165558.67544881772, 512224.0203997852], [165612.42119896068, 512209.7613302994], [165594.24248375758, 512264.0686442199], [165625.251951947, 512217.3364897586], [165661.34956590825, 512199.7343912474], [165619.51256476954, 512179.24130322307], [165560.30036861918, 512195.21725614043], [165534.35612049082, 512230.5238589263], [165540.2778877506, 512271.76364491857]]]}}, {"type": "Feature", "properties": {"rule": "mudflat_perimeter", "coast_clear_m": 30.0, "inset_ratio": 0.1, "site": "jebu"}, "geometry": {"type": "Polygon", "coordinates": [[[165649.19337071615, 512628.3505363149], [165668.8137619909, 512657.4656114608], [165642.46124405577, 512636.30241626664], [165568.8793171195, 512669.6629254847], [165625.63957174326, 512756.642135703], [165687.57136210988, 512650.3643871324], [165667.42848622636, 512596.31403048296], [165649.19337071615, 512628.3505363149]]]}}, {"type": "Feature", "properties": {"rule": "mudflat_perimeter", "coast_clear_m": 30.0, "inset_ratio": 0.1, "site": "jebu"}, "geometry": {"type": "Polygon", "coordinates": [[[165660.55746768875, 512711.1537073579], [165630.2602278055, 512773.58008036163], [165605.84011468623, 512800.894110168], [165661.74338989338, 512775.78788474394], [165660.55746768875, 512711.1537073579]]]}}, {"type": "Feature", "properties": {"rule": "mudflat_perimeter", "coast_clear_m": 30.0, "inset_ratio": 0.1, "site": "jebu"}, "geometry": {"type": "Polygon", "coordinates": [[[165652.74481846823, 530627.3110890953], [165706.26138959912, 530637.1902035851], [165745.98350273038, 530607.7397533767], [165750.4908376004, 530557.5320935822], [165717.20181153915, 530517.0905210121], [165672.6482109036, 530512.6024925513], [165633.34538363147, 530546.6699990373], [165625.37327755438, 530588.76458317], [165652.74481846823, 530627.3110890953]]]}}, {"type": "Feature", "properties": {"rule": "mudflat_perimeter", "coast_clear_m": 30.0, "inset_ratio": 0.1, "site": "jebu"}, "geometry": {"type": "Polygon", "coordinates": [[[165722.03012080252, 510645.07003434276], [165874.87709272007, 510731.9747410026], [165918.02586873787, 510971.16577108274], [165959.04610202307, 511037.27931512706], [166067.1543495372, 511136.91091668047], [166105.16881571038, 511277.8858710633], [166204.02948122122, 511387.23286401574], [166272.97941926765, 511515.43480975315], [166369.14365750246, 511587.2113492383], [166429.90933077523, 511588.16672109556], [166467.60619086, 511568.13813308], [166513.7843427266, 511494.9264844447], [166500.22207524284, 511387.17546687066], [166427.89940160807, 511212.20545021596], [166329.70423583876, 511075.3694239991], [166291.00261041732, 510923.0493076497], [166209.18305213164, 510822.2012031478], [166112.38284966812, 510611.3027305602], [165977.90656203587, 510465.33409045474], [165911.447160736, 510433.4469309892], [165825.5451230795, 510425.90880424436], [165750.61806985136, 510466.5938649125], [165701.72810762862, 510559.4286901667], [165722.03012080252, 510645.07003434276]]]}}, {"type": "Feature", "properties": {"rule": "mudflat_perimeter", "coast_clear_m": 30.0, "inset_ratio": 0.1, "site": "jebu"}, "geometry": {"type": "Polygon", "coordinates": [[[169166.17372786655, 528290.5148861732], [168835.16079070888, 527867.9377259397], [168640.41214882606, 527736.8823470101], [168518.62812958687, 527691.4824433206], [168400.9895831566, 527666.0944037985], [168157.83076790292, 527667.3472061491], [168209.03708300812, 527728.1243079405], [168447.26396367277, 527785.4230301899], [168626.68273973884, 527863.8536379503], [168680.06643230622, 527913.8635762958], [168773.75443538665, 527920.1600944747], [168780.28986845518, 527998.9621243096], [168847.1583488685, 528047.5386438523], [168861.45825069808, 528116.0979336994], [168839.9865425226, 528200.2762394939], [168794.63720800175, 528274.5027096221], [168734.80292809726, 528248.6945097395], [168716.24147761537, 528189.1552789231], [168621.76008417626, 528158.3394139039], [168540.23246627033, 528104.6708954377], [168391.389785129, 528070.0164439756], [168045.37645888847, 527928.9277928799], [167722.05973012987, 527830.3239413613], [167566.8587927443, 527724.0287153339], [167533.5705171987, 527659.5950929649], [166411.9218812122, 527659.5492229013], [166402.63131004525, 528468.1336595352], [165775.56517077988, 528475.9691118717], [165796.2145569139, 528514.611873982], [165832.5293506146, 528527.6101330773], [166398.97008571625, 528527.4950557383], [166446.64098677752, 528504.7425835576], [166460.89519092045, 528454.2394940616], [166458.54754456665, 527716.864707739], [167406.29295745605, 527716.8363666367], [167431.0829568195, 527722.6847951984], [167407.9457598383, 527756.3064193412], [167412.35687859633, 527795.4306166942], [167465.08538615608, 527849.1159423579], [167533.3939999577, 527845.0898638995], [167567.09501100643, 527791.9769806719], [167726.46314005245, 527895.323969777], [168020.32334602188, 527982.0038873735], [168373.5459376828, 528124.4100288224], [168517.27415480858, 528157.27951617], [168595.00676602387, 528208.9489479068], [168674.41498025187, 528233.7649358286], [168690.226384049, 528284.6110335813], [168758.03400524415, 528330.8383568232], [168830.27371384634, 528319.3034285377], [168890.58590702136, 528227.0487865614], [168918.69919323782, 528131.8351532954], [168902.0414585885, 528031.4667885199], [169098.2122028271, 528284.7879714974], [169166.17372786655, 528290.5148861732]]]}}, {"type": "Feature", "properties": {"rule": "mudflat_perimeter", "coast_clear_m": 30.0, "inset_ratio": 0.1, "site": "jebu"}, "geometry": {"type": "Polygon", "coordinates": [[[165813.5337783047, 536793.3456996323], [167467.58431069227, 536806.0184817729], [167183.6300441001, 538714.1008851348], [167254.94207231866, 538685.9814077895], [167247.67873301037, 538748.4860245797], [167172.51051166272, 538791.1256843114], [167164.1772632163, 538840.1375396494], [167168.96351709406, 538887.366559588], [167267.14540721255, 539013.2109907111], [167239.24976468418, 539056.6149831464], [167283.99469342208, 539098.2216999655], [167320.58999510377, 539031.0340297255], [167340.9989287975, 539030.638058807], [167384.34318397308, 538617.9359129096], [167410.0779010034, 538595.7106454555], [167653.17905282232, 537082.0415238832], [167530.7478144816, 537061.1314718337], [167544.28070447978, 536980.911488155], [167667.67272308667, 537001.2867348563], [167849.83699456963, 536038.0683353161], [168035.0316609947, 535253.8049799972], [168226.682929494, 534901.6444695877], [168220.85583954566, 534848.3697540986], [168193.95219052723, 534834.3501722728], [168226.59629575984, 534834.5752795899], [168259.67331378418, 534774.2089502632], [168291.86159822886, 534817.461430763], [168675.94888565323, 534412.4352351774], [168560.95547761102, 534388.3596128412], [168497.91483181983, 534425.1951010367], [168447.39511364687, 534357.2044742139], [168247.0915644254, 534313.2700754482], [168067.92474758372, 534314.340098389], [167820.17312623165, 534395.430227199], [167637.80504277593, 534539.5777109385], [166790.8502227701, 533973.523619476], [166955.20099920093, 533652.1005400243], [167037.46112561153, 533354.4189695143], [167060.1851447384, 533120.0074937858], [167018.34535763453, 532732.4110057453], [166991.44869684614, 532736.5144557122], [167015.14043129326, 532719.1029150212], [167000.86425674718, 532661.086143177], [166295.18330403473, 531744.6205268878], [166065.65887628726, 531404.5530045115], [165954.10180757777, 531297.3355941597], [165979.74026846813, 531256.0899516534], [165963.62054768248, 531256.0971213863], [165917.98275211852, 531293.2686976703], [165925.70386900209, 531346.6843769309], [166019.88850843188, 531439.2725419279], [166250.17967647742, 531780.0004430952], [166947.60250965893, 532684.1247845953], [166934.4220042671, 532741.5165850244], [166969.2283905279, 532789.2516528227], [167002.84878745468, 533119.9311096356], [166980.94319013346, 533345.0089379387], [166901.8543119525, 533631.2865311418], [166735.76947538974, 533954.5578288978], [166746.57844433148, 534009.8151418751], [167621.36606898025, 534594.4122356898], [167672.13408515454, 534586.384757182], [167771.22028644255, 534495.3044691021], [167873.34483731826, 534432.4271698683], [168075.25642535713, 534371.1438544841], [168239.73636196274, 534370.0769074406], [168393.964656856, 534402.6136180157], [168463.97891555715, 534473.5172197857], [168532.56670167338, 534480.4801952789], [168299.80594559663, 534725.9634319899], [168236.31163879985, 534721.9471371863], [168146.0504993825, 534803.0054287001], [168136.05834911848, 534852.9930626946], [168165.77024285772, 534893.9071188138], [167980.703763656, 535235.7621272595], [167794.16636320134, 536024.7324526226], [167621.34862406104, 536935.6165614667], [167542.43394545227, 536923.6956298179], [167507.23230987025, 536937.3142186499], [167523.495916275, 536793.7320125761], [167470.03758610963, 536745.4202170855], [165871.3856801192, 536736.7127817774], [165830.7306678858, 536753.0477195346], [165813.5337783047, 536793.3456996323]]]}}, {"type": "Feature", "properties": {"rule": "mudflat_perimeter", "coast_clear_m": 30.0, "inset_ratio": 0.1, "site": "jebu"}, "geometry": {"type": "Polygon", "coordinates": [[[165843.7343672104, 513978.1671171448], [165878.16487123774, 513932.6981067842], [165910.13429168295, 513951.7684516224], [165950.61409136333, 513941.0191014907], [166000.36306645002, 513983.90968078666], [166031.1530184177, 513973.8302271242], [166058.87350076973, 513928.41091162077], [166078.54332454313, 513932.77125953714], [166090.9866672985, 513985.94512973167], [166096.11613287975, 513953.7962328741], [166082.79330289783, 513923.34837155166], [166054.7998492081, 513905.43366786], [166003.9880383792, 513915.53591465426], [165863.57199615354, 513881.83874199435], [165815.4087773137, 513925.06361490465], [165821.62529643907, 513968.4342858839], [165843.7343672104, 513978.1671171448]]]}}, {"type": "Feature", "properties": {"rule": "mudflat_perimeter", "coast_clear_m": 30.0, "inset_ratio": 0.1, "site": "jebu"}, "geometry": {"type": "Polygon", "coordinates": [[[165972.58809936972, 514337.6015892575], [166010.86916059937, 514228.7277438814], [165970.1559195925, 514168.52297420223], [165947.48277458962, 514205.14437198977], [165949.44129557756, 514296.86044032034], [165972.58809936972, 514337.6015892575]]]}}, {"type": "Feature", "properties": {"rule": "mudflat_perimeter", "coast_clear_m": 30.0, "inset_ratio": 0.1, "site": "jebu"}, "geometry": {"type": "Polygon", "coordinates": [[[166084.47998494364, 495179.9447099924], [166063.05731387885, 495157.61752170767], [165993.6855619882, 495149.78306680697], [165951.83775076608, 495181.03047370445], [165948.83257405405, 495216.37622371945], [165980.69518877118, 495247.17357902974], [166023.80365789673, 495248.2989058668], [166082.59207422344, 495209.5321098952], [166084.47998494364, 495179.9447099924]]]}}, {"type": "Feature", "properties": {"rule": "mudflat_perimeter", "coast_clear_m": 30.0, "inset_ratio": 0.1, "site": "jebu"}, "geometry": {"type": "Polygon", "coordinates": [[[166032.3837414626, 514342.50472094526], [166061.6275039405, 514306.827159657], [166067.95600211876, 514224.4665833], [166025.63177738988, 514161.79363190715], [166032.3837414626, 514342.50472094526]]]}}, {"type": "Feature", "properties": {"rule": "mudflat_perimeter", "coast_clear_m": 30.0, "inset_ratio": 0.1, "site": "jebu"}, "geometry": {"type": "Polygon", "coordinates": [[[166163.07750928876, 512641.9979800394], [166274.91563460685, 512681.76143289404], [166394.7472639101, 512631.0776347225], [166472.07602041733, 512506.4713209775], [166464.7230522572, 512439.6530303353], [166433.45863922776, 512386.9581110145], [166376.23522709802, 512346.0747440067], [166303.8732671144, 512334.6530505873], [166168.5170556435, 512384.26650223107], [166122.2920558011, 512439.5000957724], [166103.99391839237, 512523.82874534675], [166118.49953326062, 512584.1208088159], [166163.07750928876, 512641.9979800394]]]}}, {"type": "Feature", "properties": {"rule": "mudflat_perimeter", "coast_clear_m": 30.0, "inset_ratio": 0.1, "site": "jebu"}, "geometry": {"type": "Polygon", "coordinates": [[[166141.5094949967, 506777.37661855685], [166157.46767928015, 506755.7330836714], [166173.17304193103, 506707.1662201304], [166146.58554888095, 506735.46293427964], [166141.5094949967, 506777.37661855685]]]}}, {"type": "Feature", "properties": {"rule": "mudflat_perimeter", "coast_clear_m": 30.0, "inset_ratio": 0.1, "site": "jebu"}, "geometry": {"type": "Polygon", "coordinates": [[[166257.70850056745, 514743.1070498158], [166264.13357888855, 514732.06016683154], [166261.15134794204, 514680.73461479554], [166276.9073852859, 514677.2908672317], [166280.88559434382, 514719.63160691975], [166235.25180022517, 514820.98430288857], [166201.27816462165, 514854.7518254299], [166199.42815639658, 514893.46085920325], [166229.21106725273, 514929.42446050886], [166275.74894032459, 514939.45027383644], [166330.25415776926, 515013.8279607683], [166368.1941602333, 515186.87226072466], [166437.12434529705, 515240.6106763239], [166474.42006266105, 515300.0972449326], [166598.05887781712, 515249.1246473113], [166596.6446130724, 515149.92776423064], [166565.64327386915, 515061.8996801187], [166545.85627279052, 514888.4491910292], [166517.55125460136, 514821.26134551386], [166447.55703933048, 514751.4320468022], [166450.25430035175, 514671.14548875525], [166404.8211843383, 514607.9748966765], [166421.67991265235, 514499.0567296395], [166402.38888710752, 514383.6518025743], [166351.2150384912, 514307.7915104742], [166270.3316384087, 514273.2313077329], [166232.48408305665, 514285.8212917879], [166204.46197469337, 514329.2883613107], [166184.28109144777, 514473.62749417295], [166257.70850056745, 514743.1070498158]]]}}, {"type": "Feature", "properties": {"rule": "mudflat_perimeter", "coast_clear_m": 30.0, "inset_ratio": 0.1, "site": "jebu"}, "geometry": {"type": "Polygon", "coordinates": [[[166186.27924542106, 506703.94595262536], [166198.6576908378, 506798.6402783209], [166247.70979783093, 506954.05788874696], [166286.7366176035, 506899.2486016868], [166254.1613643208, 506742.39004103927], [166226.88466729704, 506708.1024046276], [166186.27924542106, 506703.94595262536]]]}}, {"type": "Feature", "properties": {"rule": "mudflat_perimeter", "coast_clear_m": 30.0, "inset_ratio": 0.1, "site": "jebu"}, "geometry": {"type": "Polygon", "coordinates": [[[166531.9931723557, 513714.53999062104], [166546.4516179528, 513838.31497679185], [166578.74142811805, 513884.17336491327], [166628.13867477715, 513888.30603770446], [166672.40471479588, 513852.20979399147], [166691.0310693137, 513814.22086941963], [166693.31831733292, 513728.9472864974], [166662.12845352755, 513660.7770632488], [166610.14867345337, 513637.1253921499], [166551.32512300822, 513666.8109993946], [166531.9931723557, 513714.53999062104]]]}}, {"type": "Feature", "properties": {"rule": "mudflat_perimeter", "coast_clear_m": 30.0, "inset_ratio": 0.1, "site": "jebu"}, "geometry": {"type": "Polygon", "coordinates": [[[167004.85914056556, 508505.8140053329], [166773.89403171753, 508538.7779723681], [166589.39451398826, 508641.90015498904], [166618.1574796128, 508667.5986138828], [166656.6944824458, 508669.21675901813], [166791.2041938609, 508593.36074429523], [166973.01318926454, 508564.1440219039], [167001.3644399063, 508537.9920512692], [167004.85914056556, 508505.8140053329]]]}}, {"type": "Feature", "properties": {"rule": "mudflat_perimeter", "coast_clear_m": 30.0, "inset_ratio": 0.1, "site": "jebu"}, "geometry": {"type": "Polygon", "coordinates": [[[166636.88484253315, 514140.8988074452], [166660.54411359096, 514108.25044392707], [166717.916573094, 514118.3513149699], [166723.5860284216, 514051.5373616211], [166633.11226915594, 514067.2867839754], [166615.0966266815, 514112.80239167745], [166636.88484253315, 514140.8988074452]]]}}, {"type": "Feature", "properties": {"rule": "mudflat_perimeter", "coast_clear_m": 30.0, "inset_ratio": 0.1, "site": "jebu"}, "geometry": {"type": "Polygon", "coordinates": [[[166991.43814899077, 508580.64951137756], [166934.044257079, 508593.70614335506], [166870.274461922, 508694.56947052083], [166885.62532641465, 508760.95451359265], [166940.36306082708, 508801.3172908252], [167010.15334660804, 508786.4295869102], [167045.7627447902, 508740.9114627441], [167037.8669626702, 508617.16259126307], [166991.43814899077, 508580.64951137756]]]}}, {"type": "Feature", "properties": {"rule": "mudflat_perimeter", "coast_clear_m": 30.0, "inset_ratio": 0.1, "site": "jebu"}, "geometry": {"type": "Polygon", "coordinates": [[[167319.82426798908, 508471.5407360672], [167430.07701024972, 508554.6650315539], [167479.36993122142, 508545.1515139853], [167509.2198166886, 508514.21218107804], [167513.57476471172, 508474.1794354681], [167479.9339990087, 508431.4923415945], [167366.56235767744, 508400.6214656873], [167329.23326376628, 508425.6908545741], [167319.82426798908, 508471.5407360672]]]}}, {"type": "Feature", "properties": {"rule": "mudflat_perimeter", "coast_clear_m": 30.0, "inset_ratio": 0.1, "site": "jebu"}, "geometry": {"type": "Polygon", "coordinates": [[[167486.22475246497, 510463.70467289427], [167498.29289421064, 510570.40197306825], [167522.8949306051, 510602.6542767728], [167566.05041881104, 510610.2215780709], [167614.1643598815, 510585.06395862804], [167634.50330872615, 510540.53799902974], [167609.45028170972, 510434.0423592859], [167561.97793419717, 510404.96780255664], [167510.1089780184, 510417.97282934684], [167486.22475246497, 510463.70467289427]]]}}, {"type": "Feature", "properties": {"rule": "mudflat_perimeter", "coast_clear_m": 30.0, "inset_ratio": 0.1, "site": "jebu"}, "geometry": {"type": "Polygon", "coordinates": [[[167943.9306964582, 509951.10230616503], [167770.1316109341, 509980.3194723364], [167487.73010544755, 509978.9502286041], [167506.5537753585, 510016.19488487695], [167541.1812446404, 510033.1848040104], [167773.81647263566, 510037.4464078257], [167916.4720084895, 510006.324860176], [167941.43222654864, 510058.5222696332], [167987.27990994256, 510084.0455874936], [168042.29541458556, 510076.5198570488], [168075.03724547318, 510042.0332042339], [168075.0842674908, 509993.10754964774], [168034.82550947365, 509933.36466614757], [167941.28605949058, 509869.7094563851], [167778.05276394234, 509901.84300125146], [167547.93223030318, 509896.49755466793], [167491.9307069827, 509926.04136002896], [167524.8139040758, 509958.2257131154], [167769.10197541042, 509959.71954166546], [167928.69112361252, 509925.55238390854], [167986.76011079535, 509964.9029516082], [168022.58905766884, 510019.0930089383], [167983.8792522718, 510020.11244053417], [167943.9306964582, 509951.10230616503]]]}}, {"type": "Feature", "properties": {"rule": "mudflat_perimeter", "coast_clear_m": 30.0, "inset_ratio": 0.1, "site": "jebu"}, "geometry": {"type": "Polygon", "coordinates": [[[167787.28733458798, 504772.8016970656], [167799.91960611913, 504810.9644234072], [167843.08785252724, 504837.00770262553], [167885.4069741798, 504827.7805831773], [167910.6610704164, 504786.6991393915], [167898.07850154466, 504735.6353468066], [167858.8193672172, 504711.6860769592], [167811.19237500476, 504723.84578180633], [167787.28733458798, 504772.8016970656]]]}}, {"type": "Feature", "properties": {"rule": "mudflat_perimeter", "coast_clear_m": 30.0, "inset_ratio": 0.1, "site": "jebu"}, "geometry": {"type": "Polygon", "coordinates": [[[168112.8650077573, 529578.7879608753], [168150.76187007743, 529552.8365963408], [168241.4731936967, 529661.4914815134], [170514.47166583277, 532610.9057189425], [170935.2673640289, 532307.4483672618], [171022.24232949442, 532264.6734002335], [171936.299487246, 532056.3323164709], [171884.99212841666, 531769.7502676996], [169380.71303154618, 528556.4747541783], [169359.06644870163, 528594.5678724857], [169370.6959054544, 528636.8102202764], [171835.72638019428, 531806.7913122944], [171881.0916168239, 532014.0709814487], [171001.15912768347, 532211.4515666916], [170901.61907310446, 532261.1357611807], [170530.46646336664, 532535.7643142804], [168217.46285504356, 529540.609415347], [168185.27432718803, 529515.3681256883], [168146.704890157, 529515.7109202943], [168117.1077787476, 529540.4440959345], [168112.8650077573, 529578.7879608753]]]}}, {"type": "Feature", "properties": {"rule": "mudflat_perimeter", "coast_clear_m": 30.0, "inset_ratio": 0.1, "site": "jebu"}, "geometry": {"type": "Polygon", "coordinates": [[[171628.76791437704, 528644.0084517207], [171678.9997312127, 528497.0015868533], [171637.76884506608, 528427.5352991632], [171539.33787669, 528367.6947943163], [171493.6875588626, 528291.9077622321], [171390.70031116589, 528199.2800045607], [171243.55676095648, 528146.284154855], [171220.35030827092, 528064.4092712433], [171102.39887743033, 527934.5860340965], [170984.38916903271, 527930.774861139], [170725.4728404698, 527765.4013638111], [170680.05237734242, 527679.8685578238], [170578.29543527946, 527652.0240393035], [170552.66301284655, 527622.728498277], [170547.64444382617, 527549.7709381107], [170525.6768214588, 527521.2894877784], [170486.3568258801, 527532.0655445327], [170470.98321880875, 527607.4196312411], [170446.20384184393, 527628.2254269416], [170334.2221711554, 527528.8447324082], [170175.62754949366, 527583.1178762584], [170028.67782380944, 527582.6319739642], [169908.15848272314, 527543.1236215024], [169760.37519984588, 527551.3865358159], [169655.03455826637, 527506.4646991496], [169606.64743456917, 527437.4336911881], [169520.02328279085, 527376.4690069162], [169434.21047556066, 527401.1860747106], [169386.21391778978, 527468.7078318623], [169306.90789239545, 527465.0911262155], [169288.94866926115, 527491.8698222496], [169297.94401245183, 527551.3628306052], [169258.71885906655, 527572.3314047114], [169211.08867969608, 527559.4468323233], [169195.31679337178, 527498.8258634468], [169165.7175811584, 527487.4638650331], [169102.50333854044, 527576.2747409514], [169058.72064318936, 527598.287560421], [169008.6299568272, 527609.7282282135], [168908.6104145755, 527592.4841339627], [168879.72528449027, 527625.3132434387], [168791.7435176111, 527659.485154752], [168653.47705303028, 527590.2703500454], [168285.674212738, 527516.9774095038], [168240.03061689486, 527534.2626835696], [168204.33534802473, 527609.7638841422], [168166.6557175872, 527638.3603187974], [168282.96082538395, 527629.2350300075], [168523.5513979011, 527669.7128606664], [168743.48888661395, 527769.8198164124], [168932.7215676987, 527943.7280763187], [169189.1419948978, 528272.2622727493], [169207.44829304377, 528206.5626084756], [169112.10321802713, 528080.5907095581], [169174.72392537174, 528090.1260835247], [169217.04399875863, 528070.5081005057], [169237.1099388444, 528013.3461251351], [169216.85036273007, 527961.1548263682], [169155.07952786487, 527895.2063194627], [169096.7815057195, 527865.1795218738], [169036.97129442415, 527891.183461212], [169009.68870738018, 527949.666988797], [168948.83996766346, 527876.4318095401], [169010.55815090603, 527813.7354297354], [168982.24180557756, 527741.8303218465], [168924.43297703643, 527736.0663266901], [168869.30560142238, 527795.1099640632], [168771.21556978486, 527719.7369250772], [168621.66462639376, 527645.1402189335], [168795.403913158, 527716.6136631222], [168931.55935824045, 527652.7481576136], [169008.46329327943, 527666.9736401469], [169067.73784001975, 527655.65578787], [169164.74931962392, 527593.1973016434], [169221.55158374505, 527628.483379412], [169274.26296575705, 527627.4262838868], [169339.02566185576, 527592.6342817213], [169358.48941495636, 527528.1762441152], [169434.89705118773, 527508.2670836827], [169477.9763612051, 527449.57770167], [169521.80226519023, 527436.3677686291], [169619.693286712, 527551.4986806422], [169753.20697720046, 527608.1816196548], [169901.0867114685, 527601.894439173], [169992.15444033404, 527628.4329693211], [170035.53840196485, 527616.8145315273], [170069.45220373585, 527639.0294416385], [170174.41550289674, 527640.3506981984], [170325.0553031293, 527588.5515306772], [170404.63921608645, 527676.4384495969], [170456.83419899124, 527684.4754089068], [170506.34132170843, 527656.365884435], [170561.58712303545, 527710.7029446345], [170644.21713693553, 527729.180153912], [170591.6345333843, 527801.3815600263], [170596.70024431887, 527838.334265963], [170628.30051848054, 527870.4108455271], [170690.2392806234, 527879.6080999807], [170737.75794076416, 527837.4459470768], [170961.37175884505, 527983.1892083391], [171078.48707515388, 527988.5763896429], [171174.27552288197, 528099.0685129497], [171199.99384406046, 528164.7018863952], [171264.28694440256, 528215.7108925593], [171356.18755553773, 528245.3894694357], [171448.4252877049, 528327.4077032803], [171501.9707279855, 528411.06253765], [171620.2846376084, 528491.8943272732], [171592.31650374547, 528595.2854399654], [171628.76791437704, 528644.0084517207]]]}}, {"type": "Feature", "properties": {"rule": "mudflat_perimeter", "coast_clear_m": 30.0, "inset_ratio": 0.1, "site": "jebu"}, "geometry": {"type": "Polygon", "coordinates": [[[168523.36426464777, 489017.3086845909], [168649.57360418382, 489090.762908089], [168664.06270456343, 489220.79705388134], [168704.33366810207, 489304.77512172045], [168690.00881440847, 489361.1042095347], [168659.36402645044, 489395.7862168438], [168701.73432099796, 489434.8567679096], [168783.13065260113, 489430.7769148819], [168808.66599456707, 489447.1036957023], [168911.64514631525, 489616.2813377782], [168897.15315054177, 489735.2374099204], [168919.12193469185, 489735.6987348076], [169010.53034857163, 489726.30529325077], [169035.0167995171, 489702.1300804764], [169050.03076532428, 489621.1884450152], [169084.2175029901, 489578.5900141489], [169080.74606973375, 489517.324403607], [169128.48219256755, 489562.8308422725], [169122.0701692094, 489646.766219155], [169148.63542318766, 489712.58001838176], [169265.15325858106, 489728.216227745], [169325.22234164973, 489705.47586631216], [169408.35401312666, 489709.9722985261], [169580.67430028372, 489588.3308536039], [170000.74444753214, 489432.07671177783], [170076.84861434504, 489422.9867763496], [170376.84921761893, 489317.90269962297], [170663.39783434616, 489258.1026009692], [170916.3405006688, 489247.1012628168], [171018.38303606448, 489190.488895949], [171142.82851566252, 489169.8503126338], [171517.7445486458, 489129.4700350502], [171671.3720864088, 489168.7628262659], [171868.5620925397, 489136.8383179299], [172058.8937911627, 489154.60281452147], [172130.56082609156, 489119.7449888451], [172538.52377812658, 489157.160202842], [172680.0454214522, 489134.8799445628], [172988.84193709516, 489129.36436898354], [173064.99523733056, 489104.58598688676], [173172.08399188457, 489109.460397828], [173335.87363470497, 489016.1401421892], [173375.83605281258, 488913.96855016385], [173483.74084600192, 488872.82374114264], [173516.49676734218, 488818.0213634716], [173608.47663649407, 488821.35156324925], [173425.35414214619, 488434.92123511573], [173460.1410413, 487174.5222206985], [173285.19795016167, 487288.8780550838], [173280.5359508368, 487313.5180601028], [173185.11302149118, 487403.5010353497], [173115.3210447879, 487417.4200412403], [173082.8630037251, 487468.85499528225], [173049.43201469534, 488627.1909716544], [173122.60395272632, 488700.0110252329], [173190.1470208159, 488734.3059687698], [173252.69004563123, 488699.27600348927], [173314.50603777016, 488721.4990369206], [173284.2060807381, 488735.26001933566], [173322.8560668685, 488729.5330678091], [173317.19712576483, 488756.82898966083], [173341.67799662668, 488767.69502787956], [173344.613041473, 488742.00208235974], [173347.47691442276, 488768.5656858211], [173339.06196547332, 488789.34999363276], [173275.44479529344, 488795.88778016286], [173333.72157416178, 488814.7910476025], [173398.398394267, 488768.98915994307], [173382.66480253433, 488699.2337711435], [173265.15511261392, 488643.4039436626], [173199.17427726625, 488663.68538993626], [173160.19605031054, 488652.9322788224], [173107.57880104808, 488604.4045759457], [173139.52066204938, 487479.37547827803], [173222.41530822255, 487446.9245815979], [173403.10342851028, 487271.39377150405], [173368.2271831579, 488438.6057324912], [173518.28241039638, 488764.8103618788], [173475.39884175872, 488779.23128098977], [173448.37909364345, 488825.1227827499], [173339.15612374645, 488870.01803517406], [173295.7698674768, 488973.6537542215], [173157.67074266385, 489053.35044744733], [173057.36116160575, 489047.8516423326], [172988.95432876874, 489075.42211192305], [172928.8947527633, 489064.0754291538], [172958.40127070298, 489038.1460430301], [172964.55702986923, 489001.43399842543], [172875.69696253038, 489017.7089510051], [172850.60000242974, 489050.78007920063], [172797.75910148642, 489034.6250641741], [172800.43410528905, 489072.92166498647], [172531.460971609, 489099.93229697674], [172131.46733872322, 489062.7434489141], [172055.95487618304, 489096.05158708454], [171867.21077135098, 489079.60861501953], [171671.01246776525, 489110.37450882234], [171516.2704825996, 489072.24336213054], [171004.8676643661, 489134.893144043], [171019.76068612532, 489084.6590914686], [170996.57304605862, 489033.1641100758], [170958.57298605872, 489009.23737440567], [170911.0940803461, 489009.8864518515], [170873.1632670882, 489033.69249955914], [170851.40455733353, 489091.71947090136], [170879.77838212525, 489151.1032568247], [170953.16376445696, 489167.8951551789], [170921.41088788738, 489187.27213555], [170649.71664021746, 489202.51582294266], [170363.10795041712, 489262.330741408], [170058.83761214782, 489368.1777730723], [169985.2019678158, 489376.98137360456], [169554.4590713243, 489537.44051331456], [169389.67449671024, 489653.4493672439], [169183.42967036847, 489661.13170628046], [169178.1637205185, 489534.39124409284], [169121.5916513469, 489469.4746637202], [169067.73605096608, 489461.5767186701], [169020.15241025778, 489501.66525454103], [169023.85461284796, 489562.04313303734], [168995.74349957207, 489603.02370606], [168985.48904331616, 489668.392788623], [168953.77196445718, 489569.77954894776], [168852.99512335382, 489410.8822475649], [168801.78321423027, 489376.65532114304], [168744.57777596993, 489378.30130553426], [168760.85422687506, 489295.6926440768], [168718.97249130555, 489198.13495450193], [168697.1704785556, 489058.957208691], [168605.93553173798, 489000.4439847246], [168495.3328826695, 489017.3101251412], [168523.36426464777, 489017.3086845909]]]}}, {"type": "Feature", "properties": {"rule": "mudflat_perimeter", "coast_clear_m": 30.0, "inset_ratio": 0.1, "site": "jebu"}, "geometry": {"type": "Polygon", "coordinates": [[[168727.7468747733, 493489.7474175316], [168687.51899947374, 493435.89680265763], [168614.62108520116, 493416.40095219633], [168553.90023795777, 493457.85495021206], [168541.16851827037, 493510.5997453146], [168572.99738090002, 493585.4498530399], [168644.40894829927, 493608.95696448867], [168718.2972324052, 493561.45854060975], [168727.7468747733, 493489.7474175316]]]}}, {"type": "Feature", "properties": {"rule": "mudflat_perimeter", "coast_clear_m": 30.0, "inset_ratio": 0.1, "site": "jebu"}, "geometry": {"type": "Polygon", "coordinates": [[[168670.7698283665, 505396.43899738835], [168727.31649605377, 505496.9406924423], [168763.39201866594, 505514.64612359117], [168809.19329532134, 505508.62081029796], [168848.52094852872, 505469.29235381744], [168846.5093260173, 505388.8971364084], [168817.03381214602, 505312.0113385739], [168783.1157377449, 505282.71378004097], [168717.34827462764, 505283.5454479454], [168675.9990507793, 505324.5809393684], [168670.7698283665, 505396.43899738835]]]}}, {"type": "Feature", "properties": {"rule": "mudflat_perimeter", "coast_clear_m": 30.0, "inset_ratio": 0.1, "site": "jebu"}, "geometry": {"type": "Polygon", "coordinates": [[[168913.9402398437, 489022.8356921276], [168880.24300336823, 489070.46006445], [168878.75973044065, 489146.41273462697], [168949.17161538918, 489228.70961844106], [169014.06187067696, 489355.19207467523], [169100.50322270178, 489353.1853351296], [169128.07620399896, 489316.6273002736], [169137.48548240028, 489240.26276002533], [169216.2923951085, 489234.3548678207], [169271.3048205825, 489178.07561293617], [169272.75560836677, 489139.87504914554], [169241.46580675116, 489080.4194580261], [169145.7817188332, 488999.86892810924], [168991.66902768187, 488989.88012822985], [168913.9402398437, 489022.8356921276]]]}}, {"type": "Feature", "properties": {"rule": "mudflat_perimeter", "coast_clear_m": 30.0, "inset_ratio": 0.1, "site": "jebu"}, "geometry": {"type": "Polygon", "coordinates": [[[169040.83786116895, 528335.7618402009], [169046.2259964102, 528276.4943087058], [169011.00468572922, 528237.9189447003], [168943.37455019556, 528236.0293114824], [168898.51836243414, 528276.1726379876], [168904.61364794307, 528346.6422072899], [168936.43285606417, 528380.6153941444], [168984.7521678673, 528383.6556083146], [169040.83786116895, 528335.7618402009]]]}}, {"type": "Feature", "properties": {"rule": "mudflat_perimeter", "coast_clear_m": 30.0, "inset_ratio": 0.1, "site": "jebu"}, "geometry": {"type": "Polygon", "coordinates": [[[169410.88757502558, 494109.74756646156], [169456.92175450324, 494036.5985573936], [169434.62437871203, 493938.8469241748], [169359.71986983533, 493890.117253629], [169281.47589571698, 493905.9334105899], [169236.63401019544, 494001.62685081357], [169254.03169505417, 494095.8301801729], [169322.25363584404, 494136.0259881009], [169410.88757502558, 494109.74756646156]]]}}, {"type": "Feature", "properties": {"rule": "mudflat_perimeter", "coast_clear_m": 30.0, "inset_ratio": 0.1, "site": "jebu"}, "geometry": {"type": "Polygon", "coordinates": [[[169375.44542482018, 507637.4033004957], [169401.77477048038, 507666.5134431579], [169437.73442602437, 507672.4239827679], [169377.35303274394, 507699.8957353643], [169399.29931149408, 507727.145888987], [169447.91376465664, 507734.0889538185], [169486.66826141748, 507704.7131571542], [169492.7540181863, 507656.6154584062], [169464.12563966602, 507617.82761059963], [169412.71214074927, 507609.4379744595], [169375.44542482018, 507637.4033004957]]]}}, {"type": "Feature", "properties": {"rule": "mudflat_perimeter", "coast_clear_m": 30.0, "inset_ratio": 0.1, "site": "jebu"}, "geometry": {"type": "Polygon", "coordinates": [[[169413.8191252162, 508429.8810303085], [169415.06296950617, 508391.5240246582], [169446.46299380175, 508374.8990287394], [169472.64026748063, 508314.0469296659], [169424.49509540442, 508314.7931477201], [169387.41170438603, 508353.46822094], [169383.80728250244, 508397.13363464596], [169413.8191252162, 508429.8810303085]]]}}, {"type": "Feature", "properties": {"rule": "mudflat_perimeter", "coast_clear_m": 30.0, "inset_ratio": 0.1, "site": "jebu"}, "geometry": {"type": "Polygon", "coordinates": [[[169396.1273821387, 528538.4557434879], [171977.3267951546, 531855.3089121543], [171940.4569406574, 531943.1306643506], [171966.3988289646, 532056.1574998009], [172071.12873888554, 532032.6985559793], [172012.70622584465, 531933.8197374066], [172021.68434564339, 531866.1998932747], [172039.7938745994, 531855.2844983848], [172115.02910508937, 531973.1235917218], [172254.97972970371, 531936.1229354929], [172302.5786436119, 531981.3932605163], [174352.26422625454, 531540.6332808668], [174388.5052659791, 531704.0857067239], [174424.91747773043, 531724.0727146495], [174683.92094808715, 531567.1171718882], [174726.29549109747, 531522.7521438543], [174951.7277242726, 531520.9905047847], [174941.1386521199, 531481.7893047661], [174909.2845200712, 531460.0399771339], [174716.70941309867, 531466.1422121883], [174436.10484168274, 531648.54220563], [174405.54717847297, 531513.9901391073], [174346.69112249973, 531483.6595546529], [172325.19672240043, 531918.6082220405], [172262.90611957927, 531879.1947210754], [172143.25980961235, 531909.1877248974], [172081.5364006967, 531811.717892326], [172010.95545309625, 531805.2798989068], [169476.45852926423, 528548.5074463192], [169438.37473152028, 528526.8444695934], [169396.1273821387, 528538.4557434879]]]}}, {"type": "Feature", "properties": {"rule": "mudflat_perimeter", "coast_clear_m": 30.0, "inset_ratio": 0.1, "site": "jebu"}, "geometry": {"type": "Polygon", "coordinates": [[[169651.5113236347, 499138.94200074667], [169629.8759845606, 499185.7410421992], [169643.09536889172, 499222.5226009434], [169732.36500040797, 499251.1226867821], [169803.186929634, 499144.63445815304], [169806.85210002644, 499096.7072569924], [169786.1358482375, 499069.76875874563], [169749.25685198276, 499065.7110796616], [169651.5113236347, 499138.94200074667]]]}}, {"type": "Feature", "properties": {"rule": "mudflat_perimeter", "coast_clear_m": 30.0, "inset_ratio": 0.1, "site": "jebu"}, "geometry": {"type": "Polygon", "coordinates": [[[169799.9520314241, 507337.29703324503], [169830.16597038013, 507315.2750183701], [169834.38095267196, 507275.6610049367], [169737.30898235668, 507272.46496578096], [169713.4690129103, 507244.6430030492], [169726.8550559122, 507197.6109833865], [169807.46100444646, 507202.4704259411], [169800.68783375123, 507168.9756570241], [169760.99467328767, 507140.3280230786], [169700.5401990895, 507146.77208809403], [169664.47580670117, 507195.119340394], [169666.25468836355, 507286.9408486868], [169714.78830827062, 507325.2239317324], [169771.39541693206, 507320.30059558473], [169799.9520314241, 507337.29703324503]]]}}, {"type": "Feature", "properties": {"rule": "mudflat_perimeter", "coast_clear_m": 30.0, "inset_ratio": 0.1, "site": "jebu"}, "geometry": {"type": "Polygon", "coordinates": [[[169750.0873467266, 525279.5035787261], [169752.80729715427, 525367.8245828225], [169705.81000683113, 525479.7161845777], [169697.592116828, 525588.9279742283], [169774.76025063344, 525693.5711606666], [169946.07196413007, 525814.0206786444], [169888.53922822513, 525897.9989776831], [169936.5354993495, 525985.5232587216], [170057.31617164947, 526105.724110582], [170001.02570657613, 526286.0428794746], [170046.9086147977, 526473.4075697045], [170127.0602182592, 526530.1096308293], [170205.86263117497, 526526.5270203617], [170280.8772668544, 526577.8698986099], [170372.64710404252, 526705.8250352988], [170418.22803228835, 526814.4257610171], [170473.67007359336, 526829.9758015525], [170488.20020472462, 526886.9454655552], [170543.5687429983, 526937.7163217785], [170590.50666643234, 527075.2238026101], [170633.17495590105, 527104.7549665716], [170732.8765516774, 527105.6780129183], [170793.98915393127, 527162.6649187937], [170797.1679611677, 527198.5170760979], [170736.74259304896, 527233.0853750451], [170725.63779890904, 527261.6032146198], [170732.39899501723, 527314.2517401507], [170757.97336229944, 527346.2964549332], [170804.2022219333, 527370.0274037931], [170831.7698613459, 527362.1725859788], [170875.76635924293, 527297.5974020271], [170884.8739606391, 527239.4090639135], [170963.78105340165, 527292.8974062168], [170950.20720061255, 527368.2897744327], [170967.00296517514, 527388.725581389], [171130.66478116327, 527374.5010238821], [171161.68214821015, 527519.9853167585], [171238.65956646172, 527571.6202221072], [171323.9671876334, 527570.8010147569], [171377.121518648, 527600.6794468637], [171404.37284149876, 527677.5144322015], [171483.58290808942, 527778.7019581283], [171523.36786125618, 527882.0552100833], [171617.98145402712, 527937.689046749], [171740.5498715103, 528159.4326972576], [171840.74737525175, 528261.3149423308], [171885.3922557591, 528228.1316368548], [172041.19704446296, 528213.0536173664], [172103.75554421803, 528232.7553297323], [172137.1465554985, 528267.5909962626], [172162.84015861334, 528354.5194487821], [172168.56157508199, 528491.1320479241], [172122.38944706798, 528592.5639997105], [171929.24005351827, 528790.4956613742], [171903.01046966872, 528775.3761766223], [171851.01545446686, 528782.8072968277], [171802.40081526845, 528816.9377993655], [171770.27468727858, 528774.210019413], [171758.44374225714, 528798.131403686], [171765.87323821944, 528841.3108293535], [171801.65914989242, 528866.5898470749], [171872.66030409397, 528838.4226007632], [171958.9395586344, 528839.4344431328], [172165.58087453403, 528630.134806963], [172221.48402387608, 528513.33812259], [172219.44779087932, 528345.9964837229], [172186.00892377854, 528237.7659408523], [172151.37621372478, 528195.3500716974], [172080.55285519917, 528160.3977742738], [171850.50664022545, 528180.5951164156], [171800.6309980927, 528143.9448870705], [171664.61394410304, 527904.48549523], [171567.58312498446, 527842.1045514318], [171533.16245158314, 527750.0849381731], [171457.7962538427, 527654.7924772814], [171416.07825015366, 527558.7337911344], [171349.44459587222, 527517.8191568053], [171261.79176858734, 527519.0942603373], [171204.2577341768, 527480.2597663037], [171193.59511510248, 527376.7930548711], [171170.3188380951, 527333.2139710324], [171103.48746336086, 527310.6674391093], [171022.51941952854, 527327.2944057015], [171004.12949132873, 527252.2886815261], [170911.11351802142, 527187.4637100849], [170856.72752951522, 527189.5150268852], [170842.55130724743, 527132.3534980178], [170775.06719782457, 527063.0951698066], [170639.680330046, 527043.7974834655], [170592.5035013438, 526908.010187903], [170547.40329752624, 526869.5760171127], [170515.38484873236, 526790.7719433334], [170458.65518170566, 526768.3991580133], [170423.20566038965, 526678.9755037525], [170324.74718145214, 526541.093607914], [170229.72580840607, 526474.4922844962], [170144.22955626308, 526474.4516950903], [170090.76862356794, 526436.4377792731], [170058.21533028284, 526289.2957521853], [170112.6195107881, 526090.9387920437], [169954.9938944649, 525911.0664390586], [170002.9364962731, 525836.4489295852], [169985.37026238977, 525765.6450808261], [169812.71798406678, 525650.4437303684], [169752.32527972726, 525569.8588961278], [169810.5426089053, 525345.294260163], [169804.67366817818, 525298.3028861897], [169750.0873467266, 525279.5035787261]]]}}, {"type": "Feature", "properties": {"rule": "mudflat_perimeter", "coast_clear_m": 30.0, "inset_ratio": 0.1, "site": "jebu"}, "geometry": {"type": "Polygon", "coordinates": [[[169840.10910800745, 507221.4300529469], [169838.32001336452, 507248.650031755], [169881.48007613997, 507261.1030393274], [169874.7347316257, 507235.05758773675], [169840.10910800745, 507221.4300529469]]]}}, {"type": "Feature", "properties": {"rule": "mudflat_perimeter", "coast_clear_m": 30.0, "inset_ratio": 0.1, "site": "jebu"}, "geometry": {"type": "Polygon", "coordinates": [[[170450.07505324058, 493332.94451306225], [170475.6588510816, 493256.22495877976], [170522.9226010022, 493193.33736619545], [170609.17385054467, 493112.6425776187], [170700.56818918942, 493071.99731157697], [170731.9837658881, 492971.3352161934], [170934.40458251402, 492717.3152234507], [170988.25079812534, 492689.19419291505], [171041.62814890718, 492620.9343364947], [171168.33297798064, 492547.09004953346], [171193.04845962755, 492448.4748149435], [171318.72372909877, 492424.3634884467], [171383.79063129472, 492361.7248212809], [171382.22848017362, 492343.28000866936], [171344.75384265438, 492326.40097511804], [171319.35774746185, 492204.60533911694], [171250.17466078006, 492137.89498587255], [171180.2233380239, 492108.4845554403], [171074.76347563614, 492120.95706360386], [170768.7321816981, 492237.03715334355], [170602.33377818382, 492439.99722914526], [170542.96607042634, 492461.3141212677], [170466.91657512786, 492531.72249317693], [170351.4189686146, 492705.0615270947], [170272.7744883142, 492764.4611998547], [170187.414708817, 492778.87172471796], [169966.61104553202, 493084.5092019384], [169951.01058492798, 493256.48244141875], [170031.6537225367, 493348.1508110694], [170106.21341159934, 493474.9799699882], [170147.52735569712, 493615.5802449967], [170247.27287633767, 493605.83226481907], [170340.4755284359, 493479.90452364995], [170373.2020305074, 493379.3330029163], [170450.07505324058, 493332.94451306225]]]}}, {"type": "Feature", "properties": {"rule": "mudflat_perimeter", "coast_clear_m": 30.0, "inset_ratio": 0.1, "site": "jebu"}, "geometry": {"type": "Polygon", "coordinates": [[[170031.30500998982, 527396.5441136672], [170078.11763372007, 527479.418363332], [170114.36146383767, 527478.7792507164], [170108.68684335807, 527398.0572804821], [170031.30500998982, 527396.5441136672]]]}}, {"type": "Feature", "properties": {"rule": "mudflat_perimeter", "coast_clear_m": 30.0, "inset_ratio": 0.1, "site": "jebu"}, "geometry": {"type": "Polygon", "coordinates": [[[170062.87707970565, 502622.0535010479], [170077.3532459843, 502692.99003368977], [170120.75439198638, 502718.65651346743], [170194.24239252668, 502706.2031062134], [170225.1428399823, 502662.09976198466], [170223.5893231415, 502617.1563378677], [170181.19528680108, 502567.41506938345], [170110.58890356505, 502569.17824479344], [170062.87707970565, 502622.0535010479]]]}}, {"type": "Feature", "properties": {"rule": "mudflat_perimeter", "coast_clear_m": 30.0, "inset_ratio": 0.1, "site": "jebu"}, "geometry": {"type": "Polygon", "coordinates": [[[170117.8756518373, 525610.3670572032], [170168.49251548835, 525607.7892143596], [170200.12219198656, 525577.4712253013], [170201.1419527654, 525529.8192084602], [170170.89179526045, 525498.1976469031], [170105.5957705863, 525491.2030952079], [170068.2801419741, 525524.6611291317], [170068.54773439962, 525578.520720255], [170117.8756518373, 525610.3670572032]]]}}, {"type": "Feature", "properties": {"rule": "mudflat_perimeter", "coast_clear_m": 30.0, "inset_ratio": 0.1, "site": "jebu"}, "geometry": {"type": "Polygon", "coordinates": [[[170468.31838015126, 529306.3175398122], [170496.08985028823, 529227.7981934518], [170434.76116777802, 529151.0240332121], [170318.82422162173, 529154.4871628153], [170245.61553750056, 529222.9230310902], [170247.4767998377, 529296.6098787424], [170305.36437199576, 529349.8364140016], [170382.66003338958, 529352.9642527901], [170468.31838015126, 529306.3175398122]]]}}, {"type": "Feature", "properties": {"rule": "mudflat_perimeter", "coast_clear_m": 30.0, "inset_ratio": 0.1, "site": "jebu"}, "geometry": {"type": "Polygon", "coordinates": [[[170615.44944129078, 504165.1553202217], [170547.66477904716, 504145.4080989459], [170494.4555488149, 504180.422168026], [170486.28228273068, 504244.27342376125], [170525.97334585388, 504304.82559782773], [170597.5319880488, 504315.9609101774], [170647.40191006623, 504284.4947632943], [170656.35625595597, 504215.9896911572], [170615.44944129078, 504165.1553202217]]]}}, {"type": "Feature", "properties": {"rule": "mudflat_perimeter", "coast_clear_m": 30.0, "inset_ratio": 0.1, "site": "jebu"}, "geometry": {"type": "Polygon", "coordinates": [[[170725.49516399697, 532173.7042248163], [170767.98412499824, 532200.2454575889], [170832.34976846608, 532200.334201963], [170872.07972086672, 532167.1786853977], [170874.0065204345, 532116.0278217895], [170822.52115656275, 532063.1988861109], [170753.39601829584, 532058.9891138904], [170708.72181051044, 532110.5231373877], [170725.49516399697, 532173.7042248163]]]}}, {"type": "Feature", "properties": {"rule": "mudflat_perimeter", "coast_clear_m": 30.0, "inset_ratio": 0.1, "site": "jebu"}, "geometry": {"type": "Polygon", "coordinates": [[[170753.01217753903, 503915.0000869283], [170802.60957798437, 504138.94357493817], [170861.49872118726, 504164.74017872487], [170918.6069374253, 504143.08693823655], [170943.18593041765, 504076.8418493632], [170913.40924384314, 503959.46307610476], [170920.76985260638, 503913.743478766], [170886.25157895114, 503856.03998287517], [170823.56154487332, 503836.1733060254], [170772.40086807648, 503862.9774905989], [170753.01217753903, 503915.0000869283]]]}}, {"type": "Feature", "properties": {"rule": "mudflat_perimeter", "coast_clear_m": 30.0, "inset_ratio": 0.1, "site": "jebu"}, "geometry": {"type": "Polygon", "coordinates": [[[171256.85576569318, 527458.1858256656], [171323.5634723407, 527493.8670098112], [171402.10272929864, 527464.3520508105], [171417.55798527837, 527385.835727772], [171371.28043683886, 527314.2117610095], [171302.88732890302, 527290.5430226861], [171237.54645839895, 527330.0347251709], [171223.85840956977, 527385.5950924113], [171256.85576569318, 527458.1858256656]]]}}, {"type": "Feature", "properties": {"rule": "mudflat_perimeter", "coast_clear_m": 30.0, "inset_ratio": 0.1, "site": "jebu"}, "geometry": {"type": "Polygon", "coordinates": [[[171375.27697495936, 501867.42311840097], [171311.12075280288, 501899.8943062332], [171304.2984622822, 501955.78760981973], [171353.3733220849, 502043.5484005052], [171280.1159891784, 502163.15666877036], [171346.98347128482, 502157.92599533015], [171408.3881906592, 502059.3733554787], [171401.15302835, 502001.72002018336], [171336.31855352627, 501893.7143881347], [171375.27697495936, 501867.42311840097]]]}}, {"type": "Feature", "properties": {"rule": "mudflat_perimeter", "coast_clear_m": 30.0, "inset_ratio": 0.1, "site": "jebu"}, "geometry": {"type": "Polygon", "coordinates": [[[171780.64904473608, 501610.37504893437], [171785.5180055185, 501528.98998803605], [171976.1539698441, 501442.65430984716], [171886.68232523714, 501386.9611577062], [171774.13370598204, 501412.84420307906], [171726.1734681114, 501539.84739218466], [171647.80485395668, 501530.44638838177], [171625.8429652783, 501561.73709897953], [171508.07086197918, 501607.87797832524], [171508.48421449144, 501641.1021611962], [171476.80602981884, 501683.73628113384], [171433.47604158346, 501701.7945549255], [171365.9650876288, 501698.6539392237], [171328.0612723105, 501791.1151246851], [171324.15201011114, 501873.8343738597], [171382.43390186902, 501857.9728301945], [171403.37250336522, 501756.04158111574], [171509.1119466284, 501730.9950655369], [171566.63303431706, 501646.95985459944], [171680.74132368964, 501582.91529137566], [171780.64904473608, 501610.37504893437]]]}}, {"type": "Feature", "properties": {"rule": "mudflat_perimeter", "coast_clear_m": 30.0, "inset_ratio": 0.1, "site": "jebu"}, "geometry": {"type": "Polygon", "coordinates": [[[171490.05596132117, 504643.8459910612], [171452.64698009306, 504594.12002251175], [171449.66197442295, 504625.05308470473], [171395.19071170408, 504609.2754244637], [171433.39207441808, 504653.71248702984], [171490.05596132117, 504643.8459910612]]]}}, {"type": "Feature", "properties": {"rule": "mudflat_perimeter", "coast_clear_m": 30.0, "inset_ratio": 0.1, "site": "jebu"}, "geometry": {"type": "Polygon", "coordinates": [[[171433.15638724214, 498379.8607055738], [171444.89192302094, 498454.86521238426], [171499.37665945108, 498492.23412705166], [171621.086626881, 498434.5705341042], [171633.1552022119, 498399.070896692], [171597.63121578953, 498347.31827041256], [171519.68710396736, 498317.9252110743], [171460.8346220664, 498329.9382222898], [171433.15638724214, 498379.8607055738]]]}}, {"type": "Feature", "properties": {"rule": "mudflat_perimeter", "coast_clear_m": 30.0, "inset_ratio": 0.1, "site": "jebu"}, "geometry": {"type": "Polygon", "coordinates": [[[171632.08197873243, 505061.6230008986], [171538.44397416897, 505028.3710088452], [171479.20900445076, 505031.92804399243], [171478.10238881366, 504982.8987571756], [171456.9235148994, 505012.17776526016], [171474.86414692193, 505073.2032248145], [171562.87943912167, 505109.78895797866], [171610.8259295743, 505099.9214369357], [171632.08197873243, 505061.6230008986]]]}}, {"type": "Feature", "properties": {"rule": "mudflat_perimeter", "coast_clear_m": 30.0, "inset_ratio": 0.1, "site": "jebu"}, "geometry": {"type": "Polygon", "coordinates": [[[171624.1271680634, 498037.5945305632], [171668.42952650046, 498052.0280433539], [171687.02746216883, 498034.8864264557], [171651.69484501018, 497992.92002641957], [171620.40951988706, 498000.6024152739], [171624.1271680634, 498037.5945305632]]]}}, {"type": "Feature", "properties": {"rule": "mudflat_perimeter", "coast_clear_m": 30.0, "inset_ratio": 0.1, "site": "jebu"}, "geometry": {"type": "Polygon", "coordinates": [[[180580.38996713952, 489473.766121412], [180084.49739679112, 489490.0401335097], [179973.6163709567, 489580.9174257291], [179931.4139662694, 489533.7810103921], [179924.45738718545, 489603.9463631506], [179868.7860611285, 489649.59101079433], [179796.55252954943, 489678.1192994963], [179745.1278982531, 489682.26059439126], [179864.3933695756, 489644.2733918873], [179919.61577942225, 489598.1242015916], [179923.94673323, 489545.4916045209], [179884.47149448734, 489577.95075421693], [179877.214937863, 489563.15121468727], [179852.4547876137, 489636.95961733983], [179778.71126380507, 489641.27088378207], [179748.56949465588, 489661.9531084631], [179744.74325422294, 489679.3282978546], [179747.1464113614, 489698.83447976864], [179782.02097950128, 489742.51024414756], [179764.36985499875, 489758.6104712378], [179572.72472356033, 489834.970770505], [179444.33346955618, 489853.5266856944], [179356.32788011956, 489927.62573878816], [179280.21381189045, 489938.5285479526], [179172.17864179568, 489993.079232043], [179088.67213647845, 490073.2108866284], [178990.82054876946, 490086.03223157156], [178950.712106477, 490138.88437037944], [178799.517713442, 490205.59231267765], [178738.79472508165, 490269.01264601096], [178592.21861605602, 490337.19274327415], [178494.10390880884, 490421.6427767197], [178338.41728207524, 490482.3803624043], [178265.9688822879, 490538.9907749102], [178204.6697706647, 490630.2148866993], [178146.0758426392, 490639.8133611593], [178041.61885335116, 490695.9856785268], [177935.27468483662, 490700.9398635821], [177887.8758837945, 490727.822540213], [177816.06315178217, 490722.1883165894], [177753.59455098453, 490743.37876233645], [177698.00426330784, 490814.2823760009], [177696.84493537602, 490870.20259763626], [177734.78313332496, 490947.75936936354], [177854.04539756826, 491050.527801455], [177854.24954711093, 491103.2887405191], [177800.46476578442, 491151.1023936338], [177739.9277069431, 491158.0814675275], [177655.16557369253, 491220.62107376114], [177570.6289744171, 491238.8882996315], [177524.32467209923, 491307.88324970246], [177462.19377045787, 491294.5449281601], [177386.72069408256, 491353.2477967277], [177326.6078477696, 491520.3807739016], [177305.85880322376, 491652.5862792473], [177227.60359875395, 491701.44810630963], [177167.7137642354, 491794.7638024405], [177022.74145156887, 491889.6356839368], [176969.9636224283, 491889.8079853319], [176976.2792166102, 491935.9697766073], [177026.46138098286, 491902.6607708271], [177052.57516947464, 491950.5200919418], [176984.41343973312, 491994.62447297695], [176897.63063954026, 492132.1303320295], [176789.1159949692, 492163.7914608901], [176743.00892916357, 492202.8274374406], [176692.51356299536, 492293.0272743294], [176612.92886777036, 492309.2319468121], [176569.2011607161, 492362.94454840623], [176293.37189127033, 492498.22684307495], [176199.80602095788, 492514.95022067317], [176062.91051162223, 492629.27448882366], [175959.56921108416, 492604.4122858046], [175883.36422499176, 492618.9374652597], [175842.59337581764, 492689.2140575157], [175765.63345887998, 492739.6650990777], [175734.49366337815, 492795.5797707102], [175660.06889279644, 492820.58108505193], [175627.22273373455, 492857.14896323613], [175530.64785470787, 492864.4286555062], [175506.3887218991, 492941.3028635595], [175452.863118439, 493017.311769499], [175349.6913052004, 493111.1542540482], [175179.8948757856, 493206.0965144372], [175046.61608815473, 493339.06050611753], [174917.50034376586, 493400.353692243], [174886.6319310168, 493474.2133110021], [174884.50424709672, 493575.43016565626], [174855.76015920934, 493676.0874387757], [174777.32766227858, 493741.94617837353], [174761.50715972725, 493852.6262815691], [174691.38836444705, 494021.4214301952], [174628.58737399755, 494094.85952597286], [174615.28725409965, 494188.96565824654], [174474.41986550513, 494333.8955647842], [174450.70506025292, 494448.0347783066], [174342.80987699292, 494640.16298944585], [174247.55146564488, 494736.6710371383], [174214.05841033065, 494810.4750409075], [174102.27412033966, 494933.3884209324], [174025.8735351295, 495052.3576548116], [173922.38328943122, 495129.37761781807], [173887.37611667838, 495211.2756424374], [173804.56299212863, 495286.6674907655], [173746.1790098461, 495402.7025162097], [173678.62953565567, 495449.28719218174], [173577.0868742673, 495465.653751334], [173519.86681958637, 495495.141156248], [173495.08087959295, 495566.5651931999], [173524.18900145052, 495669.68850318517], [173481.73550133972, 495820.68712917226], [173443.40477867427, 495870.3865090096], [173346.4949105445, 495919.1037313262], [173316.38235444372, 495958.4746888153], [173266.19080341983, 496191.6941983308], [173161.50744561388, 496421.2671306231], [173139.95374644193, 496448.316733174], [173018.55964141784, 496506.83215523127], [172908.0542318846, 496759.47227372846], [172644.56081193447, 497004.45560873207], [172514.18382314753, 497251.989018632], [172413.89297303202, 497335.1379342283], [172337.1735744016, 497437.2846298292], [172158.40184531274, 497580.03853057063], [172030.03855842873, 497731.85346700414], [171852.05039267903, 497837.3696262772], [171718.5547835023, 498074.4443494684], [171739.680965251, 498241.2964079125], [171790.3861378408, 498268.1784783704], [171869.47939112634, 498274.53082154144], [171955.3948075773, 498241.8352421424], [172019.10202306352, 498188.4827198121], [172047.017947383, 498190.38274897425], [172066.32096359064, 498285.9863053986], [172012.90057472687, 498420.0635085222], [172089.05696638665, 498470.92119250575], [172139.46529323887, 498479.98272619065], [172327.6382503402, 498460.0651840988], [172654.49682765873, 498304.3014551683], [172817.10045323544, 498297.2219771997], [172940.42127186139, 498385.07611812605], [173087.89685338346, 498590.45126698364], [173429.26148613667, 498821.40945068316], [173513.92658126468, 498942.45421535464], [173526.2125783338, 499023.2216743841], [173699.75363238883, 499002.87137226976], [173754.22664540765, 498945.23006898264], [173938.43355140398, 499050.5244184927], [174000.8200144629, 499059.96335754596], [174025.550966955, 499086.98673164065], [174061.30496080426, 499159.7473203705], [174150.2388153701, 499236.12742549955], [174106.86933711803, 499351.4387882834], [174203.69312226452, 499256.5873406304], [174196.44017595286, 499200.8087909345], [174104.00838611662, 499121.5634953238], [174069.45773104523, 499050.3366661276], [174186.38152188732, 499049.89749507536], [174231.1735965722, 499024.5730252737], [174259.75582074386, 498978.14091459615], [174262.43768349758, 498854.9084801664], [174216.45190064318, 498728.5815756099], [174105.80408910313, 498627.8252861928], [174037.387995148, 498616.34240255126], [173990.29375846352, 498667.42060491047], [173996.40951176154, 498751.32309574896], [174032.5112650729, 498795.43397002167], [173995.17796354176, 498907.3816482446], [173996.5152394145, 499001.6757134085], [173949.82066796286, 498992.57459293195], [173760.36637953712, 498888.3146173989], [173710.79572340022, 498901.7759277309], [173669.03207809266, 498950.12950697826], [173576.09596033144, 498953.09138123476], [173538.56058273252, 498868.9150986629], [173467.7581041124, 498779.0411209003], [173125.6561703935, 498547.3781981925], [172983.25779621777, 498347.1011639427], [172865.6131136384, 498255.47818557697], [172776.4823637495, 498231.4170579843], [172673.0947095707, 498240.6799105495], [172309.82696539164, 498405.6406944233], [172125.5656594817, 498420.31744586787], [172076.49048571894, 498397.8993921882], [172123.55394779926, 498287.1906652857], [172087.88564728055, 498150.29664079146], [172005.18133885987, 498132.95543358754], [171896.83286161334, 498207.31208520755], [171806.73659134173, 498212.988883142], [171781.8886601263, 498196.84868397395], [171781.73957862548, 498067.50796159304], [171917.4368253651, 497854.13512427756], [172069.6973155615, 497773.13600504195], [172199.7715362675, 497619.7074758016], [172376.83291427474, 497478.5666080399], [172455.48405944862, 497374.55190828675], [172556.97720862197, 497290.01257874665], [172689.23624407826, 497040.9219423504], [172956.87833508727, 496789.35992854804], [173066.56227168828, 496538.99361499585], [173196.48336131772, 496471.66445949127], [173319.73735237223, 496211.938507641], [173366.01639656775, 495987.05998589646], [173507.951382428, 495890.27137260727], [173535.65091464986, 495839.9275338395], [173581.40605762036, 495671.4977702791], [173554.74611080895, 495545.34676394466], [173592.19261711297, 495521.02343033237], [173699.36333924922, 495502.6461122674], [173786.73429894185, 495443.10466331255], [173851.38546901164, 495320.61294606], [173934.4885441038, 495243.79462375975], [173966.75546657687, 495166.10158705665], [174070.22732147988, 495088.54890514293], [174150.10105019686, 494965.4509923981], [174260.3137351805, 494844.2020313928], [174289.58103838103, 494776.2274817711], [174389.79253208372, 494672.8691828162], [174503.75759528403, 494469.540440141], [174525.78256326422, 494360.3158355046], [174667.36057844563, 494212.7445113669], [174678.2241031052, 494127.5421690572], [174740.5522238479, 494050.7468439685], [174816.18187215482, 493869.5892054067], [174822.9741180959, 493778.79804129445], [174906.81878801726, 493701.97336909344], [174960.30607271718, 493441.860111143], [175081.08237877116, 493384.7676147037], [175213.90531511806, 493252.7329277101], [175385.2731906168, 493155.9983661965], [175517.81084051798, 493019.102004118], [175564.630786588, 493067.2464591609], [175646.44926457596, 493058.73658220907], [175685.93403924874, 492989.11317212845], [175649.30357735723, 492909.90700554824], [175689.4661997437, 492870.7398875476], [175768.61081669354, 492841.5480729827], [175807.59559041867, 492779.7586594295], [175902.85338110838, 492705.6282310403], [175911.47115900464, 492754.5777447476], [175950.80364315462, 492791.6932956622], [176043.95464822257, 492782.57823722105], [176079.74793557986, 492743.13830525184], [176079.99864416162, 492683.9056198971], [176144.81592020305, 492648.84205727937], [176229.0369792159, 492564.78138530214], [176316.77739615066, 492550.46904158784], [176597.8529231795, 492412.5040224944], [176642.64490200064, 492360.0487543748], [176732.13253667273, 492334.3479941793], [176822.07579823787, 492210.8013204206], [176933.11676761188, 492177.0502572147], [177029.1993250964, 492032.53381193307], [177100.4846332947, 491983.31138865766], [177102.3920816926, 491898.74383776804], [177204.8676631941, 491838.3143794324], [177266.3092473001, 491743.9446081921], [177353.13356064958, 491684.8688174761], [177382.23177861748, 491536.4005725262], [177437.94585861135, 491384.84168044664], [177474.12829603167, 491356.59179317387], [177548.88441045664, 491359.59286405006], [177599.70202837, 491292.6206502258], [177673.23444305337, 491275.253617687], [177768.14174242222, 491209.20350374276], [177860.81733685464, 491181.4831019949], [177905.47739142808, 491128.8381618585], [177918.36584955102, 491072.97096183157], [178086.31858664664, 491032.76611501153], [178238.33110714305, 490892.2971167495], [178266.22381335023, 490839.8558920911], [178257.63407581972, 490794.94661479734], [178218.21297411277, 490761.2255319441], [178091.67249720372, 490757.69624254754], [177937.45228282924, 490853.94189683994], [177871.83035528965, 490873.71570705355], [177839.068942949, 490948.4108397825], [177780.12978467418, 490912.3462771179], [177752.3213141971, 490855.69462126127], [177789.38334081185, 490788.3633699454], [178058.20954505098, 490750.7744904603], [178230.23915612148, 490681.4327692358], [178364.15316265007, 490535.95949169877], [178523.54098413445, 490470.7398597332], [178624.29383339937, 490385.8386380371], [178772.81367641193, 490315.05367026705], [178832.4236466299, 490252.7358209282], [178983.53619487263, 490185.7847348253], [179027.18082682687, 490134.3030716338], [179116.29308750047, 490123.3521673141], [179202.16192487694, 490042.205445779], [179296.13199984425, 489993.8446788212], [179383.16211387943, 489978.19241618225], [179474.05611642444, 489903.81058373186], [179586.9269267543, 489890.42672048876], [179795.15427462995, 489806.8741684867], [179832.54751343947, 489771.60521463834], [179835.92310948824, 489719.5865728141], [179900.47914228318, 489697.2629477288], [180106.54268000062, 489545.9984942555], [180515.12220883893, 489534.95321793907], [180565.8217153255, 489508.7095051943], [180580.38996713952, 489473.766121412]]]}}, {"type": "Feature", "properties": {"rule": "mudflat_perimeter", "coast_clear_m": 30.0, "inset_ratio": 0.1, "site": "jebu"}, "geometry": {"type": "Polygon", "coordinates": [[[181856.3771331302, 510183.34875941207], [181882.6367119544, 510188.9492057096], [181824.5190981261, 510070.0891801788], [181835.71960145584, 510036.3596694692], [181922.838863221, 510033.6210495757], [181989.2962218288, 510171.1509704516], [182040.826398147, 510134.68211007316], [182037.9671162588, 510092.49242134514], [181996.76845826666, 510020.4323117817], [182046.56123170137, 509819.3047532418], [182045.56280604788, 509721.0954489409], [182016.56309856183, 509720.1049726668], [181982.83439507708, 509650.90502706764], [181970.76836906566, 509403.8468100252], [182198.31674152522, 509394.1803708456], [182187.92726050408, 509369.53046814277], [182055.75824607495, 509373.4183562476], [181948.23943031442, 509350.4567775454], [181919.24155820263, 509230.7273038097], [181937.04404111314, 509061.3290036448], [182064.82288334193, 509076.6609378498], [182072.5730836027, 509055.2211640547], [181885.51575235135, 508985.53871199046], [181817.18745967784, 508907.868365444], [181822.78864869132, 508824.4790598694], [181948.24784337872, 508822.6209717689], [182158.5454108524, 508867.98391365365], [182172.30580044395, 508832.30454998807], [181991.61842144266, 508759.3722149371], [181848.43957373212, 508757.7200000527], [181801.81081443123, 508707.18960144126], [181712.4711287656, 508725.27811564686], [181649.5020900051, 508700.13726896245], [181557.17599094132, 508498.1074093804], [181568.74712150265, 508420.3381718665], [181554.90986718805, 508249.43938892195], [181576.240053761, 508226.1798305329], [181624.85965225022, 508228.8105852335], [181690.33063056288, 508131.47241711407], [181782.36076040682, 508078.27424654894], [181867.89003416337, 508083.2356071612], [181924.5198995613, 508063.0266295058], [181953.1208610477, 507991.6576858199], [181914.9520427057, 507931.85758381395], [181967.33207494795, 507898.9485977405], [182012.70173751932, 507901.9692503235], [181904.49335881832, 507854.54796526703], [181868.79424273435, 507814.89774078416], [181908.33658145505, 507647.4197167163], [181869.05804140607, 507576.30960107036], [181865.7092112772, 507496.39029741514], [181922.3401640309, 507408.10180978995], [181913.60111504322, 507352.2822079512], [182000.9710256646, 507316.93378954544], [182036.46178632753, 507250.72483628633], [182099.0912129601, 507263.65568492], [182141.62992897694, 507313.90596625605], [182163.6903186458, 507277.5265636616], [182236.0798877237, 507272.0478380388], [182338.2567265046, 507423.0082247171], [182270.3797967991, 507266.2584594305], [182284.49024461367, 507223.7689914875], [182346.180582521, 507169.14037415246], [182282.55188899272, 507120.569667106], [182184.9528967127, 507103.59834259725], [182128.37394426094, 507070.1276880928], [182101.96393395355, 507083.7971681609], [182033.25514248383, 507038.3064479144], [182043.41557917185, 507008.3668149913], [181942.98839091763, 506876.7362933748], [181905.56876478996, 506879.10577956436], [181859.2501770525, 506805.71565639094], [181852.29088484842, 506762.755798295], [181897.22153954525, 506700.2570505101], [181803.79381479786, 506605.55622026004], [181823.45438533992, 506557.2769691694], [181759.85574110955, 506499.6664490321], [181663.78727173698, 506450.3353057737], [181592.1677058923, 506456.67416749644], [181555.28838002562, 506437.1837408071], [181539.26900658858, 506400.2436846754], [181518.21897056373, 506420.1632264677], [181457.0798532054, 506388.1724567215], [181426.219780725, 506413.35194850236], [181260.31379100663, 506242.76058875374], [181234.06367732375, 506254.57013528113], [181179.91449994117, 506235.22938451765], [181167.7151706902, 506196.47950693895], [181091.5653938045, 506224.12807682325], [180944.4168571966, 506197.62597849366], [180885.2785394077, 506122.3756354226], [180795.83994165141, 506077.11461001006], [180757.35087910935, 506034.06435060524], [180674.33212100368, 506003.4432589408], [180600.00390239918, 505924.8726967812], [180726.23417032167, 505844.57527129276], [181169.93177369813, 505773.00291792734], [181224.13102073307, 505798.3335154586], [181336.52190559456, 505685.05612889765], [181449.1312488014, 505667.2780345059], [181465.9220613686, 505606.47883986845], [181466.45003815804, 505733.8078481485], [181542.07896177482, 505766.79878303566], [181752.05697098066, 505788.281990832], [181825.4049337298, 505886.4023030227], [181877.61423149533, 505901.49295405665], [181947.54279427507, 505956.93368731055], [182023.88194654684, 505975.2846836018], [182175.59870420495, 506103.7360766656], [182241.69799344672, 506115.5370123532], [182331.5382567034, 506058.76894783706], [182408.2374818962, 506070.7600015897], [182411.07801048533, 506031.59036050877], [182464.61814928718, 506002.891420085], [182514.32766036605, 506001.9621820256], [182561.5887705275, 505911.12362941913], [182607.63848051257, 505903.8644582967], [182627.42793191463, 505931.3445057332], [182634.5789229102, 505862.4951653803], [182600.29980948332, 505820.6449545348], [182621.71728009067, 505745.85437601566], [182594.0977337709, 505701.09927904484], [182476.9373826368, 505638.35558840807], [182365.96338610514, 505694.7287158967], [182289.53864612972, 505690.61775781075], [182257.7650083944, 505659.25605167495], [182240.1967866869, 505558.18338108505], [182202.50807515014, 505525.0718717191], [182167.86360814096, 505526.0294115606], [182057.33054118615, 505602.46177747194], [181992.1010299345, 505617.33943197975], [181717.89718402846, 505542.05061072495], [181575.12761237271, 505580.54798888694], [181400.0532052942, 505529.4765882167], [181199.01322784123, 505611.5648564513], [181069.30007073318, 505525.88167708274], [180844.29140800523, 505535.1419925671], [180696.36603165447, 505515.7722476269], [180345.50740127816, 505557.135169802], [180265.6485329123, 505517.7436543461], [180169.88957007104, 505312.40052553406], [180144.54991262467, 505294.98122766765], [180100.42678257896, 505308.6864285349], [180054.2655290502, 505409.47772004566], [180086.42297341026, 505486.00977934804], [180066.25277225857, 505515.27628282283], [180045.2286348442, 505509.051233293], [180023.12257507237, 505457.5782442392], [179919.9002386063, 505406.64612648287], [179826.5356296707, 505328.4182190991], [179708.51065980192, 505292.8638965751], [179550.04324668585, 505361.84692330385], [179475.76243631233, 505367.2825020824], [179233.1753195198, 505303.0998852048], [179101.74105504603, 505299.1425360702], [178878.39341343823, 505229.67717868864], [178754.90835920675, 505259.32923010323], [178604.8147237857, 505233.1633586881], [178435.7259905709, 505118.3980024628], [178104.179493482, 505069.5935276426], [177935.51639394017, 504989.529487625], [177812.13694117803, 504905.9192176746], [177669.58598780772, 504906.35337449156], [177284.96349163694, 504709.22473228857], [177128.2286047555, 504692.7330352854], [176788.65891476715, 504480.05243387626], [176660.5999891372, 504359.33968154213], [176584.19719390955, 504336.47724508145], [176530.62474782034, 504361.85191342654], [176493.27621075953, 504404.8828556534], [176473.1555912723, 504478.7180441596], [176504.2207547928, 504607.8259502142], [176797.79439377412, 504895.2966892442], [176999.87652105014, 504994.94189213635], [177025.80722272553, 505022.11659184424], [177047.5523372206, 505123.33753366215], [177080.95145938097, 505174.2977517283], [177245.8599392559, 505276.0352785882], [177289.17547650525, 505359.20850367623], [177338.6154713853, 505403.880955889], [177313.91343205087, 505506.7485467146], [177266.9099338212, 505522.7600598013], [177187.1775211083, 505417.81673916115], [177015.5034655698, 505260.42956937634], [176930.43282911298, 505144.62252104655], [176721.8667520473, 504975.95710360387], [176674.35696125278, 504839.6891239218], [176601.69463520523, 504763.89878406876], [176478.76278150466, 504684.2990813642], [176373.76502386967, 504507.0651498653], [176298.44945598158, 504463.7543981467], [176183.95710379863, 504455.31008099334], [176131.50105235208, 504427.7016528741], [176091.41806680843, 504317.18746681797], [176111.85113326256, 504228.5134582378], [176092.26098346233, 504151.0913413114], [176037.65500341292, 504099.4346717956], [175942.83141327964, 504069.7461751202], [175883.36326879304, 503998.17227748164], [175817.1280148923, 503869.5115199009], [175752.3061123739, 503831.0163595586], [175654.02625671722, 503815.36629278096], [175524.140641434, 503680.31736121513], [175418.949712748, 503638.3466723814], [175308.67214246764, 503461.00292389473], [175050.53223385065, 503254.0415652322], [174921.92007110248, 503062.06029074924], [174719.41971173888, 502940.03133493173], [174570.0994049065, 502822.3730262859], [174448.59231761363, 502774.55855590897], [174326.89891190553, 502609.47702724295], [174183.3608762676, 502501.8169791382], [174014.1161678569, 502285.85360940103], [173857.63767022837, 502255.80513618747], [173540.3998855389, 502017.59855399735], [173220.1992742992, 501920.09552899475], [173118.12708048546, 501835.43699021137], [172959.54796248552, 501841.3485079873], [172822.05080485556, 501730.6915618956], [172676.55625604256, 501747.50479607005], [172659.7666946083, 501722.5861502543], [172672.0951824161, 501643.22790817794], [172649.10710553898, 501596.5359046015], [172474.14794052945, 501558.09799311863], [172400.44748802253, 501516.7918888962], [172378.07553782695, 501472.3786644553], [172344.14293548162, 501471.6016665509], [172287.04747069057, 501511.1067116779], [172206.7863816874, 501512.7138968625], [172097.282649914, 501495.6565480601], [172012.80746599237, 501449.6565635016], [171921.43069183567, 501531.3215685723], [171927.54036714544, 501552.22142957646], [172026.7300540359, 501530.0732160143], [172129.1289114016, 501544.64467502414], [172259.71560531209, 501691.18552247185], [172261.63458184086, 501755.7751253501], [172185.20381584027, 501847.62316046446], [172287.62120290205, 501954.4538980344], [172275.42060450185, 502003.86341773265], [172178.0633902051, 501873.9628298866], [172141.09395211417, 501852.64255348424], [172056.3345871645, 501856.5810646652], [172007.0239118966, 501927.04976934247], [172005.59344652906, 501956.36946249194], [172042.3325760769, 501990.7998337349], [172034.9120471127, 502032.6393872531], [172237.1292190965, 502109.84189830767], [172266.84922522187, 502093.8425157365], [172256.27953334237, 502067.7617020431], [172277.5398166885, 502052.44302556943], [172293.1685628574, 502123.00265244034], [172329.5178996712, 502153.87310996966], [172396.63700725624, 502171.6538597916], [172447.94583474915, 502218.5343346064], [172458.14499400326, 502265.9640782259], [172497.75405572902, 502307.5943767604], [172578.78845975557, 502354.6287215819], [172644.92298961664, 502301.6267510677], [172581.33328359312, 502358.4447919297], [172581.75097460454, 502468.6944332759], [172596.36996027414, 502520.84425473533], [172659.78868044374, 502571.704951035], [172795.3370419503, 502611.8366695011], [172970.21571039787, 502610.91940438247], [173054.7252559853, 502592.53083934716], [173184.68305438876, 502670.4022371083], [173201.59219875454, 502713.18217904144], [173296.460693889, 502768.14319280133], [173331.16973536854, 502812.29345881863], [173474.6079969704, 502846.1454206547], [173532.17610225143, 502939.5755327531], [173520.39259477437, 503172.85350761504], [173632.50958030092, 503312.21416125796], [173731.03788985193, 503365.1653102332], [173742.37671804783, 503437.77492159465], [173848.34284179262, 503625.1450800932], [173944.64217021744, 503619.4366560506], [173927.09199472688, 503639.49617506185], [173950.74163746962, 503654.8763740919], [174034.3508514847, 503664.5377738716], [174263.679117001, 503658.99138015957], [174364.35905281542, 503618.80316030444], [174454.12991024906, 503513.0154591488], [174554.90999528914, 503456.47752766334], [174581.21880904114, 503515.11748580646], [174656.74815138726, 503525.93854857766], [174627.67743907083, 503583.0376179358], [174651.07664117578, 503622.90766979544], [174764.13545106104, 503646.379261139], [174825.0652594298, 503626.2603499927], [174847.06564093957, 503592.5709116747], [174930.11356515886, 503674.9916083792], [175002.73258755798, 503705.5024938274], [175184.01550147033, 504064.4624893621], [175223.87329857546, 504183.10221414734], [175335.3910558909, 504277.21318652533], [175556.9083021945, 504344.40618744295], [175796.624701796, 504446.0590897311], [175944.09713962776, 504216.4831467074], [175798.8446030988, 504450.00901652203], [175790.56475956476, 504480.2790968119], [175818.31363804918, 504504.78895522514], [175785.9742693594, 504484.11861208134], [175762.3338309847, 504523.4478734728], [175846.9320070796, 504593.56863588816], [175967.53832107977, 504768.56918261736], [176160.35923241152, 505254.9184603571], [176166.32859547107, 505287.96822162205], [176085.0642247019, 505613.26434461365], [176160.7033494981, 505625.4253626284], [176318.64108390777, 505695.957396271], [176531.51906382907, 505717.7604757425], [176560.0594667418, 505673.551250323], [176594.5194153379, 505661.78201707546], [176644.94869348573, 505687.2125592167], [176666.52745924148, 505751.6122933086], [176762.17573854685, 505814.1433935036], [176849.72486538542, 505823.28468567156], [176855.50433087384, 505856.7544282649], [176926.63464591216, 505801.25606733176], [176985.68654293322, 505655.8681034313], [177008.68855478798, 505512.0795832765], [177018.31851355868, 505511.5198125369], [176988.53646539297, 505656.858178876], [176929.3045847382, 505802.6860552004], [176858.60419050703, 505859.8044714752], [176908.2235951342, 505877.1851318056], [177050.33023683412, 506019.84624665644], [177100.43817344907, 506125.2061673277], [177084.62721214368, 506193.24536381586], [177096.95501652005, 506332.39444790845], [177165.3037644953, 506373.32521411334], [177190.46358567776, 506369.6156338577], [177196.46308756855, 506404.66552827944], [177241.06211030713, 506438.79597978765], [177225.97003240266, 506582.39462689037], [177274.9693861692, 506603.2351280041], [177348.4475197023, 506681.96574279445], [177522.53138424788, 506984.00604205456], [177454.97875953288, 507186.3532979711], [177495.42784435218, 507226.8037335967], [177495.09715483303, 507271.4832994375], [177532.16573737244, 507337.16333476687], [177500.90439746436, 507441.24207021756], [177445.26371783702, 507515.86065572797], [177507.72299058028, 507529.4314985882], [177508.31217502116, 507579.0910311805], [177551.01106642882, 507630.26135811064], [177611.5808361483, 507613.59240953496], [177705.96970538574, 507642.5837811716], [177779.75799679421, 507713.9343558639], [178627.86502412515, 507472.4795101471], [178634.9961657983, 507394.68019916676], [178715.2567264605, 507318.0122099968], [178772.8150926351, 507396.532326209], [178770.84430117093, 507447.472004337], [179183.38125739104, 507436.7886046451], [179698.4882219783, 507373.93710289354], [180238.06390953308, 507373.31558304944], [180377.06738266314, 507722.5251356837], [180486.61581313258, 507764.83640921046], [180440.6534684115, 507940.5442589442], [180577.88290370593, 507913.3966779212], [180640.7817756631, 507952.7073928922], [180695.19198847108, 507909.6285077431], [180744.20143682297, 507917.7892367208], [180765.48176363227, 507883.8698995962], [180809.78156460347, 507875.47059926845], [180868.62003395802, 507945.33098359255], [180873.35946212223, 507977.8907698781], [180926.2083850431, 508026.4712473451], [180933.66717177207, 508097.93081548973], [180973.5156043969, 508170.28094318626], [181012.95503927994, 508190.0513261058], [181015.72249393794, 508352.17011553235], [180805.9122078282, 508471.87586676935], [180780.7813372119, 508542.08487109403], [180924.2016254407, 508449.3578200778], [181188.39155764115, 508326.30296309], [181240.33105362905, 508331.72375228605], [181773.2535196656, 509177.3254715921], [181773.11640402197, 509633.10195837065], [181408.9362346217, 509826.75456108135], [181452.00531050845, 509861.4849898266], [181473.53518243638, 509857.7453346974], [181496.93592505172, 509801.49614612537], [181850.78486053232, 509689.2326393857], [181929.4420762754, 509826.7628528287], [181892.97036451657, 509955.08119985904], [181820.02976596207, 510027.1495288422], [181742.24759524627, 510204.0069558337], [181698.66703263653, 510261.28571392916], [181711.6568414919, 510267.6559692524], [181743.9872555222, 510228.276702163], [181798.37885457568, 510094.3586115115], [181856.3771331302, 510183.34875941207]]]}}, {"type": "Feature", "properties": {"rule": "mudflat_perimeter", "coast_clear_m": 30.0, "inset_ratio": 0.1, "site": "jebu"}, "geometry": {"type": "Polygon", "coordinates": [[[172151.2451944339, 491967.81270809984], [172128.37467973953, 492041.83972655], [172148.61907551676, 492092.7702634888], [172177.09325048217, 492100.08818409615], [172335.7293630696, 491980.9407149921], [172346.14750088955, 491945.1558948996], [172334.07499633858, 491908.94536745606], [172302.00019609125, 491890.9727097932], [172151.2451944339, 491967.81270809984]]]}}, {"type": "Feature", "properties": {"rule": "mudflat_perimeter", "coast_clear_m": 30.0, "inset_ratio": 0.1, "site": "jebu"}, "geometry": {"type": "Polygon", "coordinates": [[[172463.19296967416, 488965.6379812422], [172424.98096648604, 489013.5740776239], [172414.25000211853, 488967.0830383041], [172376.59911876763, 488975.854804464], [172364.93303589028, 489018.08705187665], [172388.31305085748, 489058.4574149791], [172431.81115487154, 489070.4108042254], [172471.1312944422, 489048.41060611], [172484.74462991196, 489005.54465171194], [172463.19296967416, 488965.6379812422]]]}}, {"type": "Feature", "properties": {"rule": "mudflat_perimeter", "coast_clear_m": 30.0, "inset_ratio": 0.1, "site": "jebu"}, "geometry": {"type": "Polygon", "coordinates": [[[172481.5426505484, 528321.9670609743], [172403.37452712294, 528403.7176864083], [172389.54304024985, 528450.0966854441], [172408.11587796066, 528525.8337237487], [172445.10452638115, 528559.3666581422], [172558.03998545554, 528544.1383651692], [172648.47435316225, 528464.6075950606], [172645.55945352998, 528404.9555338024], [172582.85845740745, 528332.8466459772], [172481.5426505484, 528321.9670609743]]]}}, {"type": "Feature", "properties": {"rule": "mudflat_perimeter", "coast_clear_m": 30.0, "inset_ratio": 0.1, "site": "jebu"}, "geometry": {"type": "Polygon", "coordinates": [[[173658.03829443024, 498442.06196263566], [173573.6686294507, 498381.3172235944], [173459.3638195413, 498394.5788128051], [173406.89357402414, 498453.35310873645], [173403.03618605188, 498543.2540869189], [173438.3289406814, 498593.00407920533], [173486.64048128147, 498616.28642486886], [173621.8688791673, 498604.72973435896], [173695.13526150896, 498541.14549351064], [173658.03829443024, 498442.06196263566]]]}}, {"type": "Feature", "properties": {"rule": "mudflat_perimeter", "coast_clear_m": 30.0, "inset_ratio": 0.1, "site": "jebu"}, "geometry": {"type": "Polygon", "coordinates": [[[173891.48698868262, 499414.51440400985], [173916.88898298529, 499423.7843067403], [173942.98935189645, 499403.53462767066], [173948.1399053599, 499379.70282432705], [173926.67666243433, 499356.6859841142], [173885.40016386833, 499371.92830585584], [173891.48698868262, 499414.51440400985]]]}}, {"type": "Feature", "properties": {"rule": "mudflat_perimeter", "coast_clear_m": 30.0, "inset_ratio": 0.1, "site": "jebu"}, "geometry": {"type": "Polygon", "coordinates": [[[182396.1628037212, 505250.92375695886], [182475.61341911164, 505219.71813638206], [182537.06727675893, 505218.6377675184], [182675.2115562895, 505299.2792839902], [182825.91574597158, 505335.72230142605], [182897.80888169646, 505101.13532817445], [183688.6548266955, 504970.3587801309], [183702.92511580995, 504941.2592318617], [183308.8747053329, 504525.35630895675], [183298.41577020986, 504462.82660212973], [183147.51547389888, 504556.0234946631], [183052.56739275757, 504480.7725675512], [182918.8782614102, 504492.74045740836], [182810.6909023394, 504375.4896513094], [182347.01425308426, 504396.9522350512], [181876.19511137228, 503935.43838928075], [181849.19217961194, 503506.2614019073], [181825.54250838724, 503488.7011705], [181801.02552301312, 503316.3321451253], [181092.90942698717, 503414.7402415494], [181032.3446978115, 503744.3366767962], [180689.58332994708, 504000.8693183594], [180129.4825126215, 503700.57284334465], [180077.55701755933, 503438.23410672473], [179975.55927650293, 503343.2332613128], [179949.7507857492, 503260.2835617232], [179873.3922345513, 503226.30588635313], [179526.63916199916, 503216.01049558265], [179422.8364045129, 503166.0360546401], [179281.650827731, 502955.22546940105], [179062.7264984306, 502696.80398099415], [179033.83828364656, 502599.944368149], [179013.74815921797, 502618.2839158066], [178951.45985291715, 502543.67351518327], [178778.53569929354, 502253.2730819514], [178686.43828995613, 502137.1725969925], [178582.5141126684, 501817.06348158646], [178524.33109235493, 501399.2658561218], [178697.8922045678, 501245.9197772812], [178788.56325544696, 501136.6319955392], [178889.85341042274, 501073.03412717197], [178909.91380363124, 501033.3747789188], [178999.0442884648, 500958.6467108862], [179045.87421125986, 500939.99755211873], [179086.1353106323, 500849.2089674995], [179156.32541943906, 500813.0004092039], [179151.51749777078, 500680.33135078935], [179237.7686227977, 500566.9736046877], [179403.228359174, 500497.74668523174], [179435.4879210166, 500505.8371289439], [179518.38609798785, 500587.6477375777], [179548.63592405693, 500577.2883343781], [179560.69684381445, 500516.998972309], [179598.88723205135, 500470.68005065736], [179607.91932720758, 500335.39110258047], [179633.99972634396, 500291.6820003837], [179628.79032449916, 500259.60390520364], [179601.6408824715, 500238.3918420478], [179565.90361340085, 500080.7725017448], [179501.68589905728, 499965.3724051896], [179481.7083372547, 499824.2932925181], [179396.85302951356, 499563.90392351174], [179347.473711344, 499541.3634318829], [179297.0737073137, 499568.94225953973], [179243.815269888, 499499.59208873735], [179245.1468450133, 499395.27292925725], [179295.1868462372, 499367.36387838406], [179291.20880726492, 499246.02473301126], [179318.3404702603, 499128.67612909095], [179284.6122107913, 499036.54627788113], [179291.80335524678, 498954.35715980805], [179260.4249149096, 498874.01720506046], [179173.13501157923, 498912.5055891712], [179073.0400150829, 498643.57609277894], [179094.04019207682, 498618.33661534614], [179167.42933060194, 498638.53760193], [179175.08213972938, 498455.66909880977], [179130.5631625623, 498413.64879781404], [179094.13534718598, 498291.3692382155], [179085.88835839264, 498096.58064235083], [179110.25898170646, 498048.94126823486], [179037.94033583917, 497996.4006065662], [178996.08032393348, 498018.59975832375], [178946.55217650245, 497921.6597125142], [178977.7423540175, 497898.38053928385], [178964.91327482532, 497842.6906498479], [179011.05376153628, 497794.4617646382], [179012.0061197749, 497645.7829779264], [179051.2465522799, 497597.0439019248], [179036.61781617548, 497517.56432683213], [178982.1382571925, 497520.43354310934], [178951.32047887746, 497393.74392961763], [178977.78229036648, 497264.46542248206], [179011.65270409946, 497222.9762476557], [178999.20460208808, 497100.96696291794], [179071.784110252, 497102.08807277307], [179105.4849549863, 497032.6092341727], [179157.77452683693, 497033.5600720293], [179116.0449565943, 497022.44944391603], [179083.64504424768, 497034.94883646455], [179056.09576247534, 496998.9687662545], [179076.67843694502, 496826.1303476416], [179055.99912233377, 496786.45035495225], [179061.11099236406, 496663.49136315525], [178811.14427427854, 496581.43814037665], [178814.82468584747, 496551.58845973865], [178935.28160175713, 496051.09417957015], [179198.29812882133, 496138.78765135014], [179236.887374374, 496171.55797195947], [179381.14644228472, 496156.7903710187], [179503.1153589313, 496171.6522392601], [179526.66394959312, 496245.6820328232], [179565.91331136768, 496266.00236993446], [179535.99314655844, 496293.2517489329], [179578.3326865575, 496306.8122552328], [179668.79228696198, 496280.3038721477], [179568.2269118438, 496054.67685305286], [179527.21938857407, 495772.3443033288], [179679.46098663285, 495655.23541934806], [179749.02328440777, 495633.12401803245], [179792.88188303917, 495538.3261765839], [180067.11576290784, 495534.5416207459], [180073.91291648368, 495510.9069658733], [180060.24671382245, 495493.9548862538], [179914.86626037213, 495497.40074801876], [179816.43142742204, 495462.2045183021], [179745.33306959123, 495460.70948804263], [179712.04246177222, 495574.8327853652], [179679.95804380107, 495602.6099066234], [179635.54152206203, 495607.9759617513], [179567.6929176278, 495674.2237748018], [179056.03386655517, 495526.0816363342], [179091.39574199688, 495294.1303143499], [179000.13839723155, 495497.47049023205], [178383.36694068369, 495254.85388898884], [178388.24981332783, 495215.93702199415], [177296.3139396257, 496268.9572507103], [177336.57544356122, 496286.2393660923], [177377.26492699466, 496269.9904846185], [178371.40530574654, 495311.6640090829], [179006.3063390449, 495554.3660478879], [179034.7911241496, 495579.23999277275], [179506.62769472093, 495716.0274260654], [179475.41798544192, 495747.97876213427], [179466.6220741524, 495798.4551426201], [179512.54006353213, 496067.9448555126], [179546.43734159553, 496134.3240192502], [179384.87905600164, 496099.66653572203], [179252.19434153652, 496115.55292185367], [179224.04026581277, 496087.65637572284], [179106.5775573323, 496041.8511909953], [178945.9993289355, 495994.86077945697], [178907.9572699135, 496000.7906423838], [178880.41441503813, 496034.76455049595], [178752.00861639672, 496579.57797532005], [178788.34526242423, 496633.94785397925], [179003.4169265385, 496702.05687574897], [178999.39085514317, 496794.96910191636], [179017.83651891805, 496838.7416484172], [178996.9456504512, 496957.48250575346], [179008.56136554974, 497033.15568156604], [178944.9066406541, 497082.8342204812], [178948.65370674257, 497209.624232088], [178912.32665760274, 497279.9742276163], [178894.19047311475, 497390.1069795612], [178930.58150270185, 497545.31257103547], [178988.08265897882, 497580.9796455408], [178956.12834334283, 497633.3435621375], [178955.40156724583, 497765.15059701615], [178912.22882276162, 497820.29838611896], [178889.63991470102, 497927.8289442984], [178948.69716853288, 498053.3994291368], [178990.46450510822, 498075.5692900322], [179035.86317340183, 498065.94443448575], [179044.6058085707, 498350.1281726809], [179110.31038928847, 498477.7588538503], [179110.215021628, 498562.93149196595], [179053.7524576448, 498572.0809694741], [179016.17920045348, 498627.39971620735], [179056.17044666427, 498783.3102523936], [179132.49026340555, 498952.8177388293], [179166.97253651242, 498969.4185829882], [179231.2900919182, 498961.01110324473], [179227.91993591233, 499044.4867396566], [179260.88532161553, 499126.8186951322], [179231.41823786573, 499330.5595656128], [179186.7066391355, 499393.09191444877], [179188.1184335667, 499512.81810053077], [179266.96634820377, 499617.6311894067], [179305.23285495126, 499625.6034744401], [179346.49506574593, 499607.6326891728], [179361.04984006807, 499628.59019947407], [179367.75292706076, 499696.3360972382], [179426.10759242473, 499839.78658415074], [179446.8991030602, 499981.96975282516], [179510.60273264768, 500097.7921310101], [179563.8412656248, 500287.30218363454], [179542.209462771, 500442.9978901025], [179505.0040792525, 500503.45265404566], [179457.16021364968, 500451.4007754483], [179397.34921623496, 500440.80372568045], [179201.16339667118, 500522.96085216774], [179099.25072418188, 500656.98077600484], [179096.07027945056, 500779.4681622187], [179034.30755651204, 500820.69814696396], [179001.53770373223, 500892.0239776904], [178746.6556160707, 501097.30328535364], [178655.1902547339, 501207.6373049823], [178481.10653132122, 501360.76265697717], [178451.25853694734, 501306.0920934861], [178373.3456854596, 501271.56045989855], [178302.0838416142, 501270.0699420077], [178253.10822320494, 501308.7597007244], [178251.5090768459, 501362.32854261965], [178307.78112037605, 501439.5695475238], [178388.34453402963, 501474.32505657827], [178465.5385175556, 501461.8688811825], [178526.8233959605, 501830.3152375728], [178640.95804680084, 502174.5212443041], [178730.73822526864, 502284.78248415404], [178903.9535907803, 502575.61439842003], [179117.38517348238, 502865.0605438837], [179232.3427128871, 502985.0400119374], [179365.68562532496, 503190.91757963144], [179514.10921846484, 503271.8680418874], [179890.55381284494, 503296.5040531366], [179930.85727635992, 503378.9935206432], [180025.31705754402, 503468.4492260847], [180074.64671566186, 503717.00757291226], [180102.49193572716, 503751.0562438152], [180658.4000047348, 504049.994685553], [180703.52618155722, 504056.39104251435], [180776.42856032026, 504021.3161799693], [181079.72425929396, 503776.465201784], [181141.15315532262, 503465.6659625257], [181751.25066364973, 503380.7173149728], [181770.06052771362, 503502.801340169], [181794.78762700493, 503544.0695491447], [181806.03404237633, 503883.27334779885], [181826.37645064248, 503963.63707732206], [182310.6039248278, 504441.12635598663], [182402.03516196032, 504459.99119122303], [182791.3945747918, 504434.52947250113], [182895.21576826816, 504544.86675962195], [182953.1725754095, 504554.37844036665], [183031.0326170541, 504538.03604611836], [183091.45109339553, 504594.0243600212], [183140.57478016388, 504612.8468326031], [183259.47544227683, 504554.36458058347], [183609.3723087175, 504925.1070006754], [182874.76137394554, 505048.7342084285], [182828.78644001705, 505104.5452663725], [182828.9652219743, 505156.4549657566], [182786.99221726775, 505270.15657648], [182698.6027157133, 505246.61851414986], [182590.012162726, 505173.58949087467], [182514.1727375842, 505159.30585245416], [182429.42828512873, 505172.51189840114], [182356.47559653298, 505209.6685688032], [182314.6071697203, 505279.21507790266], [182306.3462223667, 505344.5928140061], [182167.04792951638, 505290.7900050362], [181909.8704212139, 505326.1256593871], [181828.02132845964, 505253.14456782385], [181666.52637569865, 505189.0245125203], [181557.01377090105, 505116.79387047776], [181430.24302581622, 505124.17880186293], [181323.3503937029, 505108.1464989189], [181156.64538818368, 505129.91515526973], [180935.70650628686, 505065.2224324356], [180464.30487372132, 505018.52588484116], [180024.8043240195, 504885.56467049546], [179918.1695792194, 504806.28431687417], [179854.57919495643, 504782.8762670352], [179672.84916969648, 504779.64797975676], [179434.05581049685, 504571.2850177668], [179255.09420536328, 504511.7075300348], [179216.40686856557, 504516.4499386105], [179022.36622832998, 504622.558469583], [178879.89418409386, 504649.4548439822], [178682.94062594144, 504613.6184292372], [178327.83093802, 504399.9681850707], [178212.1406518763, 504208.8729785528], [178066.72162070253, 504080.1062803358], [177849.2292202726, 504020.2441955834], [177577.13938931053, 504017.1284544174], [177512.72872107645, 503951.7853123819], [177492.85078122444, 503895.13747206936], [177437.97824523668, 503828.06798500405], [177330.4576551668, 503782.8743355784], [177286.8691889335, 503779.8792625546], [177090.27360510844, 503836.32442123437], [177013.04823246205, 503804.28753080976], [176962.86210544893, 503680.1223978285], [176901.12136410145, 503601.07912797213], [176794.63380316246, 503519.6851157772], [176720.8813741167, 503399.33095112554], [176589.50223855005, 503286.01005440747], [176400.96161229818, 503189.32476647705], [176259.4907666586, 502901.0250058998], [176009.78751319903, 502680.77871367935], [175880.59243607408, 502606.8314670616], [175752.08587028628, 502400.9086355327], [175600.31318552114, 502228.08073303563], [175133.3000797023, 501829.21204792935], [175012.66207892145, 501813.40143549256], [174940.8387197106, 501649.518484939], [174807.55404118783, 501558.2249793228], [174664.24404407744, 501365.03654293297], [174647.75793664297, 501218.93840428814], [174531.02085445556, 501032.5901419563], [174339.1320934398, 500823.17865524703], [174276.43399545472, 500791.65411732753], [174141.83519548082, 500671.1624860806], [174100.45693232463, 500557.4841806785], [174023.29021845278, 500441.44824740937], [174071.75671244206, 500199.7385134783], [173988.54817670528, 499915.5685907526], [173985.4994192584, 499787.2009751868], [174015.44666010057, 499697.8638294894], [174154.39942244109, 499603.78151687473], [174213.3318113549, 499527.7593812769], [174223.1996228733, 499473.3871655397], [174154.75699001018, 499344.11751008115], [174166.0160455313, 499327.9957243779], [174113.14735377967, 499380.08996930305], [174149.39044791381, 499435.3194173228], [174159.84416787504, 499507.35994601186], [174114.07106341253, 499563.15285184345], [173973.5755360743, 499658.7065902771], [173931.5208771351, 499759.08263824746], [173931.83447063042, 499933.4836482568], [174014.6848008039, 500204.1951788377], [173969.93292169223, 500464.21975468827], [174049.94292932816, 500584.41744014394], [174096.63487262925, 500708.03912853374], [174239.07062448215, 500836.1770803669], [174299.06830983682, 500864.06824081077], [174485.86366912234, 501067.7738537693], [174595.37923878143, 501242.03682359535], [174613.5260882377, 501392.12363963446], [174771.52909668683, 501603.97471591714], [174895.01821734215, 501683.8338827491], [174971.27782696567, 501855.95956159354], [175100.03133109794, 501875.7980472259], [175559.17303348472, 502267.887175411], [175704.8337212908, 502433.22425682447], [175841.4231604101, 502649.37648277974], [175975.62331584946, 502726.71206304146], [176214.8819443853, 502936.9014318582], [176361.79061070684, 503232.9066359224], [176557.60131464887, 503333.5431588549], [176679.98110827772, 503439.3838314022], [176751.74868707688, 503557.6601301993], [176861.3247410526, 503642.228778737], [176915.52718511125, 503712.316656335], [176947.83540649794, 503815.0725419221], [176994.6332307341, 503859.8140034494], [177094.68256390703, 503893.67565354763], [177315.25686793815, 503838.06492383213], [177400.08986448028, 503870.98110150493], [177465.29030278887, 503984.99398493796], [177545.38172931687, 504069.22313974844], [177630.06426840008, 504086.4779363621], [177842.33652773366, 504077.0733760607], [178040.52301221737, 504131.0051789251], [178166.7882851099, 504243.8047376389], [178294.56530747237, 504448.02323507395], [178716.01004746967, 504686.18336288055], [178840.6537508244, 504709.8125633735], [179015.0496782651, 504683.2330262982], [179242.29969579598, 504567.5050702054], [179403.44163456874, 504619.65688145225], [179533.39373434946, 504722.15871264576], [179612.60883768328, 504811.8398074887], [179660.76561274758, 504835.85769483587], [179836.88413172256, 504837.31843544636], [180008.54237510692, 504940.69926048105], [180455.3350371457, 505075.13148784044], [180929.47458101358, 505122.12786338513], [181152.91906518722, 505187.0949940706], [181327.18548783378, 505165.26354556147], [181426.5169772702, 505181.35865098506], [181545.47106244674, 505172.86374514946], [181647.70276623318, 505243.7779898538], [181822.31134523056, 505316.9676723773], [181881.36044093047, 505387.722306381], [182197.0164334705, 505352.8680030797], [182290.91395767828, 505405.8542748733], [182358.32857678036, 505506.7897976342], [182475.293722678, 505564.88801412174], [182504.19602384602, 505541.18099619367], [182508.9898051438, 505505.7220144337], [182395.0222853324, 505414.7991389226], [182360.47849002676, 505325.8862340346], [182396.1628037212, 505250.92375695886]]]}}, {"type": "Feature", "properties": {"rule": "mudflat_perimeter", "coast_clear_m": 30.0, "inset_ratio": 0.1, "site": "jebu"}, "geometry": {"type": "Polygon", "coordinates": [[[174150.7519346358, 501299.1198858301], [174184.71795991663, 501334.63580521505], [174233.79419139773, 501323.90225147357], [174253.64391464202, 501282.5340855322], [174241.1988305818, 501241.2675661392], [174210.8931573023, 501225.94020953955], [174173.4282494684, 501234.464988081], [174150.1976105506, 501263.10405670723], [174150.7519346358, 501299.1198858301]]]}}, {"type": "Feature", "properties": {"rule": "mudflat_perimeter", "coast_clear_m": 30.0, "inset_ratio": 0.1, "site": "jebu"}, "geometry": {"type": "Polygon", "coordinates": [[[174861.5252925148, 494908.22735835554], [174838.51014217056, 494813.6624888396], [174755.4437447941, 494775.3522377044], [174693.44662424704, 494786.3617384138], [174644.08328954646, 494823.68557477434], [174610.92826994634, 494903.1670201772], [174643.73208006503, 494989.126688171], [174721.00091352005, 495024.9031238386], [174801.21467936476, 495002.0781042916], [174861.5252925148, 494908.22735835554]]]}}, {"type": "Feature", "properties": {"rule": "mudflat_perimeter", "coast_clear_m": 30.0, "inset_ratio": 0.1, "site": "jebu"}, "geometry": {"type": "Polygon", "coordinates": [[[175008.91307249214, 530414.5890747961], [174986.71739464748, 530452.3648884372], [174997.73421432092, 530494.7711367446], [175046.82832455556, 530548.5567511088], [175105.35255299063, 530542.2758950002], [175008.91307249214, 530414.5890747961]]]}}, {"type": "Feature", "properties": {"rule": "mudflat_perimeter", "coast_clear_m": 30.0, "inset_ratio": 0.1, "site": "jebu"}, "geometry": {"type": "Polygon", "coordinates": [[[175773.49365980327, 490813.2909131661], [175767.47518217156, 490766.90897173586], [175800.4738560918, 490670.09084903786], [175877.70039732527, 490543.69826620683], [176001.26372163158, 490493.03781306866], [176019.3948639161, 490454.16411807673], [176015.50717078557, 490385.57419238857], [175935.63246384912, 490321.1387176675], [175808.2497457375, 490299.96056016797], [175674.74806638042, 490315.6582514099], [175580.93752347748, 490382.211126713], [175556.01634184364, 490295.16177936544], [175624.73007829252, 490232.64466328936], [175626.26672839216, 490088.3632997693], [175580.45315852063, 490066.39844778075], [175401.63126855367, 490069.01773316856], [175360.9272245286, 490105.29192674876], [175334.1967630411, 490236.6206465984], [175435.6736985593, 490286.6329909247], [175404.32802926074, 490384.73603497574], [175480.85496624038, 490418.0973302657], [175554.51437800267, 490425.4657452372], [175562.46151333716, 490462.5666365818], [175556.5364834823, 490491.69568287674], [175482.13130753484, 490547.38920993224], [175399.35150153982, 490557.6514767697], [175327.74608235832, 490606.9029584676], [175300.57313948133, 490632.835143482], [175295.3839568571, 490689.23262612947], [175319.73749517172, 490710.8405633032], [175420.4022940091, 490696.67222895037], [175489.09480429153, 490786.0632187809], [175591.8014184651, 490875.23119275447], [175690.32227769034, 490834.74926482904], [175748.91830861336, 490842.027965899], [175773.49365980327, 490813.2909131661]]]}}, {"type": "Feature", "properties": {"rule": "mudflat_perimeter", "coast_clear_m": 30.0, "inset_ratio": 0.1, "site": "jebu"}, "geometry": {"type": "Polygon", "coordinates": [[[175332.76107400394, 493846.9107836237], [175352.98637983383, 493889.85800323583], [175421.10263979228, 493923.8626519253], [175443.2087189434, 493969.5083800725], [175484.30008217826, 493995.46514909674], [175555.36370260548, 493987.9713340765], [175622.60315583012, 493923.4461807745], [175611.65980740424, 493840.2108978683], [175540.70126010585, 493803.7435276794], [175621.58932689516, 493765.5825297795], [175636.7651974864, 493716.2059598821], [175627.35923039785, 493665.8391669796], [175576.56923631142, 493607.5048766264], [175516.03729683874, 493600.49132435565], [175516.7873165315, 493537.76580006426], [175468.0333510807, 493491.5959805599], [175396.22794854347, 493497.36412393017], [175354.31758248678, 493567.02029653155], [175383.01429941552, 493630.38055294787], [175459.7111731116, 493652.5490327527], [175469.72125177615, 493753.3615044218], [175416.79657882897, 493740.8542069875], [175373.8673032523, 493752.6270267448], [175339.47209807902, 493790.7197470973], [175332.76107400394, 493846.9107836237]]]}}, {"type": "Feature", "properties": {"rule": "mudflat_perimeter", "coast_clear_m": 30.0, "inset_ratio": 0.1, "site": "jebu"}, "geometry": {"type": "Polygon", "coordinates": [[[175709.1205811296, 500533.3818415314], [175770.8538375108, 500530.23133646476], [175830.70224334364, 500482.2696826182], [175845.39431446185, 500419.5820624953], [175803.99986087868, 500346.7776931065], [175704.67508934104, 500330.557008345], [175628.56405873166, 500392.77485419577], [175617.84487497224, 500444.75028280675], [175633.70966544072, 500483.88049973786], [175709.1205811296, 500533.3818415314]]]}}, {"type": "Feature", "properties": {"rule": "mudflat_perimeter", "coast_clear_m": 30.0, "inset_ratio": 0.1, "site": "jebu"}, "geometry": {"type": "Polygon", "coordinates": [[[175768.70127276017, 492926.24847201695], [175728.05619601242, 492953.6531804142], [175714.0200121934, 492987.9532535033], [175754.32916431685, 493081.65756694047], [175827.3345825486, 493149.11848567566], [175913.0700752339, 493144.1139852188], [175952.10146430926, 493099.32754439523], [175974.69383342582, 493023.4723818172], [175958.67899216912, 492953.0049364024], [175876.8108629427, 492913.30649875675], [175768.70127276017, 492926.24847201695]]]}}, {"type": "Feature", "properties": {"rule": "mudflat_perimeter", "coast_clear_m": 30.0, "inset_ratio": 0.1, "site": "jebu"}, "geometry": {"type": "Polygon", "coordinates": [[[175990.14395151509, 494104.93681911996], [176037.40483732315, 494131.1776457654], [176085.3261918335, 494131.32547883235], [176053.8537090681, 494209.06006495375], [176102.25460685504, 494276.59866804286], [176177.88884959123, 494292.5963473112], [176237.95459891486, 494252.88728436345], [176250.12658776902, 494152.64859462925], [176184.8875476011, 494104.345522032], [176232.10582053874, 494027.0741342358], [176224.76630986796, 493983.64732036926], [176194.71680441828, 493951.811838933], [176091.28387110474, 493932.510209626], [176006.1066891848, 493968.4237731825], [175966.10356506982, 494030.44788714475], [175990.14395151509, 494104.93681911996]]]}}, {"type": "Feature", "properties": {"rule": "mudflat_perimeter", "coast_clear_m": 30.0, "inset_ratio": 0.1, "site": "jebu"}, "geometry": {"type": "Polygon", "coordinates": [[[176157.57310116474, 497786.4314860768], [176269.0392369811, 497840.6753817455], [176383.96519821856, 497814.05997226795], [176428.60619849004, 497765.3348275595], [176444.41395960195, 497715.52503486443], [176439.0693209136, 497658.11730526714], [176407.52907827185, 497598.6545233092], [176363.0039774917, 497557.4246882917], [176287.40177336766, 497532.64571146603], [176162.40718633466, 497558.92237382225], [176123.79151271135, 497601.5419672898], [176106.9490364714, 497659.2401785591], [176116.34058650085, 497726.3261054632], [176157.57310116474, 497786.4314860768]]]}}, {"type": "Feature", "properties": {"rule": "mudflat_perimeter", "coast_clear_m": 30.0, "inset_ratio": 0.1, "site": "jebu"}, "geometry": {"type": "Polygon", "coordinates": [[[176167.5821758874, 492899.53396479983], [176256.20853453802, 493024.8644496296], [176319.19488882893, 493044.7638527974], [176375.55334773188, 493024.07144482195], [176406.7907912019, 492962.28367839655], [176396.14454643292, 492904.9798848491], [176351.9384451269, 492838.91675229755], [176261.80261765717, 492795.1718507926], [176206.63392275773, 492808.8408839979], [176174.28259850995, 492846.98620015447], [176167.5821758874, 492899.53396479983]]]}}, {"type": "Feature", "properties": {"rule": "mudflat_perimeter", "coast_clear_m": 30.0, "inset_ratio": 0.1, "site": "jebu"}, "geometry": {"type": "Polygon", "coordinates": [[[176178.75595444243, 497312.70509008865], [176203.53004689125, 497287.7990326878], [176197.9725919173, 497259.6703641392], [176173.61856952426, 497292.8501893573], [176178.75595444243, 497312.70509008865]]]}}, {"type": "Feature", "properties": {"rule": "mudflat_perimeter", "coast_clear_m": 30.0, "inset_ratio": 0.1, "site": "jebu"}, "geometry": {"type": "Polygon", "coordinates": [[[176187.19058916427, 497350.1243960324], [176254.52157911, 497360.9919730541], [176354.02327151728, 497267.44064123725], [176371.30538689924, 497227.17913730175], [176355.05650542548, 497186.48965386825], [176187.19058916427, 497350.1243960324]]]}}, {"type": "Feature", "properties": {"rule": "mudflat_perimeter", "coast_clear_m": 30.0, "inset_ratio": 0.1, "site": "jebu"}, "geometry": {"type": "Polygon", "coordinates": [[[176468.6979178355, 487843.72544912726], [177149.14342957953, 487666.80170341715], [177176.96280055668, 487667.3857328504], [177253.07055393158, 487721.4902217185], [177366.8393160248, 487707.1268341431], [177384.80331527113, 487678.0629263019], [177351.32818330533, 487645.7936593146], [177354.60832900173, 487614.2334698386], [177544.90528956102, 487535.34369968355], [177605.25012944316, 487612.84064491873], [177621.10739130803, 487615.3381832788], [177680.75956361074, 487582.39069701877], [177613.47805599, 487611.35404285596], [177553.06210785385, 487478.69683185255], [177538.07795949894, 487478.5066296642], [177327.3276648224, 487563.90623738844], [177279.80856865674, 487622.72031074367], [177135.06989759498, 487611.3129598592], [176808.53450716176, 487702.9130817615], [176791.40874051757, 487710.6093320451], [176807.1409846716, 487730.1879918319], [176726.87005198476, 487712.30743731133], [176612.28991983883, 487758.6687412803], [176505.74998914264, 487700.9330074666], [176519.436951684, 487657.5160584248], [176479.97098300274, 487622.40604531317], [176203.72972367622, 487710.5137477721], [176350.34664001546, 487776.0451296957], [176374.4973559063, 487827.0582370695], [176468.6979178355, 487843.72544912726]]]}}, {"type": "Feature", "properties": {"rule": "mudflat_perimeter", "coast_clear_m": 30.0, "inset_ratio": 0.1, "site": "jebu"}, "geometry": {"type": "Polygon", "coordinates": [[[176273.884028177, 497187.91603410954], [176299.83396182943, 497193.06898286985], [176323.88164550863, 497170.11640143365], [176292.83420803264, 497173.2851584846], [176273.884028177, 497187.91603410954]]]}}, {"type": "Feature", "properties": {"rule": "mudflat_perimeter", "coast_clear_m": 30.0, "inset_ratio": 0.1, "site": "jebu"}, "geometry": {"type": "Polygon", "coordinates": [[[176555.29869279228, 493453.21867501613], [176658.45077227402, 493521.5620565691], [176726.3999668003, 493502.8773711141], [176871.4710459237, 493543.1668354015], [176930.9367003143, 493517.7762741212], [176952.91869929692, 493448.81949278177], [177002.7207439061, 493487.1922969063], [177063.22520059353, 493484.5706732], [177096.22607573544, 493456.3556395554], [177110.13261519014, 493411.2634303272], [177069.58655822885, 493308.0446813877], [177092.81889280988, 493258.9643063459], [177089.54725453423, 493216.8846797222], [177028.11383280932, 493167.69083917217], [176936.25257159947, 493150.2851748629], [176879.38126164372, 493162.0356232077], [176703.48638214733, 493277.2948557396], [176674.09179069422, 493337.2252221081], [176617.2911046308, 493320.3244670982], [176560.71986701764, 493339.11249915307], [176532.12132605517, 493394.64868756576], [176555.29869279228, 493453.21867501613]]]}}, {"type": "Feature", "properties": {"rule": "mudflat_perimeter", "coast_clear_m": 30.0, "inset_ratio": 0.1, "site": "jebu"}, "geometry": {"type": "Polygon", "coordinates": [[[176690.76072230557, 532100.6249242215], [176756.52800142585, 532148.8380087852], [177062.5760872118, 531995.5782296717], [177031.9482105419, 531935.2252671863], [177010.03448637578, 531910.4812548099], [176987.4181767355, 531969.1422854791], [176690.76072230557, 532100.6249242215]]]}}, {"type": "Feature", "properties": {"rule": "mudflat_perimeter", "coast_clear_m": 30.0, "inset_ratio": 0.1, "site": "jebu"}, "geometry": {"type": "Polygon", "coordinates": [[[177028.54679994314, 490527.8712332726], [176849.35731572766, 490564.11154584517], [176702.08134433953, 490664.9051433608], [176696.22197216112, 490690.16005994746], [176773.1106309377, 490770.2849476626], [176922.8602132603, 490741.4273456627], [177025.74818141008, 490661.0787570157], [177058.57595270535, 490580.2115098026], [177052.1718587916, 490544.3695192228], [177028.54679994314, 490527.8712332726]]]}}, {"type": "Feature", "properties": {"rule": "mudflat_perimeter", "coast_clear_m": 30.0, "inset_ratio": 0.1, "site": "jebu"}, "geometry": {"type": "Polygon", "coordinates": [[[176874.62817470645, 532839.8160681699], [176796.52239059508, 532801.3255828335], [176782.89455944797, 532722.4472443438], [176744.21052380966, 532748.1921506997], [176738.0344517188, 532808.2693907551], [176774.08250757237, 532858.6238858919], [176842.8633896288, 532869.9931893082], [176874.62817470645, 532839.8160681699]]]}}, {"type": "Feature", "properties": {"rule": "mudflat_perimeter", "coast_clear_m": 30.0, "inset_ratio": 0.1, "site": "jebu"}, "geometry": {"type": "Polygon", "coordinates": [[[176781.46880555732, 533152.6854372317], [176815.29069095108, 533218.2108992898], [176839.17050189275, 533118.2685159073], [176864.73504845123, 533099.8434477895], [176885.89509096113, 533130.4139118635], [176894.9797324691, 533115.5720803491], [176866.61043825015, 533082.1828102651], [176822.94053863513, 533078.6331512894], [176789.5512685511, 533107.0024455085], [176781.46880555732, 533152.6854372317]]]}}, {"type": "Feature", "properties": {"rule": "mudflat_perimeter", "coast_clear_m": 30.0, "inset_ratio": 0.1, "site": "jebu"}, "geometry": {"type": "Polygon", "coordinates": [[[176886.29726480084, 533146.3757644678], [176894.81329687114, 533166.5245956577], [176897.38407541337, 533126.9542712297], [176886.29726480084, 533146.3757644678]]]}}, {"type": "Feature", "properties": {"rule": "mudflat_perimeter", "coast_clear_m": 30.0, "inset_ratio": 0.1, "site": "jebu"}, "geometry": {"type": "Polygon", "coordinates": [[[177142.83999171597, 487466.6239853767], [177119.02609505784, 487447.9750035807], [177141.50912281874, 487395.3241230716], [177121.91012226016, 487366.9461203058], [177010.23799474398, 487329.63002871536], [176919.33300861047, 487347.0989857831], [176893.46569137956, 487433.41102920513], [176932.68698451447, 487430.59197036474], [176964.74733137267, 487392.1845506327], [177005.16118384773, 487386.6598122147], [177076.340172479, 487412.7169075841], [177105.40326542087, 487462.3624749818], [177142.83999171597, 487466.6239853767]]]}}, {"type": "Feature", "properties": {"rule": "mudflat_perimeter", "coast_clear_m": 30.0, "inset_ratio": 0.1, "site": "jebu"}, "geometry": {"type": "Polygon", "coordinates": [[[177066.8752336778, 533338.3738113996], [177103.35880588548, 533189.1802325897], [177055.59204152838, 533208.268736434], [177024.88080486562, 533284.9765205436], [177066.8752336778, 533338.3738113996]]]}}, {"type": "Feature", "properties": {"rule": "mudflat_perimeter", "coast_clear_m": 30.0, "inset_ratio": 0.1, "site": "jebu"}, "geometry": {"type": "Polygon", "coordinates": [[[177547.572064782, 487465.76677228743], [177521.26795253376, 487405.0049954011], [177458.6560938127, 487419.54698357615], [177358.08496744357, 487392.5399934993], [177307.26708850887, 487425.074038369], [177296.97899802963, 487501.02702710766], [177226.82804593834, 487518.6859713779], [177187.94632249145, 487501.6662953828], [177189.1329959518, 487522.7646201685], [177220.13583118413, 487560.6467812185], [177271.77925193505, 487566.6294706575], [177347.56231881122, 487530.5369739643], [177368.77098089867, 487449.28519341256], [177486.69429593612, 487476.76742846426], [177547.572064782, 487465.76677228743]]]}}, {"type": "Feature", "properties": {"rule": "mudflat_perimeter", "coast_clear_m": 30.0, "inset_ratio": 0.1, "site": "jebu"}, "geometry": {"type": "Polygon", "coordinates": [[[177280.94058800343, 496238.84441837866], [178344.29302474088, 495203.3080222878], [178342.70200949113, 495180.3288516421], [177297.3471735339, 496188.00626334135], [177280.94058800343, 496238.84441837866]]]}}, {"type": "Feature", "properties": {"rule": "mudflat_perimeter", "coast_clear_m": 30.0, "inset_ratio": 0.1, "site": "jebu"}, "geometry": {"type": "Polygon", "coordinates": [[[177515.82427331276, 492987.35468621145], [177524.91296654847, 492975.57005541376], [177522.763411297, 492949.72196784697], [177515.82427331276, 492987.35468621145]]]}}, {"type": "Feature", "properties": {"rule": "mudflat_perimeter", "coast_clear_m": 30.0, "inset_ratio": 0.1, "site": "jebu"}, "geometry": {"type": "Polygon", "coordinates": [[[177540.0002208847, 492931.04975033924], [177604.80806165142, 493036.423074967], [177628.01407221408, 493033.9411078182], [177651.76707943575, 493121.38003398344], [177653.4450658102, 492921.3345613743], [177613.58900436116, 492938.75987790455], [177555.3203435264, 492923.63706027716], [177540.0002208847, 492931.04975033924]]]}}, {"type": "Feature", "properties": {"rule": "mudflat_perimeter", "coast_clear_m": 30.0, "inset_ratio": 0.1, "site": "jebu"}, "geometry": {"type": "Polygon", "coordinates": [[[179817.7037207097, 486737.94829274376], [179898.2644292237, 486727.38777038513], [179920.41214881238, 486673.59533246065], [179970.63738879803, 486634.8942751712], [180097.38527153624, 486603.05018843507], [180374.10636734733, 486490.0926371366], [180421.86936707905, 486481.9689800161], [180524.54835002858, 486505.75223001937], [180648.36699125593, 486495.8495123151], [180705.9219341181, 486472.30425637786], [180781.91640869243, 486491.4017620607], [180824.45428260588, 486467.54118597653], [180828.01360117694, 486415.60873303167], [180791.54153784242, 486297.5143558072], [180827.0479792788, 486196.9331146609], [180802.8672048744, 485965.26850709267], [180759.66046384096, 485844.5325442238], [180773.44417225692, 485776.74989908957], [180709.78347160667, 485747.5037266462], [180696.34651574024, 485681.1187849878], [180662.11046345808, 485641.69184926257], [180618.67012544695, 485437.3302109682], [180619.33274066937, 485317.51518093667], [180554.1925305318, 485210.94622551923], [180542.93824423762, 485158.95285025064], [180552.41910404997, 485060.13821830344], [180684.01106985673, 485018.08084284386], [180708.81753936797, 484991.3477288028], [180707.6942648589, 484964.6328996851], [180627.1100912334, 484888.05668768747], [180621.032152466, 484854.12391384126], [180585.3347510875, 484925.58060781914], [180631.22705538545, 484971.30721242464], [180548.88943641252, 485000.0229207577], [180483.4317427637, 485132.43525469], [180485.8686089063, 485163.43857062905], [180502.30464359862, 485235.12704754353], [180562.83112354242, 485329.2282905096], [180562.28993788094, 485447.2468340921], [180607.22962598375, 485657.9755417884], [180644.68554367716, 485709.28301290364], [180661.5567205463, 485778.34599385085], [180712.47216384925, 485808.1726220938], [180702.66789528765, 485849.90954095585], [180746.98145505151, 485977.9670889419], [180768.87717912547, 486194.76387700916], [180735.93344471857, 486320.59563758556], [180770.3863490125, 486433.1829518716], [180700.7680906794, 486415.2910749022], [180525.49366539108, 486448.24817048584], [180415.19397647626, 486425.1138648156], [180229.18398805667, 486486.5439658809], [180121.9410363717, 486240.9350359209], [180086.02206812656, 486228.6360438055], [179141.6230244522, 486633.64400268137], [179128.25612745358, 486657.7880076966], [179017.66100134025, 486708.68699655886], [178942.54303519096, 486718.24310318957], [177558.1579579122, 487311.72908423643], [177569.32720916002, 487362.4540090201], [177548.90203602327, 487426.70594757894], [177564.66005332075, 487464.04535901995], [177592.30332890083, 487447.72582777805], [177626.05990893248, 487346.572033174], [178955.12360460524, 486775.63504519896], [179039.49104677408, 486761.6068801615], [179230.02243623737, 486657.82587548846], [180081.96895387623, 486292.41578320204], [180175.37116824565, 486500.23057153216], [179943.48933272198, 486585.49017271714], [179918.05814427548, 486621.16810518847], [179923.4022218013, 486660.9773830916], [179830.7440880124, 486686.83484260755], [179810.01354659462, 486719.3611955165], [179817.7037207097, 486737.94829274376]]]}}, {"type": "Feature", "properties": {"rule": "mudflat_perimeter", "coast_clear_m": 30.0, "inset_ratio": 0.1, "site": "jebu"}, "geometry": {"type": "Polygon", "coordinates": [[[177817.8591527054, 487455.06351332687], [177927.66640193912, 487405.36248558096], [178041.61474695307, 487392.8779758539], [178129.86363101786, 487310.8449671183], [178207.2152009144, 487275.2143109208], [178356.48373530433, 487229.09165057144], [178507.48023624724, 487219.76010286994], [178962.3106896474, 486982.02636766626], [179163.88450059373, 486917.24897531746], [179254.6305777741, 486906.6523153849], [179477.5294658009, 486812.56834238843], [179582.6893457318, 486790.3635498787], [179547.11662142669, 486756.7359540121], [179463.949112317, 486756.9568421082], [179244.13965679836, 486849.1738732776], [178941.96045287474, 486928.5199864818], [178480.58354779152, 487167.85105962254], [178346.92987802523, 487172.6488585139], [178186.8656158284, 487221.707681883], [178097.20128751043, 487263.8318170349], [178021.38057615331, 487337.8214920296], [177912.54505914001, 487350.15007795265], [177774.53803662266, 487412.11355329456], [177670.02538260567, 487409.40723948454], [177573.8771128243, 487485.5045844767], [177617.6480338055, 487559.40607588604], [177671.25798847573, 487469.706720862], [177817.8591527054, 487455.06351332687]]]}}, {"type": "Feature", "properties": {"rule": "mudflat_perimeter", "coast_clear_m": 30.0, "inset_ratio": 0.1, "site": "jebu"}, "geometry": {"type": "Polygon", "coordinates": [[[177695.03269229355, 487584.01812019525], [177729.92331723636, 487581.73351470346], [177737.23716561263, 487527.38026393624], [177714.45348895533, 487527.4681140857], [177723.97102871994, 487563.78902395366], [177695.03269229355, 487584.01812019525]]]}}, {"type": "Feature", "properties": {"rule": "mudflat_perimeter", "coast_clear_m": 30.0, "inset_ratio": 0.1, "site": "jebu"}, "geometry": {"type": "Polygon", "coordinates": [[[177983.76200492564, 498410.645728222], [177937.8743267063, 498526.5227986725], [177970.92139582007, 498633.46704972826], [178058.47924243737, 498682.9953383587], [178152.46622682578, 498660.0732123735], [178194.4157525951, 498619.0696288024], [178226.04933434704, 498536.2693410815], [178228.82655183118, 498464.0754951075], [178198.68235514316, 498391.60587494954], [178133.08097371896, 498349.819540178], [178087.0312834575, 498345.8796534055], [178040.84276556235, 498360.1768200829], [177983.76200492564, 498410.645728222]]]}}, {"type": "Feature", "properties": {"rule": "mudflat_perimeter", "coast_clear_m": 30.0, "inset_ratio": 0.1, "site": "jebu"}, "geometry": {"type": "Polygon", "coordinates": [[[178370.2858063712, 497672.8285664594], [178341.51699002917, 497719.4489528553], [178339.67899715505, 497779.7989461773], [178363.20020548537, 497825.84642003704], [178412.91971626322, 497858.8497421226], [178546.05528404037, 497854.8060417296], [178594.81739668877, 497825.41399433237], [178624.6607531658, 497777.7630693853], [178621.68342057342, 497688.43888121366], [178563.1898368286, 497628.5190967847], [178477.90495874846, 497618.8753224108], [178370.2858063712, 497672.8285664594]]]}}, {"type": "Feature", "properties": {"rule": "mudflat_perimeter", "coast_clear_m": 30.0, "inset_ratio": 0.1, "site": "jebu"}, "geometry": {"type": "Polygon", "coordinates": [[[179593.6989011004, 489959.92433006584], [179575.56137733153, 490068.6752549312], [179611.9468824954, 490201.58715967473], [179592.65024542477, 490298.3180409592], [179616.86351969544, 490357.63079687796], [179663.74647064993, 490382.9590638832], [179889.86232023695, 490310.492775966], [179933.7614942859, 490283.17554695153], [179949.6821717815, 490248.7193910133], [180035.52810891488, 490199.5729302238], [180149.2176294521, 490180.3155508632], [180192.19857743912, 490138.85894620715], [180215.23145481295, 490074.7661327565], [180215.2825514711, 490001.04949582106], [180187.4351698414, 489936.5961392877], [180148.82579311103, 489898.33297968534], [180054.43715270175, 489866.0822733], [179697.56292786385, 489864.1928613677], [179635.43077997194, 489890.9423666127], [179593.6989011004, 489959.92433006584]]]}}, {"type": "Feature", "properties": {"rule": "mudflat_perimeter", "coast_clear_m": 30.0, "inset_ratio": 0.1, "site": "jebu"}, "geometry": {"type": "Polygon", "coordinates": [[[179877.5234092087, 489562.5688204492], [179955.22129178268, 489501.48494938447], [179989.48485237762, 489543.256307855], [180002.0605091088, 489540.90707619704], [180080.00671384018, 489477.0003610569], [180555.32294683333, 489451.6341558139], [180552.22906480546, 489402.2921886155], [180534.3329278325, 489396.5117741199], [180294.86859206486, 489408.1421413954], [180316.06795482239, 489352.8716787492], [180293.7102585074, 489308.9991683091], [180333.7688579604, 489279.20069048705], [180489.97284291216, 489338.85936371185], [180538.7502100753, 489314.98480700026], [180512.78198790373, 489291.13701580587], [180361.51198263973, 489229.16917938564], [180321.55056132548, 489195.4803733715], [180282.980949563, 489252.12840412086], [180244.15812257238, 489275.3928233139], [180238.09587119636, 489268.0642986025], [180351.140946277, 489164.20632872416], [180408.7699709313, 489157.0596707901], [180427.22838396835, 489117.83885168366], [180411.02575960552, 489165.6574779314], [180350.60910956346, 489171.9469840267], [180338.56415517937, 489201.51131959306], [180554.9926130896, 489293.88083697815], [180735.97351061425, 489164.20129607944], [180828.00401589414, 489157.9039286136], [180959.29318956845, 489031.6195645648], [180817.96799855927, 488995.58590727503], [180813.86991503157, 489011.44713477395], [180790.62509301095, 489006.1633493975], [180784.17289420048, 489034.9475770708], [180851.95151968996, 489042.72699361], [180868.74185721113, 489066.5829357392], [180857.61814107245, 489096.1659331331], [180704.57975035196, 489114.8924390855], [180516.43648339808, 489246.95974366297], [180456.7987625304, 489228.9940090756], [180468.31043445994, 489184.1904619284], [180591.64172618915, 489108.9574983778], [180597.775926325, 489081.76989551046], [180564.5390733573, 489045.4890386248], [180570.04555591225, 489026.3362983127], [180659.33299558776, 489055.4652991389], [180683.44237111407, 489026.5144175199], [180680.02450576128, 488990.8596436954], [180697.4580853324, 488983.72464491485], [180780.1414236549, 489033.74486808636], [180789.77297499907, 488990.355052541], [180699.83110568393, 488967.7352153391], [180618.60592314537, 489034.56647908146], [180567.22442670268, 488987.7261739541], [180532.51506373336, 489016.12279711076], [180544.1754718095, 489076.34598372644], [180516.7186200445, 489098.44886396587], [180539.664275795, 489071.8767538335], [180520.77222407007, 489017.611793255], [180555.4563407008, 488995.58388230915], [180637.92176245214, 488921.5353738571], [180698.03134356727, 488942.2117672088], [180774.3831096936, 488861.5941258777], [180701.1442591092, 488956.35071709007], [180954.53768637544, 489020.0486329798], [180941.78208815027, 489006.6390221809], [180959.2804371274, 488973.70162882644], [180920.31559135785, 488952.41936157277], [180962.39359661748, 488851.25946598896], [181016.76921146942, 488868.60316873115], [181038.1415353876, 488829.43490150076], [180908.84761117012, 488727.1991414011], [180897.9296055604, 488738.3580352784], [180926.14584842822, 488746.36861852184], [180937.73533270182, 488782.3668277169], [180848.90780728366, 488951.7754049377], [180769.43360783788, 488970.4841489129], [180765.30312948555, 488938.5336951062], [180813.59917596055, 488867.6473399815], [180801.1640891705, 488838.067459459], [180781.2694966578, 488852.93689052644], [180769.56159009752, 488850.66908886016], [180799.36279329698, 488837.1783751998], [180776.65866832796, 488828.5996193242], [180752.720242515, 488883.0585015454], [180700.60420680782, 488922.0947666982], [180607.49688694865, 488912.82573478343], [180578.15426875761, 488971.1706626284], [180494.18592422843, 489011.7100385771], [180509.70371523654, 489070.9307057838], [180440.58043746516, 489077.5855414707], [180443.85332937597, 489113.1671182376], [180411.1867880089, 489102.2765026974], [180394.4333950946, 489142.50834527647], [180337.90109610747, 489156.69815309026], [180212.4755549614, 489273.98655820027], [180258.85092022983, 489354.6816280844], [180243.11568243036, 489381.79318016826], [180130.10947636355, 489371.6139903268], [180105.71364441136, 489387.5100420303], [180087.5987468517, 489448.4816410667], [180034.31004948076, 489471.92825825734], [179979.0113412295, 489466.0786530522], [179877.5234092087, 489562.5688204492]]]}}, {"type": "Feature", "properties": {"rule": "mudflat_perimeter", "coast_clear_m": 30.0, "inset_ratio": 0.1, "site": "jebu"}, "geometry": {"type": "Polygon", "coordinates": [[[181936.72703425013, 490934.15399168996], [181984.08008789396, 490826.53934487933], [181986.92694049902, 490658.77977030864], [181968.51310207933, 490624.50837514055], [181987.9118990139, 490628.5425433415], [181993.24507654028, 490441.34004549624], [181326.3649997936, 490332.9699966151], [181304.22453313787, 490365.4380056815], [181325.50292101488, 490386.17454543064], [181274.93523501602, 490376.8205279838], [181238.76098824028, 490406.4504398779], [181324.27095943136, 490447.5941915943], [181464.10413574276, 490450.5318414038], [181511.20666896508, 490469.7739146414], [181550.64053714956, 490602.62126029754], [181545.6405701205, 490714.90725799283], [181478.37634309643, 490775.3779070619], [181314.60307355045, 490829.3046526797], [181135.3781697473, 490801.23888771364], [181095.76629462617, 490771.3401173031], [181059.78571057724, 490662.3189505832], [180934.12392027662, 490550.16354552004], [180750.59210395796, 490523.86727886915], [180638.3523138678, 490433.1845252834], [180568.90725924438, 490409.28502097697], [180422.6757715479, 490443.51505342755], [180379.73496936585, 490430.3769058078], [180358.14810567492, 490233.1463758234], [180389.74864621987, 490079.41386255954], [180389.9815855837, 489897.1989428334], [180366.13650717094, 489877.38979121356], [180340.67692493956, 489897.63031712687], [180332.2100279546, 490077.87869116093], [180301.08053907962, 490237.6583384841], [180313.38088443145, 490413.79520147905], [180353.36625498201, 490482.999438896], [180427.82385357676, 490500.5287554261], [180561.96864606356, 490466.3784564149], [180614.18992500918, 490486.0952159549], [180728.32727823165, 490576.6057136159], [180909.7465679309, 490602.2279141247], [181013.9119657651, 490697.1970120809], [181072.37599856604, 490831.3314018467], [181121.85068644193, 490856.86327229074], [181291.84881739685, 490886.820079591], [181501.1550205985, 490827.89644488826], [181595.68868697542, 490742.69666179066], [181606.95737610286, 490592.3509820895], [181549.32575968126, 490427.0917276939], [181934.94512854144, 490490.10193553026], [181934.78705344294, 490587.8599593127], [181858.91811731126, 490560.979064475], [181785.90626134875, 490572.9553400284], [181726.08925712397, 490618.38244046853], [181701.42819629915, 490687.56720040395], [181718.0099617546, 490800.2998220289], [181746.18636393212, 490848.25686643505], [181845.12060832712, 490938.1250641558], [181936.72703425013, 490934.15399168996]]]}}, {"type": "Feature", "properties": {"rule": "mudflat_perimeter", "coast_clear_m": 30.0, "inset_ratio": 0.1, "site": "jebu"}, "geometry": {"type": "Polygon", "coordinates": [[[180571.28839573642, 490106.98073691735], [180651.5274418591, 490182.4264821129], [180772.18399840643, 490228.3556528552], [180539.0924648245, 490020.326242147], [180571.28839573642, 490106.98073691735]]]}}, {"type": "Feature", "properties": {"rule": "mudflat_perimeter", "coast_clear_m": 30.0, "inset_ratio": 0.1, "site": "jebu"}, "geometry": {"type": "Polygon", "coordinates": [[[180634.11781563848, 488932.648794697], [180602.9418805169, 488958.12589808914], [180638.14106097174, 489001.3589154869], [180699.72619372598, 488955.9970418581], [180634.11781563848, 488932.648794697]]]}}, {"type": "Feature", "properties": {"rule": "mudflat_perimeter", "coast_clear_m": 30.0, "inset_ratio": 0.1, "site": "jebu"}, "geometry": {"type": "Polygon", "coordinates": [[[180865.4820402777, 488734.32170296146], [180892.69074127259, 488750.2505139546], [180883.82184973973, 488720.4827852765], [180910.81515243943, 488698.31892873585], [180938.59926913152, 488712.97118983086], [180935.1732658009, 488677.37768723763], [180996.94069225047, 488690.699663608], [181020.95508774693, 488665.05218070565], [180935.30940857547, 488663.1118448173], [180856.28333084416, 488717.77271397464], [180840.89078330624, 488782.03648100514], [180847.42224148652, 488811.9317845277], [180865.4820402777, 488734.32170296146]]]}}, {"type": "Feature", "properties": {"rule": "mudflat_perimeter", "coast_clear_m": 30.0, "inset_ratio": 0.1, "site": "jebu"}, "geometry": {"type": "Polygon", "coordinates": [[[180893.17797474793, 488815.49851365306], [180892.53018261102, 488752.26951497735], [180867.7269572137, 488751.9621879009], [180852.9499083745, 488817.7165356951], [180893.17797474793, 488815.49851365306]]]}}, {"type": "Feature", "properties": {"rule": "mudflat_perimeter", "coast_clear_m": 30.0, "inset_ratio": 0.1, "site": "jebu"}, "geometry": {"type": "Polygon", "coordinates": [[[181085.22393688787, 488694.87107140024], [181105.7990000375, 488704.5709629092], [181177.10436241605, 488571.7894364473], [181081.1904095165, 488502.7155539454], [181076.51351883114, 488542.2548789097], [181101.93255999088, 488556.03299968666], [181109.79382646733, 488593.2032734008], [181057.28608439025, 488584.99019588553], [181050.4610776303, 488593.7699032441], [181046.368878705, 488626.96985903534], [181061.35941722727, 488612.24292632216], [181050.10968118958, 488631.78467218427], [181107.33960924757, 488651.2848041709], [181063.13439628136, 488681.68904592044], [181022.34014993263, 488665.9185713331], [181001.19583694905, 488695.88531364565], [180945.18867259021, 488688.4417434089], [180943.29981310465, 488716.62621384964], [180916.05548923722, 488721.29000419035], [181042.41288303758, 488821.0780452926], [181068.23206664677, 488772.8399108094], [181034.81675894532, 488742.13483475323], [181062.72109495642, 488738.61948115716], [181085.22393688787, 488694.87107140024]]]}}, {"type": "Feature", "properties": {"rule": "mudflat_perimeter", "coast_clear_m": 30.0, "inset_ratio": 0.1, "site": "jebu"}, "geometry": {"type": "Polygon", "coordinates": [[[181054.69345918496, 488557.4017151421], [181085.86312439083, 488467.3237357587], [181046.32606786577, 488496.7320243973], [181029.71663455025, 488551.3284566202], [181054.69345918496, 488557.4017151421]]]}}, {"type": "Feature", "properties": {"rule": "mudflat_perimeter", "coast_clear_m": 30.0, "inset_ratio": 0.1, "site": "jebu"}, "geometry": {"type": "Polygon", "coordinates": [[[181188.490519652, 488497.21200594894], [181276.1140065476, 488440.2505821857], [181266.9653242407, 488395.4668364419], [181236.08697867225, 488397.1157493853], [181211.9058928904, 488435.7988780178], [181157.26145228517, 488438.5398314215], [181102.67261096783, 488499.78554661776], [181180.70792437115, 488565.4970334608], [181202.79899669648, 488525.37520714314], [181188.490519652, 488497.21200594894]]]}}, {"type": "Feature", "properties": {"rule": "mudflat_perimeter", "coast_clear_m": 30.0, "inset_ratio": 0.1, "site": "jebu"}, "geometry": {"type": "Polygon", "coordinates": [[[181154.55040854955, 488431.02372816385], [181203.2946527342, 488434.80150527204], [181234.50747204293, 488388.9290382389], [181301.27069049745, 488375.10070848104], [181339.76870154904, 488403.42585270683], [181397.87022490002, 488381.2931885741], [181498.59856205096, 488377.58588960016], [181531.11691677102, 488345.7442385843], [181610.7500052608, 488338.9077417796], [181648.4846663657, 488364.3530232371], [181674.31747312026, 488360.35895591276], [181586.28834529966, 488325.0448139531], [181422.0836977384, 488376.1045814583], [181284.20153998156, 488350.95599797106], [181132.60288962253, 488419.7514578615], [181131.5238971932, 488463.83054670284], [181154.55040854955, 488431.02372816385]]]}}, {"type": "Feature", "properties": {"rule": "mudflat_perimeter", "coast_clear_m": 30.0, "inset_ratio": 0.1, "site": "jebu"}, "geometry": {"type": "Polygon", "coordinates": [[[181340.8500338844, 488424.0500385046], [181551.55813258438, 488426.8249768042], [181567.52121641714, 488362.70610240084], [181532.1745206113, 488356.50476276595], [181498.85521037658, 488383.19530744513], [181399.24025032987, 488387.7281550813], [181341.192949966, 488409.86020325555], [181303.04272278585, 488383.4866043426], [181273.98723976553, 488393.4808652564], [181292.99297402689, 488445.7861308666], [181340.8500338844, 488424.0500385046]]]}}, {"type": "Feature", "properties": {"rule": "mudflat_perimeter", "coast_clear_m": 30.0, "inset_ratio": 0.1, "site": "jebu"}, "geometry": {"type": "Polygon", "coordinates": [[[181300.81099094555, 490354.71201857156], [181316.4790592781, 490333.5780039224], [181324.85100660782, 490321.79902405833], [181298.875924769, 490318.60749979515], [181300.81099094555, 490354.71201857156]]]}}]}